,Account Name,Count
0,siobhanhaughey01,4
1,yalocaloffgod,2
2,catharina.cheung,2
3,oldhkincolour,2
4,timeoutsg,2
5,sirjoancornella,2
6,kenken.lch,2
7,jynt,2
8,arr.allrightsreserved,2
9,timmy727,2
10,woawgallery,2
11,holyeatshk,2
12,gluestickent,2
13,cathaypacific,2
14,littlethunder,3
15,lielaine,3
16,surrealhk,4
17,vdubl,2
18,hkwalls,3
19,djanguswong,2
20,parentsparents,2
21,keshi,3
22,myvitasoy,2
23,lesliiekwan,4
24,shi_ga,2
25,chuamberr,3
26,kyurindiary,2
27,water_wild_month,5
28,remyzeee,2
29,nakedbibi,2
30,bennyluo,3
31,masiwei1993,2
32,jenaissante,2
33,cantotomando,2
34,newjeans_official,3
35,kennylsong,2
36,smelly.lunchbox,2
37,kikicheungg,2
38,sunk7s,2
39,imjennim,2
40,jasonmkchan,3
41,laufey,2
42,xxxibgdrgn,2
43,do_do_cheng,3
44,daigasikfaan,4
45,jobroseph,5
46,piiatamare,2
47,jasondchen,2
48,victoriazmei,2
49,lilygao1,2
50,suuhleena,4
51,torres_pit,6
52,daddydumpling,6
53,eleungg,3
54,flywithjohnnythai,4
55,vivianjasmineyuu,3
56,outcastsfromthe853,6
57,kebbeth,4
58,canto.britt,5
59,k.hyli,2
60,lexieliu_,2
61,sacheu,3
62,madewithlau,4
63,mizwu,3
64,sheldonhoho,5
65,cantomando,5
66,gareth_tong,3
67,falachenfala,3
68,88rising,2
69,tonyleung_official,2
70,jaychou,2
71,edisonchen,2
72,lalalalisa_m,4
73,iammcjin,2
74,stephenchow,4
75,mreasonchan,2
76,mcheung1201,3
77,jacksonwang852g7,2
78,francine.ng,2
79,doughbroshk,2
80,alissanguyen_,2
81,7hiery,7
82,itsthepeacocks,4
83,willxlin,2
84,zoesungwm,2
85,ponypong,2
86,mrkootattoo,3
87,gwgurlie86,2
88,honganc,3
89,maisyma1999,2
90,jaydenma311,2
91,lucy.is.good,3
92,ashaetc,2
93,casetify_hk,3
94,blondieinchina,2
95,wongrel,2
96,hurtingbombz,3
97,kennyngsk,3
98,raexlaw,4
99,pakhungjai,2
100,anishathai,4
101,emiwong_,2
102,markodea8,2
103,theacole,2
104,harmony_btd,2
105,laparasian,2
106,dest.okay,2
107,derek_tch,2
108,dr.candiselin,2
109,no7,3
110,starbuckshk,2
111,lavonnli,2
112,joannejosephinerhodes,3
113,ghlchan,2
114,tatlerhongkong,2
115,thehkobserver,2
116,always.elin,2
117,madebyrumah,2
118,timeouthk,2
119,rozmuhree,3
120,discoverhongkong,5
121,nelson_yong,3
122,khengchan_,2
123,nom_life,3
124,sharonchanmanchi,2
125,dimsimlim,2
126,elleme,2
127,ikeahongkong,3
128,joleenchy,2
129,jameswnc,6
130,tinawzq,3
131,kayla.lau,2
132,scaredieme,2
133,wysminnie,3
134,maylee_hk,2
135,jazziesillona,4
136,ersousaskl,3
137,ashley_ellabel,2
138,itsjustasha,2
139,cassandra.chiu,3
140,sarahvee.asia,3
141,mcdonaldshk,2
142,indulgenteats,2
143,benefitcosmeticshk,2
144,xoy,2
145,ricefam.official,2
146,stxph.h,4
147,ilikefishballs,3
148,sketchykarr,3
149,uyenninh,2
150,hongkong.explore,2
151,explore_hongkong,2
152,taytay_xx,2
153,sephorahk,2
154,hannavanharanta,3
155,maxwellwoolf,2
156,debra.yip,2
157,iamkareno,2
158,hugo_chui,2
159,sunday.son,2
160,jorgekento,2
161,clowcock_art,2
162,walaagwa,2
163,ceri_payne,2
164,jessyknighty,2
165,emmmaburns_,2
166,mads.hk,2
167,utahlee,3
168,asiayachtlife,2
169,carminola,2
170,georgiakategordon,3
171,stephaniethr_,2
172,myrooftopisgreen,2
173,peninsulahongkong,2
174,vanesamimiwong,2
175,holefoodshongkong,2
176,jlouofficial,5
177,hashtag_legend,2
178,yumiowin,2
179,itspapa_j,2
180,itsmamaa_j,2
181,jloulovers_canada,2
182,lisamarie_tse,3
183,subtleasiantraits,2
184,asiansneverdie,5
185,veeceecheng,2
186,samishome,2
187,scmpnews,2
188,mollymae,2
189,memes.hk,3
190,sum.bean,2
191,elliott_yip,2
192,sassyhongkong,2
193,blacksheeprestaurants,2
194,danbarwell,3
195,vivien_li_,2
196,fuckjerry,3
197,hkmehmeh,2
198,yangalex1081,2
199,nathalieroschmann,2
200,wenfayee,2
201,zoecookiee,2
202,sarcasm_only,2
203,9gag,5
204,kimkardashian,3
205,kyliejenner,3
206,kellymackenziee,2
207,annasmythie,2
208,jamielees,2
209,lorraine_chew,2
210,georginacameron,2
211,georgie_cairns,2
212,misssteph_eatdrinkplay,2
213,comeonjames1,2
214,andrewjfung,4
215,megantanhweewen,2
216,sparklecakerie,2
217,jimmyoyang,4
218,on,2
219,houseofchen,2
220,carlhoudee,2
221,lukaschiang,2
222,wong_kar_wai,3
223,theschoolofhardknockz,2
224,andy.and.michelle,2
225,funo729,2
226,itsryanto,2
227,tinhua__,2
228,lyanna_kea,3
229,sherrybyw,2
230,chinghim.ng,2
231,ellensu.tv,2
232,karl_shakur,2
233,chaumeleon,2
234,lohdown,2
235,soimjenn,2
236,subtleasian.baking,2
237,ingatylam,3
238,itsceliaau,2
239,cantodulin,4
240,edwardkso,2
241,ronnychieng,5
242,eric_flowerboy,2
243,timchantarangsu,3
244,davidsocomedy,3
245,newyorknico,2
246,bretmanrock,4
247,rinidawg,2
248,conscious_cooking,2
249,alexdwong,2
250,wheresjohngone,2
251,bigdaddyglam,2
252,jeccachantilly,2
253,kieranho,2
254,djghostbear,2
255,69ranch,3
256,hansumlum,2
257,ryanalexh,2
258,mreddiehuang,2
259,arrdawg,2
260,pixofnix,2
261,ajrafael,2
262,hateisavirus,2
263,harrietlam,2
264,88tumble,3
265,kiirstinleigh,2
266,kevinkwanbooks,2
267,rosskurtle,2
268,johnrazalo,2
269,erictway,2
270,a24,2
271,danluzhu,2
272,ccyaa_,2
273,brianimanuel,4
274,michelleyeoh_official,4
275,kaytse,3
276,ivanye,2
277,goldhouseco,2
278,tyreseakf,2
279,wilfcho.pdf,2
280,kaonaaaaaaa,2
281,yukimaryrosel,2
282,pearlrivermart,2
283,thewesleychan,4
284,megannjacques,4
285,kevinlimagic,2
286,yeeitscathy,2
287,kirbylee213,2
288,davidbfung,4
289,hudsonyang,2
290,danakadan,2
291,thestevenhe,3
292,zhong,2
293,jasonylee_,2
294,wongfupro,3
295,rikognition,3
296,kingamanisme,2
297,jackiechan,2
298,jeenie.weenie,3
299,humberto,2
300,hongkongggag,2
301,sdy.cheeks,2
302,duckybokki,2
303,chefboylee,2
304,iiiitography,2
305,nextshark,3
306,thesamlitv,3
307,shrrycola,2
308,jimbaslice,3
309,bensonq,2
310,vivian_but,2
311,momslovegabe,2
312,netflixgolden,3
313,representasianproject,2
314,simuliu,3
315,asianhustlenetwork,2
316,olivia.thai,2
317,itsyoboyivannn,3
318,theoneshu,2
319,foodwithmichel,2
320,laucrystalmomo,2
321,coacheugeneteo,2
322,derekkchen,2
323,aliwong,2
324,awkwafina,2
325,fruitypoppin,3
326,asianandloud,2
327,joejitsukawa,2
328,justkiddingnews,3
329,netflix,3
330,piawurtzbach,2
331,miiasoey,2
332,sheldon_lo,2
333,yoleendadong,2
334,saweetie,2
335,wongfuphil,2
336,bartkwan,2
337,hwuwu,2
338,asianbossgirl,2
339,jiggie_boy,3
340,nushickles,2
341,lindseyhongkong,2
342,mistahislah,2
343,bayarea.foodies,2
344,donaldtong,2
345,youngposthk,2
346,trevorlui,2
347,edwinghui,2
348,bunchofbananaspod,2
349,official_huiyin,2
350,phucmapvlog,2
351,cheronna,2
352,poeticcantonese,2
353,chaoshongkong,2
354,fungbros,2
355,scfsaint,3
356,ryanbergara,2
357,adrianneho,2
358,willtenny,2
359,carnabyfairofficial,2
360,laoshu505000,2
361,mrnigelng,2
362,naomiosaka,2
363,roses_are_rosie,2
364,jennierubyjane,3
365,mikexingchen,2
366,damianlillard,2
367,v.ngyn,2
368,elliotchoy,2
369,natgeo,2
370,justinbieber,3
371,bohanphoenix,2
372,saxyphil,2
373,stevenkwlim,2
374,instagram,3
375,ricefeed,2
376,donnieyenofficial,2
377,henrygolding,2
378,gemmachan,2
379,gem0816,2
380,tiktok,2
381,barackobama,3
382,longbeach_griffy,2
383,joonleecomedy,2
384,markphillips,2
385,notryanhiga,2
386,growingupasian__,2
387,kingbach,2
388,youreverydayasian,2
389,esafung,2
390,new_dellily,3
391,atsukocomedy,2
392,chrispolancoofficial,3
393,hk.dict,2
394,justice_kawuma,2
395,fukurou_station,2
396,lingmuk.hk,2
397,k_p0k1,2
398,monkeymonkeymit,2
399,years.hk,2
400,mm.millmilk,3
401,jaedenpodcaster,2
402,f.onleung,2
403,marcheng,2
404,jingwongmusician,2
405,sagethe0thergemini,2
406,chingyanfu,2
407,timeauction,2
408,iam.manson,2
409,joeyful_joey,2
410,me.stillalive,2
411,social.nerd.co,2
412,mr_n_mrs_moon,2
413,artbasel,2
414,coffeenow.today,2
415,slowood.hk,2
416,gwendolyn.spot,3
417,socialmorehk,2
418,k11musea,2
419,designershumor,2
420,thegoodquote,2
421,eaton.hk,2
422,perks.production,2
423,adweek,2
424,ogilvy,2
425,hipdict,2
426,time,2
427,invaderwashere,2
428,gentlemonster,2
429,chrishell.stause,2
430,junheiri,2
431,livenationhk,2
432,atfrenchies,2
433,nomkakaii,2
434,creators,3
435,leonlollipop,2
436,meladdiction,2
437,mayaoo,3
438,voguehongkong,3
439,boeymmee,2
440,thomaebrenners,2
441,yautaitung,2
442,jonjon_jonathannn,2
443,cusonlo,2
444,aliceinthedreamerland,2
445,boris1027_,2
446,rubylaw,2
447,eileengu,2
448,benjamin_museo,2
449,ngaionchi_kathy,2
450,harpersbazaarus,2
451,lilyrose_depp,2
452,missy_rl,2
453,lampson,2
454,moon.cytt,2
455,pinkdothk,2
456,rock.gor,3
457,busybee.hk,2
458,mariohau_,2
459,stephaniehsau,2
460,cheungkalonggggg,2
461,wmhkinternational,2
462,adidasoriginals,2
463,c.705,2
464,jerry_chowson,2
465,zeloswongz,3
466,zenokoo,2
467,khloekardashian,2
468,kourtneykardash,2
469,krisjenner,2
470,fish331,2
471,ladygaga,2
472,louischeung2013,2
473,honeymoon,2
474,bellahadid,2
475,robertwun,2
476,angela.yuen,2
477,taylorswift,2
478,lanecrawford,2
479,mings.hk,2
480,chanelofficial,2
481,lamar_853,2
482,hustledontplay,2
483,itsaudreychow,2
484,mothagency,2
485,sia.jewelry,2
486,davidbeckham,2
487,chimancheung,2
488,annahisbbur,2
489,thoughtwefriends,2
490,yoyokwans,2
491,fungmadeit,2
492,haileybieber,2
493,realcoleworld,2
494,sophysophyw,2
495,thaimay_spicy,2
496,louisvuitton,2
497,gaugaugaupage,2
498,kimono_mom,2
499,cut,2
500,goodkidbadstudent,2
501,tiffanyandco,2
502,tiab97s,2
503,nickiminaj,2
504,fionamcl,2
505,jennaortega,2
506,peternguyen,2
507,kpee,2
508,leomessi,2
509,leeyatding,2
510,lai_kei,2
511,liyoeo,2
512,magicroom.hk,2
513,banksy,2
514,emmachamberlain,2
515,silverstrike_13,2
516,balenciaga,2
517,kayan9896,2
518,21kwanmoon,2
519,abyss.852,2
520,veeeeeeeeeehk,2
521,shanda_dj,2
522,tysonyoshi,2
523,aglkbpm,2
524,kaylaiw,2
525,streetsnap.portrait,2
526,wesleyjamison_,2
527,byejackk,2
528,jacquemus,2
529,jbs8five2,2
530,kendricklamar,2
531,chunchai,2
532,alexademie,2
533,asaprocky,2
534,gucci,2
535,moonstyles_,2
536,_marifemarife_,2
537,smileywor1d,2
538,hoooooyeony,2
539,iamcardib,2
540,kendalljenner,2
541,zendaya,2
542,janice_vidal,2
543,wildwildwes,2
544,younghysan,3
545,djmengzy,2
546,dualipa,2
547,pubity,2
548,billieeilish,2
549,nike,2
550,jacechw,3
551,badgalriri,2
552,karenwsm,2
553,hypebeast,2
554,gigiicheung,2
555,watchyungplay,2
556,mcheah_,2
557,harrisoncheung,2
558,blasiantw,2
559,kevinhart4real,2
