timeouthk,siobhanhaughey01
timeouthk,yalocaloffgod
timeouthk,catharina.cheung
timeouthk,oldhkincolour
timeouthk,timeoutsg
timeouthk,sirjoancornella
timeouthk,kenken.lch
timeouthk,jynt
timeouthk,arr.allrightsreserved
timeouthk,timmy727
timeouthk,woawgallery
timeouthk,holyeatshk
timeouthk,gluestickent
timeouthk,cathaypacific
timeouthk,littlethunder
timeouthk,lielaine
timeouthk,surrealhk
timeouthk,vdubl
timeouthk,hkwalls
timeouthk,djanguswong
timeouthk,parentsparents
cantodulin,keshi
cantodulin,myvitasoy
cantodulin,lesliiekwan
cantodulin,shi_ga
cantodulin,chuamberr
cantodulin,kyurindiary
cantodulin,water_wild_month
cantodulin,remyzeee
cantodulin,nakedbibi
cantodulin,bennyluo
cantodulin,masiwei1993
cantodulin,jenaissante
cantodulin,cantotomando
cantodulin,newjeans_official
cantodulin,kennylsong
cantodulin,smelly.lunchbox
cantodulin,kikicheungg
cantodulin,sunk7s
cantodulin,imjennim
cantodulin,jasonmkchan
cantodulin,laufey
cantodulin,xxxibgdrgn
cantodulin,do_do_cheng
cantodulin,daigasikfaan
cantodulin,jobroseph
cantodulin,piiatamare
cantodulin,jasondchen
cantodulin,victoriazmei
cantodulin,lilygao1
cantodulin,suuhleena
cantodulin,torres_pit
cantodulin,daddydumpling
cantodulin,eleungg
cantodulin,flywithjohnnythai
cantodulin,vivianjasmineyuu
cantodulin,outcastsfromthe853
cantodulin,kebbeth
cantodulin,canto.britt
cantodulin,k.hyli
cantodulin,lexieliu_
cantodulin,sacheu
cantodulin,madewithlau
cantodulin,mizwu
cantodulin,sheldonhoho
cantodulin,cantomando
cantodulin,gareth_tong
cantodulin,falachenfala
cantodulin,88rising
cantodulin,tonyleung_official
cantodulin,jaychou
cantodulin,edisonchen
cantodulin,lalalalisa_m
cantodulin,iammcjin
cantodulin,stephenchow
cantodulin,mreasonchan
cantodulin,mcheung1201
cantodulin,jacksonwang852g7
cantodulin,francine.ng
megannjacques,doughbroshk
megannjacques,alissanguyen_
megannjacques,7hiery
megannjacques,siobhanhaughey01
megannjacques,itsthepeacocks
megannjacques,willxlin
megannjacques,zoesungwm
megannjacques,ponypong
megannjacques,torres_pit
megannjacques,lielaine
megannjacques,mrkootattoo
megannjacques,gwgurlie86
megannjacques,honganc
megannjacques,maisyma1999
megannjacques,jaydenma311
megannjacques,daigasikfaan
megannjacques,lucy.is.good
megannjacques,ashaetc
megannjacques,casetify_hk
megannjacques,blondieinchina
megannjacques,wongrel
megannjacques,hurtingbombz
megannjacques,kennyngsk
megannjacques,raexlaw
megannjacques,pakhungjai
megannjacques,anishathai
megannjacques,emiwong_
megannjacques,markodea8
megannjacques,theacole
megannjacques,harmony_btd
megannjacques,laparasian
megannjacques,dest.okay
megannjacques,derek_tch
megannjacques,dr.candiselin
megannjacques,no7
megannjacques,starbuckshk
megannjacques,lavonnli
megannjacques,catharina.cheung
megannjacques,joannejosephinerhodes
megannjacques,ghlchan
megannjacques,tatlerhongkong
megannjacques,thehkobserver
megannjacques,always.elin
megannjacques,madebyrumah
megannjacques,timeouthk
megannjacques,rozmuhree
megannjacques,discoverhongkong
megannjacques,nelson_yong
megannjacques,khengchan_
megannjacques,nom_life
megannjacques,sharonchanmanchi
megannjacques,dimsimlim
megannjacques,elleme
megannjacques,vivianjasmineyuu
megannjacques,ikeahongkong
megannjacques,joleenchy
megannjacques,jameswnc
megannjacques,tinawzq
megannjacques,kayla.lau
megannjacques,scaredieme
megannjacques,timmy727
megannjacques,wysminnie
megannjacques,maylee_hk
megannjacques,jazziesillona
megannjacques,ersousaskl
megannjacques,ashley_ellabel
megannjacques,daddydumpling
megannjacques,itsjustasha
megannjacques,cassandra.chiu
megannjacques,sarahvee.asia
megannjacques,mcdonaldshk
megannjacques,indulgenteats
megannjacques,benefitcosmeticshk
megannjacques,xoy
megannjacques,ricefam.official
megannjacques,stxph.h
megannjacques,ilikefishballs
megannjacques,sketchykarr
megannjacques,uyenninh
megannjacques,hongkong.explore
megannjacques,explore_hongkong
megannjacques,taytay_xx
megannjacques,sephorahk
megannjacques,hannavanharanta
megannjacques,maxwellwoolf
megannjacques,debra.yip
megannjacques,iamkareno
megannjacques,hugo_chui
megannjacques,sunday.son
megannjacques,jorgekento
megannjacques,clowcock_art
megannjacques,walaagwa
megannjacques,ceri_payne
megannjacques,jessyknighty
megannjacques,emmmaburns_
megannjacques,mads.hk
megannjacques,utahlee
megannjacques,asiayachtlife
megannjacques,carminola
megannjacques,georgiakategordon
megannjacques,stephaniethr_
megannjacques,myrooftopisgreen
megannjacques,peninsulahongkong
megannjacques,imjennim
megannjacques,vanesamimiwong
megannjacques,holefoodshongkong
megannjacques,jlouofficial
megannjacques,hashtag_legend
megannjacques,yumiowin
megannjacques,oldhkincolour
megannjacques,itspapa_j
megannjacques,itsmamaa_j
megannjacques,jloulovers_canada
megannjacques,lisamarie_tse
megannjacques,subtleasiantraits
megannjacques,asiansneverdie
megannjacques,veeceecheng
megannjacques,samishome
megannjacques,scmpnews
megannjacques,mollymae
megannjacques,memes.hk
megannjacques,sum.bean
megannjacques,elliott_yip
megannjacques,sassyhongkong
megannjacques,blacksheeprestaurants
megannjacques,danbarwell
megannjacques,vivien_li_
megannjacques,fuckjerry
megannjacques,hkmehmeh
megannjacques,yangalex1081
megannjacques,nathalieroschmann
megannjacques,wenfayee
megannjacques,zoecookiee
megannjacques,sarcasm_only
megannjacques,9gag
megannjacques,kimkardashian
megannjacques,kyliejenner
megannjacques,kellymackenziee
megannjacques,annasmythie
megannjacques,jamielees
megannjacques,lorraine_chew
megannjacques,georginacameron
megannjacques,georgie_cairns
secondhome.artisland,misssteph_eatdrinkplay
secondhome.artisland,sarahvee.asia
secondhome.artisland,comeonjames1
daddydumpling,hurtingbombz
daddydumpling,andrewjfung
daddydumpling,megantanhweewen
daddydumpling,ilikefishballs
daddydumpling,kennylsong
daddydumpling,sparklecakerie
daddydumpling,smelly.lunchbox
daddydumpling,jimmyoyang
daddydumpling,on
daddydumpling,houseofchen
daddydumpling,carlhoudee
daddydumpling,lukaschiang
daddydumpling,wong_kar_wai
daddydumpling,theschoolofhardknockz
daddydumpling,andy.and.michelle
daddydumpling,funo729
daddydumpling,jasonmkchan
daddydumpling,itsryanto
daddydumpling,tinhua__
daddydumpling,water_wild_month
daddydumpling,lyanna_kea
daddydumpling,sherrybyw
daddydumpling,chinghim.ng
daddydumpling,itsthepeacocks
daddydumpling,ellensu.tv
daddydumpling,7hiery
daddydumpling,karl_shakur
daddydumpling,chaumeleon
daddydumpling,lohdown
daddydumpling,stephenchow
daddydumpling,soimjenn
daddydumpling,victoriazmei
daddydumpling,markodea8
daddydumpling,daigasikfaan
daddydumpling,subtleasian.baking
daddydumpling,ingatylam
daddydumpling,itsceliaau
daddydumpling,cantodulin
daddydumpling,edwardkso
daddydumpling,ronnychieng
daddydumpling,eric_flowerboy
daddydumpling,remyzeee
daddydumpling,danbarwell
daddydumpling,timchantarangsu
daddydumpling,davidsocomedy
daddydumpling,newyorknico
daddydumpling,bretmanrock
daddydumpling,madewithlau
daddydumpling,rinidawg
daddydumpling,conscious_cooking
daddydumpling,alexdwong
daddydumpling,vivianjasmineyuu
daddydumpling,jameswnc
daddydumpling,wheresjohngone
daddydumpling,bigdaddyglam
daddydumpling,sketchykarr
daddydumpling,jeccachantilly
daddydumpling,jazziesillona
daddydumpling,kieranho
daddydumpling,kebbeth
daddydumpling,djghostbear
daddydumpling,69ranch
daddydumpling,hansumlum
daddydumpling,ryanalexh
daddydumpling,mreddiehuang
daddydumpling,arrdawg
daddydumpling,nom_life
daddydumpling,hongkong.explore
daddydumpling,discoverhongkong
daddydumpling,bennyluo
daddydumpling,jlouofficial
daddydumpling,pixofnix
daddydumpling,kayla.lau
daddydumpling,jobroseph
daddydumpling,ajrafael
daddydumpling,hateisavirus
daddydumpling,cassandra.chiu
daddydumpling,outcastsfromthe853
daddydumpling,harrietlam
daddydumpling,88tumble
daddydumpling,kiirstinleigh
daddydumpling,kevinkwanbooks
daddydumpling,lilygao1
daddydumpling,rosskurtle
daddydumpling,johnrazalo
daddydumpling,canto.britt
daddydumpling,erictway
daddydumpling,a24
daddydumpling,danluzhu
daddydumpling,ccyaa_
daddydumpling,brianimanuel
daddydumpling,tonyleung_official
daddydumpling,michelleyeoh_official
daddydumpling,kaytse
daddydumpling,nelson_yong
daddydumpling,ivanye
daddydumpling,goldhouseco
daddydumpling,tyreseakf
daddydumpling,lesliiekwan
daddydumpling,wilfcho.pdf
daddydumpling,rozmuhree
daddydumpling,kaonaaaaaaa
daddydumpling,yukimaryrosel
daddydumpling,pearlrivermart
daddydumpling,thewesleychan
daddydumpling,megannjacques
daddydumpling,kevinlimagic
daddydumpling,yeeitscathy
daddydumpling,kirbylee213
daddydumpling,davidbfung
daddydumpling,hudsonyang
daddydumpling,danakadan
daddydumpling,mizwu
daddydumpling,eleungg
daddydumpling,xoy
daddydumpling,thestevenhe
daddydumpling,zhong
daddydumpling,jasonylee_
daddydumpling,wongfupro
daddydumpling,rikognition
daddydumpling,kingamanisme
daddydumpling,jackiechan
daddydumpling,jeenie.weenie
daddydumpling,humberto
daddydumpling,hongkongggag
daddydumpling,sdy.cheeks
daddydumpling,duckybokki
daddydumpling,sheldonhoho
daddydumpling,cantomando
daddydumpling,chefboylee
daddydumpling,flywithjohnnythai
daddydumpling,francine.ng
daddydumpling,iamkareno
daddydumpling,iiiitography
daddydumpling,nextshark
daddydumpling,thesamlitv
daddydumpling,shrrycola
daddydumpling,suuhleena
daddydumpling,jimbaslice
daddydumpling,bensonq
daddydumpling,vivian_but
daddydumpling,momslovegabe
daddydumpling,kyurindiary
daddydumpling,stxph.h
daddydumpling,netflixgolden
daddydumpling,representasianproject
daddydumpling,simuliu
daddydumpling,asianhustlenetwork
daddydumpling,olivia.thai
daddydumpling,itsyoboyivannn
daddydumpling,theoneshu
daddydumpling,foodwithmichel
daddydumpling,laucrystalmomo
daddydumpling,coacheugeneteo
daddydumpling,derekkchen
outcastsfromthe853,aliwong
outcastsfromthe853,ashley_ellabel
outcastsfromthe853,awkwafina
outcastsfromthe853,itsthepeacocks
outcastsfromthe853,lesliiekwan
outcastsfromthe853,suuhleena
outcastsfromthe853,fruitypoppin
outcastsfromthe853,asianandloud
outcastsfromthe853,ilikefishballs
outcastsfromthe853,jeccachantilly
outcastsfromthe853,joejitsukawa
outcastsfromthe853,justkiddingnews
outcastsfromthe853,lyanna_kea
outcastsfromthe853,netflix
outcastsfromthe853,raexlaw
outcastsfromthe853,piawurtzbach
outcastsfromthe853,vivian_but
outcastsfromthe853,miiasoey
outcastsfromthe853,itsceliaau
outcastsfromthe853,sheldon_lo
outcastsfromthe853,yoleendadong
outcastsfromthe853,netflixgolden
outcastsfromthe853,saweetie
outcastsfromthe853,wongfuphil
outcastsfromthe853,goldhouseco
outcastsfromthe853,pearlrivermart
outcastsfromthe853,bartkwan
outcastsfromthe853,7hiery
outcastsfromthe853,ryanalexh
outcastsfromthe853,hwuwu
outcastsfromthe853,asianbossgirl
outcastsfromthe853,jimmyoyang
outcastsfromthe853,megannjacques
outcastsfromthe853,alexdwong
outcastsfromthe853,dimsimlim
outcastsfromthe853,jiggie_boy
outcastsfromthe853,conscious_cooking
outcastsfromthe853,wongrel
outcastsfromthe853,nushickles
outcastsfromthe853,itsyoboyivannn
outcastsfromthe853,lindseyhongkong
outcastsfromthe853,cassandra.chiu
outcastsfromthe853,andrewjfung
outcastsfromthe853,funo729
outcastsfromthe853,shrrycola
outcastsfromthe853,madewithlau
outcastsfromthe853,mistahislah
outcastsfromthe853,bayarea.foodies
outcastsfromthe853,cantodulin
outcastsfromthe853,donaldtong
outcastsfromthe853,youngposthk
outcastsfromthe853,wongfupro
outcastsfromthe853,thewesleychan
outcastsfromthe853,bretmanrock
outcastsfromthe853,jameswnc
outcastsfromthe853,ersousaskl
outcastsfromthe853,trevorlui
outcastsfromthe853,edwinghui
outcastsfromthe853,bunchofbananaspod
outcastsfromthe853,lohdown
outcastsfromthe853,official_huiyin
outcastsfromthe853,kebbeth
outcastsfromthe853,phucmapvlog
outcastsfromthe853,davidbfung
outcastsfromthe853,ronnychieng
outcastsfromthe853,daigasikfaan
outcastsfromthe853,sheldonhoho
outcastsfromthe853,subtleasian.baking
outcastsfromthe853,sparklecakerie
outcastsfromthe853,cheronna
outcastsfromthe853,daddydumpling
outcastsfromthe853,rosskurtle
outcastsfromthe853,olivia.thai
outcastsfromthe853,rikognition
outcastsfromthe853,elleme
outcastsfromthe853,nelson_yong
outcastsfromthe853,djghostbear
outcastsfromthe853,ellensu.tv
outcastsfromthe853,poeticcantonese
outcastsfromthe853,hansumlum
outcastsfromthe853,chaoshongkong
outcastsfromthe853,memes.hk
outcastsfromthe853,hongkongggag
outcastsfromthe853,pixofnix
outcastsfromthe853,anishathai
outcastsfromthe853,cantomando
outcastsfromthe853,sarahvee.asia
outcastsfromthe853,9gag
outcastsfromthe853,jlouofficial
outcastsfromthe853,fungbros
outcastsfromthe853,canto.britt
outcastsfromthe853,88tumble
outcastsfromthe853,sketchykarr
outcastsfromthe853,scfsaint
cantomando,cantodulin
cantomando,cantotomando
cantomando,bunchofbananaspod
cantomando,andy.and.michelle
cantomando,thestevenhe
cantomando,laucrystalmomo
cantomando,erictway
cantomando,representasianproject
cantomando,dr.candiselin
cantomando,wheresjohngone
cantomando,derekkchen
cantomando,danluzhu
cantomando,water_wild_month
cantomando,ivanye
cantomando,georgiakategordon
cantomando,bennyluo
cantomando,kebbeth
cantomando,rikognition
cantomando,k.hyli
cantomando,jobroseph
cantomando,chefboylee
cantomando,nom_life
cantomando,iammcjin
cantomando,foodwithmichel
cantomando,sheldon_lo
cantomando,outcastsfromthe853
cantomando,mistahislah
cantomando,discoverhongkong
cantomando,bayarea.foodies
cantomando,momslovegabe
cantomando,theoneshu
cantomando,thesamlitv
cantomando,daddydumpling
cantomando,asianhustlenetwork
cantomando,arrdawg
cantomando,sunk7s
cantomando,trevorlui
cantomando,suuhleena
cantomando,itsyoboyivannn
cantomando,ryanbergara
cantomando,adrianneho
cantomando,ronnychieng
cantomando,yeeitscathy
cantomando,willtenny
cantomando,duckybokki
cantomando,blondieinchina
cantomando,madewithlau
cantomando,lisamarie_tse
cantomando,carnabyfairofficial
cantomando,piiatamare
cantomando,lukaschiang
cantomando,hateisavirus
cantomando,canto.britt
cantomando,laoshu505000
cantomando,keshi
cantomando,mrnigelng
cantomando,torres_pit
cantomando,naomiosaka
cantomando,roses_are_rosie
cantomando,jennierubyjane
cantomando,lalalalisa_m
cantomando,falachenfala
cantomando,subtleasiantraits
cantomando,myvitasoy
cantomando,sheldonhoho
cantomando,ingatylam
cantomando,humberto
cantomando,kirbylee213
cantomando,mikexingchen
cantomando,chaumeleon
cantomando,damianlillard
cantomando,thewesleychan
cantomando,sacheu
cantomando,v.ngyn
cantomando,justkiddingnews
cantomando,ajrafael
cantomando,bensonq
cantomando,hwuwu
cantomando,hudsonyang
cantomando,asianbossgirl
cantomando,sdy.cheeks
cantomando,elliotchoy
cantomando,natgeo
cantomando,justinbieber
cantomando,bohanphoenix
cantomando,saxyphil
cantomando,stevenkwlim
cantomando,brianimanuel
cantomando,instagram
cantomando,ccyaa_
cantomando,asianandloud
cantomando,jasondchen
cantomando,zhong
cantomando,ricefeed
cantomando,bartkwan
cantomando,joejitsukawa
cantomando,jacksonwang852g7
cantomando,kevinlimagic
cantomando,nextshark
cantomando,jimmyoyang
cantomando,donnieyenofficial
cantomando,awkwafina
cantomando,michelleyeoh_official
cantomando,henrygolding
cantomando,gemmachan
cantomando,simuliu
cantomando,jasonylee_
cantomando,gem0816
cantomando,jaychou
cantomando,tiktok
cantomando,barackobama
cantomando,kiirstinleigh
cantomando,9gag
cantomando,flywithjohnnythai
cantomando,sherrybyw
cantomando,chinghim.ng
cantomando,danakadan
cantomando,jlouofficial
cantomando,mreddiehuang
cantomando,davidsocomedy
cantomando,poeticcantonese
cantomando,longbeach_griffy
cantomando,timchantarangsu
cantomando,joonleecomedy
cantomando,davidbfung
cantomando,andrewjfung
cantomando,markphillips
cantomando,wongfuphil
cantomando,wongfupro
cantomando,fruitypoppin
cantomando,asiansneverdie
cantomando,eleungg
cantomando,mizwu
cantomando,notryanhiga
cantomando,fungbros
cantomando,jimbaslice
cantomando,growingupasian__
cantomando,kingbach
cantomando,youreverydayasian
cantomando,esafung
funnyvivek,88tumble
funnyvivek,new_dellily
funnyvivek,atsukocomedy
funnyvivek,outcastsfromthe853
funnyvivek,chrispolancoofficial
funnyvivek,torres_pit
funnyvivek,hk.dict
funnyvivek,justice_kawuma
funnyvivek,edwinghui
funnyvivek,fukurou_station
funnyvivek,69ranch
funnyvivek,ronnychieng
funnyvivek,misssteph_eatdrinkplay
funnyvivek,carlhoudee
funnyvivek,lingmuk.hk
funnyvivek,nushickles
funnyvivek,k_p0k1
funnyvivek,monkeymonkeymit
funnyvivek,years.hk
funnyvivek,mm.millmilk
funnyvivek,hurtingbombz
funnyvivek,iiiitography
funnyvivek,hkmehmeh
funnyvivek,jaedenpodcaster
funnyvivek,chaoshongkong
funnyvivek,scfsaint
funnyvivek,f.onleung
funnyvivek,marcheng
funnyvivek,jingwongmusician
funnyvivek,sagethe0thergemini
funnyvivek,chingyanfu
funnyvivek,wong_kar_wai
funnyvivek,timeauction
funnyvivek,miiasoey
funnyvivek,hkwalls
chrisgwing,gentlemonster
chrisgwing,asiansneverdie
garycheung,chuamberr
garycheung,thesamlitv
garycheung,chrishell.stause
garycheung,eric_flowerboy
garycheung,junheiri
garycheung,livenationhk
garycheung,atfrenchies
garycheung,theschoolofhardknockz
garycheung,joeyful_joey
garycheung,nomkakaii
garycheung,7hiery
garycheung,creators
garycheung,leonlollipop
garycheung,pakhungjai
garycheung,jenaissante
garycheung,mcheung1201
garycheung,newjeans_official
garycheung,meladdiction
garycheung,mayaoo
garycheung,voguehongkong
garycheung,willxlin
garycheung,mr_n_mrs_moon
garycheung,boeymmee
garycheung,thomaebrenners
garycheung,new_dellily
garycheung,socialmorehk
garycheung,lingmuk.hk
garycheung,yautaitung
garycheung,scaredieme
garycheung,jonjon_jonathannn
garycheung,cusonlo
garycheung,aliceinthedreamerland
garycheung,ersousaskl
garycheung,kingamanisme
garycheung,boris1027_
garycheung,iam.manson
niclawc,rubylaw
niclawc,adrianneho
niclawc,lindseyhongkong
niclawc,eileengu
niclawc,benjamin_museo
niclawc,nathalieroschmann
niclawc,junheiri
niclawc,ngaionchi_kathy
niclawc,harpersbazaarus
niclawc,lilyrose_depp
niclawc,honganc
niclawc,mrkootattoo
niclawc,missy_rl
niclawc,wysminnie
niclawc,jameswnc
niclawc,lampson
niclawc,moon.cytt
niclawc,hannavanharanta
niclawc,jazziesillona
niclawc,cheronna
niclawc,kikicheungg
niclawc,kieranho
niclawc,pinkdothk
niclawc,creators
niclawc,xxxibgdrgn
niclawc,rock.gor
niclawc,anishathai
niclawc,busybee.hk
niclawc,mariohau_
niclawc,siobhanhaughey01
niclawc,stephaniehsau
niclawc,cheungkalonggggg
niclawc,kennyngsk
niclawc,wmhkinternational
niclawc,on
niclawc,adidasoriginals
niclawc,mreasonchan
niclawc,mads.hk
niclawc,starbuckshk
niclawc,c.705
niclawc,mayaoo
niclawc,jerry_chowson
niclawc,zeloswongz
niclawc,zenokoo
niclawc,khloekardashian
niclawc,kourtneykardash
niclawc,krisjenner
niclawc,fish331
niclawc,ladygaga
niclawc,louischeung2013
niclawc,honeymoon
niclawc,gwendolyn.spot
niclawc,bellahadid
niclawc,laufey
niclawc,robertwun
niclawc,angela.yuen
niclawc,meladdiction
niclawc,taylorswift
niclawc,lanecrawford
niclawc,7hiery
niclawc,madebyrumah
niclawc,khengchan_
niclawc,mings.hk
niclawc,chanelofficial
niclawc,lamar_853
niclawc,nomkakaii
niclawc,boris1027_
niclawc,hustledontplay
niclawc,itsaudreychow
niclawc,mothagency
niclawc,sia.jewelry
niclawc,yoleendadong
niclawc,davidbeckham
niclawc,itsjustasha
niclawc,chimancheung
niclawc,annahisbbur
niclawc,vdubl
niclawc,thoughtwefriends
niclawc,yoyokwans
niclawc,torres_pit
niclawc,fungmadeit
niclawc,natgeo
niclawc,wilfcho.pdf
niclawc,perks.production
niclawc,ikeahongkong
niclawc,haileybieber
niclawc,masiwei1993
niclawc,tinhua__
niclawc,hashtag_legend
niclawc,bohanphoenix
niclawc,realcoleworld
niclawc,sophysophyw
niclawc,megannjacques
niclawc,voguehongkong
niclawc,do_do_cheng
niclawc,kaytse
niclawc,arr.allrightsreserved
niclawc,k11musea
niclawc,lexieliu_
niclawc,a24
niclawc,boeymmee
niclawc,thaimay_spicy
niclawc,livenationhk
niclawc,mm.millmilk
niclawc,louisvuitton
niclawc,gaugaugaupage
niclawc,kimono_mom
niclawc,cut
niclawc,goodkidbadstudent
niclawc,casetify_hk
niclawc,raexlaw
niclawc,thomaebrenners
niclawc,tiffanyandco
niclawc,tiab97s
niclawc,gentlemonster
niclawc,nickiminaj
niclawc,fionamcl
niclawc,nakedbibi
niclawc,jaedenpodcaster
niclawc,jennaortega
niclawc,peternguyen
niclawc,tatlerhongkong
niclawc,fuckjerry
niclawc,artbasel
niclawc,stephenchow
niclawc,social.nerd.co
niclawc,newjeans_official
niclawc,kpee
niclawc,justinbieber
niclawc,leomessi
niclawc,michelleyeoh_official
niclawc,leeyatding
niclawc,lai_kei
niclawc,liyoeo
niclawc,magicroom.hk
niclawc,banksy
niclawc,no7
niclawc,emmachamberlain
niclawc,damianlillard
niclawc,silverstrike_13
niclawc,woawgallery
niclawc,balenciaga
niclawc,kayan9896
niclawc,jiggie_boy
niclawc,edisonchen
niclawc,21kwanmoon
niclawc,abyss.852
niclawc,lalalalisa_m
niclawc,official_huiyin
niclawc,veeeeeeeeeehk
niclawc,harrietlam
niclawc,shanda_dj
niclawc,sassyhongkong
niclawc,tysonyoshi
niclawc,donaldtong
niclawc,69ranch
niclawc,aglkbpm
niclawc,kaylaiw
niclawc,gem0816
niclawc,djanguswong
niclawc,streetsnap.portrait
niclawc,wesleyjamison_
niclawc,byejackk
niclawc,jacquemus
niclawc,sirjoancornella
niclawc,bretmanrock
niclawc,jbs8five2
niclawc,utahlee
niclawc,kendricklamar
niclawc,maisyma1999
niclawc,fukurou_station
niclawc,chunchai
niclawc,yalocaloffgod
niclawc,gluestickent
niclawc,alexademie
niclawc,jennierubyjane
niclawc,asaprocky
niclawc,kimkardashian
niclawc,parentsparents
niclawc,gucci
niclawc,moonstyles_
niclawc,88rising
niclawc,_marifemarife_
niclawc,smileywor1d
niclawc,stxph.h
niclawc,hoooooyeony
niclawc,iamcardib
niclawc,kendalljenner
niclawc,kyliejenner
niclawc,naomiosaka
niclawc,saweetie
niclawc,zendaya
niclawc,marcheng
niclawc,justice_kawuma
niclawc,janice_vidal
niclawc,wildwildwes
niclawc,sagethe0thergemini
niclawc,younghysan
niclawc,djmengzy
niclawc,ogilvy
niclawc,taytay_xx
niclawc,gareth_tong
niclawc,kaonaaaaaaa
niclawc,lucy.is.good
niclawc,coffeenow.today
niclawc,years.hk
niclawc,timeauction
niclawc,doughbroshk
niclawc,f.onleung
niclawc,hipdict
niclawc,surrealhk
niclawc,dualipa
niclawc,designershumor
niclawc,pubity
niclawc,holyeatshk
niclawc,billieeilish
niclawc,blacksheeprestaurants
niclawc,instagram
niclawc,eaton.hk
niclawc,jlouofficial
niclawc,nike
niclawc,jynt
niclawc,leonlollipop
niclawc,invaderwashere
niclawc,littlethunder
niclawc,netflix
niclawc,lielaine
niclawc,adweek
niclawc,hkwalls
niclawc,discoverhongkong
niclawc,jacechw
niclawc,barackobama
niclawc,thegoodquote
niclawc,badgalriri
niclawc,9gag
niclawc,karenwsm
niclawc,hypebeast
niclawc,tinawzq
niclawc,gigiicheung
852tv,itsryanto
852tv,yangalex1081
852tv,robertwun
852tv,scfsaint
852tv,dest.okay
852tv,magicroom.hk
852tv,zeloswongz
852tv,pinkdothk
852tv,mothagency
852tv,kenken.lch
852tv,jonjon_jonathannn
852tv,benjamin_museo
852tv,outcastsfromthe853
852tv,cut
852tv,7hiery
852tv,annahisbbur
852tv,water_wild_month
852tv,mrkootattoo
852tv,hustledontplay
852tv,gigiicheung
852tv,yautaitung
852tv,jerry_chowson
852tv,byejackk
852tv,jacechw
852tv,zenokoo
852tv,silverstrike_13
852tv,chunchai
852tv,tiab97s
852tv,moon.cytt
852tv,liyoeo
852tv,thoughtwefriends
852tv,megantanhweewen
852tv,rock.gor
852tv,karl_shakur
852tv,veeeeeeeeeehk
852tv,leeyatding
852tv,thaimay_spicy
852tv,goodkidbadstudent
852tv,smileywor1d
852tv,yoyokwans
852tv,comeonjames1
852tv,lampson
852tv,newyorknico
852tv,fungmadeit
852tv,johnrazalo
852tv,always.elin
852tv,wesleyjamison_
852tv,jazziesillona
852tv,shanda_dj
852tv,abyss.852
852tv,itsaudreychow
852tv,streetsnap.portrait
852tv,gaugaugaupage
852tv,joannejosephinerhodes
852tv,djmengzy
852tv,aglkbpm
852tv,younghysan
852tv,vivien_li_
852tv,stephaniethr_
852tv,watchyungplay
852tv,mcheah_
jlouofficial,sia.jewelry
jlouofficial,harpersbazaarus
jlouofficial,debra.yip
jlouofficial,thehkobserver
jlouofficial,piawurtzbach
jlouofficial,jaydenma311
jlouofficial,banksy
jlouofficial,wong_kar_wai
jlouofficial,cusonlo
jlouofficial,honeymoon
jlouofficial,harrisoncheung
jlouofficial,ponypong
jlouofficial,gwendolyn.spot
jlouofficial,c.705
jlouofficial,daddydumpling
jlouofficial,gemmachan
jlouofficial,peternguyen
jlouofficial,rubylaw
jlouofficial,me.stillalive
jlouofficial,asiayachtlife
jlouofficial,jacquemus
jlouofficial,kpee
jlouofficial,angela.yuen
jlouofficial,kevinkwanbooks
jlouofficial,zeloswongz
jlouofficial,anishathai
jlouofficial,monkeymonkeymit
jlouofficial,joannejosephinerhodes
jlouofficial,atfrenchies
jlouofficial,jobroseph
jlouofficial,mcdonaldshk
jlouofficial,chingyanfu
jlouofficial,21kwanmoon
jlouofficial,blasiantw
jlouofficial,creators
jlouofficial,aliwong
jlouofficial,kimono_mom
jlouofficial,michelleyeoh_official
jlouofficial,yukimaryrosel
jlouofficial,tysonyoshi
jlouofficial,louischeung2013
jlouofficial,mings.hk
jlouofficial,honganc
jlouofficial,busybee.hk
jlouofficial,chimancheung
jlouofficial,derek_tch
jlouofficial,chrispolancoofficial
jlouofficial,veeceecheng
jlouofficial,mcheung1201
jlouofficial,jennaortega
jlouofficial,no7
jlouofficial,moonstyles_
jlouofficial,gareth_tong
jlouofficial,jiggie_boy
jlouofficial,fish331
jlouofficial,maxwellwoolf
jlouofficial,missy_rl
jlouofficial,stephenchow
jlouofficial,instagram
jlouofficial,maylee_hk
jlouofficial,stxph.h
jlouofficial,kennyngsk
jlouofficial,fionamcl
jlouofficial,sharonchanmanchi
jlouofficial,laparasian
jlouofficial,uyenninh
jlouofficial,ikeahongkong
jlouofficial,netflixgolden
jlouofficial,emmachamberlain
jlouofficial,shi_ga
jlouofficial,wildwildwes
jlouofficial,do_do_cheng
jlouofficial,houseofchen
jlouofficial,k_p0k1
jlouofficial,indulgenteats
jlouofficial,ngaionchi_kathy
jlouofficial,sarcasm_only
jlouofficial,new_dellily
jlouofficial,kaylaiw
jlouofficial,keshi
jlouofficial,myrooftopisgreen
jlouofficial,eileengu
jlouofficial,kaytse
jlouofficial,rozmuhree
jlouofficial,_marifemarife_
jlouofficial,clowcock_art
jlouofficial,ashaetc
jlouofficial,kayan9896
jlouofficial,sophysophyw
jlouofficial,sunday.son
jlouofficial,voguehongkong
jlouofficial,lanecrawford
jlouofficial,lavonnli
jlouofficial,wmhkinternational
jlouofficial,janice_vidal
jlouofficial,dualipa
jlouofficial,aliceinthedreamerland
jlouofficial,hannavanharanta
jlouofficial,hoooooyeony
jlouofficial,peninsulahongkong
jlouofficial,jacechw
jlouofficial,torres_pit
jlouofficial,georgiakategordon
jlouofficial,siobhanhaughey01
jlouofficial,scmpnews
jlouofficial,cheungkalonggggg
jlouofficial,holefoodshongkong
jlouofficial,mollymae
jlouofficial,karenwsm
jlouofficial,pubity
jlouofficial,itsmamaa_j
jlouofficial,itspapa_j
jlouofficial,vanesamimiwong
jlouofficial,bigdaddyglam
jlouofficial,utahlee
jlouofficial,hugo_chui
jlouofficial,jeenie.weenie
jlouofficial,tyreseakf
jlouofficial,lucy.is.good
jlouofficial,samishome
jlouofficial,surrealhk
jlouofficial,harmony_btd
jlouofficial,alexademie
jlouofficial,gwgurlie86
jlouofficial,jloulovers_canada
jlouofficial,lisamarie_tse
jlouofficial,thewesleychan
jlouofficial,falachenfala
jlouofficial,chrishell.stause
jlouofficial,slowood.hk
jlouofficial,ghlchan
jlouofficial,mrnigelng
jlouofficial,cathaypacific
jlouofficial,alissanguyen_
jlouofficial,mayaoo
jlouofficial,benefitcosmeticshk
jlouofficial,emmmaburns_
jlouofficial,ceri_payne
jlouofficial,jessyknighty
jlouofficial,sephorahk
jlouofficial,brianimanuel
jlouofficial,growingupasian__
jlouofficial,ricefeed
jlouofficial,ingatylam
jlouofficial,taylorswift
jlouofficial,saxyphil
jlouofficial,stephaniehsau
jlouofficial,ricefam.official
jlouofficial,simuliu
jlouofficial,balenciaga
jlouofficial,elliott_yip
jlouofficial,netflix
jlouofficial,chanelofficial
jlouofficial,gucci
jlouofficial,louisvuitton
jlouofficial,jennierubyjane
jlouofficial,roses_are_rosie
jlouofficial,lalalalisa_m
jlouofficial,joonleecomedy
jlouofficial,fruitypoppin
jlouofficial,kellymackenziee
jlouofficial,soimjenn
jlouofficial,walaagwa
jlouofficial,danbarwell
jlouofficial,sum.bean
jlouofficial,youreverydayasian
jlouofficial,asiansneverdie
jlouofficial,ladygaga
jlouofficial,billieeilish
jlouofficial,cantomando
jlouofficial,henrygolding
jlouofficial,sacheu
jlouofficial,emiwong_
jlouofficial,tinawzq
jlouofficial,iamcardib
jlouofficial,wysminnie
jlouofficial,carminola
jlouofficial,andrewjfung
jlouofficial,v.ngyn
jlouofficial,esafung
jlouofficial,megannjacques
jlouofficial,fuckjerry
jlouofficial,jameswnc
jlouofficial,ryanbergara
jlouofficial,nickiminaj
jlouofficial,jorgekento
jlouofficial,yumiowin
jlouofficial,barackobama
jlouofficial,kyliejenner
jlouofficial,justinbieber
jlouofficial,kevinhart4real
jlouofficial,tiffanyandco
jlouofficial,time
jlouofficial,bretmanrock
jlouofficial,zendaya
jlouofficial,bellahadid
jlouofficial,davidbeckham
jlouofficial,haileybieber
jlouofficial,lilyrose_depp
jlouofficial,badgalriri
jlouofficial,georginacameron
jlouofficial,wenfayee
jlouofficial,zoecookiee
jlouofficial,georgie_cairns
jlouofficial,jamielees
jlouofficial,krisjenner
jlouofficial,kourtneykardash
jlouofficial,khloekardashian
jlouofficial,kimkardashian
jlouofficial,kendalljenner
jlouofficial,theacole
jlouofficial,lorraine_chew
jlouofficial,annasmythie
kebbeth,lesliiekwan
kebbeth,lyanna_kea
kebbeth,chuamberr
kebbeth,rock.gor
kebbeth,itsthepeacocks
kebbeth,jameswnc
kebbeth,mariohau_
kebbeth,watchyungplay
kebbeth,harrisoncheung
kebbeth,mcheah_
kebbeth,younghysan
kebbeth,lamar_853
kebbeth,jasonmkchan
kebbeth,7hiery
kebbeth,lai_kei
kebbeth,raexlaw
kebbeth,flywithjohnnythai
kebbeth,cantodulin
kebbeth,blasiantw
kebbeth,ronnychieng
kebbeth,thestevenhe
kebbeth,jobroseph
kebbeth,asiansneverdie
kebbeth,nextshark
kebbeth,sheldonhoho
kebbeth,outcastsfromthe853
kebbeth,davidbfung
kebbeth,justkiddingnews
kebbeth,canto.britt
kebbeth,edwardkso
kebbeth,jbs8five2
kebbeth,water_wild_month
kebbeth,phucmapvlog
kebbeth,daddydumpling
kebbeth,markphillips
kebbeth,coacheugeneteo
kebbeth,rinidawg
kebbeth,asaprocky
kebbeth,willtenny
kebbeth,jeenie.weenie
kebbeth,elliotchoy
kebbeth,laoshu505000
kebbeth,jackiechan
kebbeth,jimbaslice
kebbeth,cantomando
kebbeth,davidsocomedy
kebbeth,mikexingchen
kebbeth,longbeach_griffy
kebbeth,donnieyenofficial
kebbeth,jimmyoyang
kebbeth,hypebeast
kebbeth,adidasoriginals
kebbeth,kevinhart4real
kebbeth,brianimanuel
kebbeth,kendricklamar
kebbeth,realcoleworld
kebbeth,kingbach
kebbeth,nike
kebbeth,notryanhiga
kebbeth,leomessi
kebbeth,timchantarangsu
