Account,Found Count,Actual Count,Timestamp,Comments
ansheles_artem,4,4,2024-12-06 02:37:48,Collection complete
daddydumpling,2938,2938,2024-12-06 02:37:56,Collection complete
mtzcherry,423,423,2024-12-06 02:38:05,Collection complete
niclawc,2737,2739,2024-12-06 21:26:26,"Mismatch in number of accounts, but within [-5, 5]"
secondhome.artisland,498,500,2024-12-06 21:26:34,"Mismatch in number of accounts, but within [-5, 5]"
outcastsfromthe853,503,503,2024-12-06 03:00:34,Collection complete
jlouofficial,783,783,2024-12-06 03:19:14,Collection complete
kebbeth,488,488,2024-12-06 03:26:50,Collection complete
cantomando,749,749,2024-12-06 12:01:22,Collection complete
chrisgwing,48,48,2024-12-06 03:31:32,Collection complete
funnyvivek,511,511,2024-12-06 03:40:16,Collection complete
megannjacques,754,754,2024-12-06 11:43:42,Collection complete
cantodulin,241,242,2024-12-06 21:26:09,"Mismatch in number of accounts, but within [-5, 5]"
timeouthk,167,167,2024-12-06 12:34:29,Collection complete
852tv,390,390,2024-12-06 11:49:29,Collection complete
garycheung,349,349,2024-12-06 12:26:01,Collection complete
itspapa_j,63,63,2024-12-06 21:47:24,Collection complete
lampson,3634,3634,2024-12-07 00:05:15,Collection complete
megantanhweewen,1748,1748,2024-12-06 22:20:19,Collection complete
rock.gor,0,2,2024-12-07 01:12:54,"Mismatch in number of accounts, but within [-5, 5]"
natgeo,166,166,2024-12-07 00:07:52,Collection complete
justice_kawuma,0,2,2024-12-07 01:13:09,Account is Private
cheungkalonggggg,1744,1744,2024-12-07 00:42:04,Collection complete
remyzeee,916,916,2024-12-07 01:29:03,Collection complete
karl_shakur,1197,1197,2024-12-07 12:07:26,Collection complete
youreverydayasian,123,123,2024-12-07 01:42:45,Collection complete
humberto,1498,1500,2024-12-07 02:15:46,"Mismatch in number of accounts, but within [-5, 5]"
mcheung1201,1907,1907,2024-12-07 12:36:03,Collection complete
bennyluo,1128,3681,2024-12-07 03:01:54,
ricefeed,528,528,2024-12-07 03:10:10,Collection complete
canto.britt,803,803,2024-12-07 03:23:17,Collection complete
kingbach,860,860,2024-12-07 03:37:30,Collection complete
itsryanto,677,677,2024-12-07 03:48:12,Collection complete
danakadan,3015,3016,2024-12-07 05:10:42,
fukurou_station,264,264,2024-12-07 05:14:51,Collection complete
kyurindiary,601,601,2024-12-07 05:24:22,Collection complete
masiwei1993,679,679,2024-12-07 05:34:54,Collection complete
bigdaddyglam,6381,7322,2024-12-07 11:04:15,
billieeilish,0,0,2024-12-07 12:41:55,Collection complete
siobhanhaughey01,530,530,2024-12-09 14:24:57,Collection complete
yalocaloffgod,0,3241,2024-12-09 14:25:05,
