Account Name,Timestamp
sietyenuerjanaeh,2024-12-06 01:45:03
jessssisreall,2024-12-06 01:45:03
kyrralam,2024-12-06 01:45:03
pondokhongkong,2024-12-06 01:45:04
bryhan_bryhan02,2024-12-06 01:45:04
gla_x_iness,2024-12-06 01:45:04
smalltunepress,2024-12-06 01:45:05
timocick,2024-12-06 01:45:05
hubchurchhk,2024-12-06 01:45:06
francis_catedral,2024-12-06 01:45:06
enrich_hk,2024-12-06 01:45:07
helpfordomesticworkershk,2024-12-06 01:45:12
chanmeitung,2024-12-06 01:45:13
goldmtn,2024-12-06 01:45:13
biggirls_dont_cry,2024-12-06 01:45:14
noskypower,2024-12-06 01:45:14
endlesslilin,2024-12-06 01:45:15
sucirezmi,2024-12-06 01:45:15
lo4nerve4,2024-12-06 01:45:15
light.logistics,2024-12-06 01:45:16
belleberrry,2024-12-06 01:45:16
werky_hkoutdoors,2024-12-06 01:45:16
lecliza5555,2024-12-06 01:45:17
vir_go2987,2024-12-06 01:45:23
jhazmine777,2024-12-06 01:45:24
vhi_dwita,2024-12-06 01:45:24
diyana_inside.out,2024-12-06 01:45:24
nimfasoria,2024-12-06 01:45:25
chechemaecuentes,2024-12-06 01:45:26
cheche_03_,2024-12-06 01:45:27
palacpacmicaela06,2024-12-06 01:45:27
mrs.hazelyagin,2024-12-06 01:45:28
mftmbls.rn,2024-12-06 01:45:28
ronalynsolarte,2024-12-06 01:45:29
murillo2018,2024-12-06 01:45:29
kimber862,2024-12-06 01:45:35
pink_joy35,2024-12-06 01:45:36
trihapsari61,2024-12-06 01:45:37
maryenahj.meneses,2024-12-06 01:45:37
aisyah15296,2024-12-06 01:45:37
niru_nembang,2024-12-06 01:45:38
danilocollado123456,2024-12-06 01:45:39
daodawn5,2024-12-06 01:45:39
danica_faith23,2024-12-06 01:45:40
inabe_weavers,2024-12-06 01:45:40
florenceocden,2024-12-06 01:45:41
shanelaltoog,2024-12-06 01:45:41
concepcion_akistal_abnasan,2024-12-06 01:45:47
jazzlynnebautista,2024-12-06 01:45:47
donnalynemasillem,2024-12-06 01:45:48
ravengarizon,2024-12-06 01:45:48
florbcasio,2024-12-06 01:45:49
juliedalilis,2024-12-06 01:45:49
abundominguez,2024-12-06 01:45:50
matotpasngadan,2024-12-06 01:45:51
laurencebigasan,2024-12-06 01:45:52
pongas_baang,2024-12-06 01:45:52
ginalynmacasieb,2024-12-06 01:45:52
ferreraskanongkong,2024-12-06 01:45:53
nicatabaoican,2024-12-06 01:45:59
tarakisway,2024-12-06 01:46:00
manuelfagsao,2024-12-06 01:46:00
phemiamartin,2024-12-06 01:46:01
josephines.tangey,2024-12-06 01:46:02
shy.rj,2024-12-06 01:46:02
viahoctz,2024-12-06 01:46:02
smariadiane,2024-12-06 01:46:03
kaydodsulangkeeg,2024-12-06 01:46:03
shanelhi,2024-12-06 01:46:03
banakenmichelle,2024-12-06 01:46:04
bambipalangyos,2024-12-06 01:46:05
balisme1982,2024-12-06 01:46:12
myahcawait,2024-12-06 01:46:12
krysbatong,2024-12-06 01:46:13
wangbushop,2024-12-06 01:46:13
kizzyc65,2024-12-06 01:46:14
guimon96,2024-12-06 01:46:15
annbalisme,2024-12-06 01:46:15
glennsagsagap,2024-12-06 01:46:16
norvyabellanes,2024-12-06 01:46:17
sarahpalangyos,2024-12-06 01:46:18
good7330,2024-12-06 01:46:19
gucejennelynllanes,2024-12-06 01:46:19
janicerayossa,2024-12-06 01:46:20
rheemmoscoso,2024-12-06 01:46:20
shielamaenorel,2024-12-06 01:46:20
mang_alis19,2024-12-06 01:46:21
ghiervin1,2024-12-06 01:46:21
mamerto_suarez_millendez_jr,2024-12-06 01:46:21
gedaliahrufon,2024-12-06 01:46:22
marychris3750,2024-12-06 01:46:23
simplyneth015,2024-12-06 01:46:24
yanghy207,2024-12-06 01:46:25
lymie2126,2024-12-06 01:46:25
cttcforeveryoung7894,2024-12-06 01:46:25
loren_sagitarrius23,2024-12-06 01:46:32
evelynbiyo,2024-12-06 01:46:32
mye_yah0102,2024-12-06 01:46:33
melecio.teresa,2024-12-06 01:46:33
jhana_officialph,2024-12-06 01:46:34
flortuquero,2024-12-06 01:46:34
cruzmajennifer,2024-12-06 01:46:35
emarijacer,2024-12-06 01:46:35
krist_yle,2024-12-06 01:46:35
pedro4334henrique,2024-12-06 01:46:36
naddddy_10,2024-12-06 01:46:36
c_ucumber3,2024-12-06 01:46:43
jhokath,2024-12-06 01:46:43
marites.soria,2024-12-06 01:46:44
dadahhh3,2024-12-06 01:46:45
sheyl1aaa,2024-12-06 01:46:45
qtqttintin,2024-12-06 01:46:45
vezhenskov9,2024-12-06 01:46:46
meisuyendra,2024-12-06 01:46:46
bi.bi1708,2024-12-06 01:46:47
barredo_ezel,2024-12-06 01:46:47
tazeem_butt,2024-12-06 01:46:47
ariyah_rics,2024-12-06 01:46:48
iin_ya_indri,2024-12-06 01:46:55
nana_mamoru90,2024-12-06 01:46:56
anjocalosa,2024-12-06 01:46:56
gvns_mria,2024-12-06 01:46:57
ft__vxrzz,2024-12-06 01:46:57
diyan_nil,2024-12-06 01:46:58
__nicolejoy,2024-12-06 01:46:59
raffyignacio4,2024-12-06 01:47:00
learnedabbay,2024-12-06 01:47:00
kimangel670,2024-12-06 01:47:01
reyn_avril,2024-12-06 01:47:01
shanieees,2024-12-06 01:47:01
venvenlegaspi,2024-12-06 01:47:08
thatguylarence,2024-12-06 01:47:08
enicarnita_guardia_fx,2024-12-06 01:47:09
urbandecahomes705,2024-12-06 01:47:09
jefflyncatz,2024-12-06 01:47:09
mhmd27jn,2024-12-06 01:47:10
mrs.rhealcohol,2024-12-06 01:47:10
vangie_rimaso,2024-12-06 01:47:11
cristinemaecanlas,2024-12-06 01:47:11
ratijahratijah766,2024-12-06 01:47:12
labis_mong_sinaktan,2024-12-06 01:47:13
bbbvvv_90,2024-12-06 01:47:13
rifaqatalbadry,2024-12-06 01:47:20
ngsjewellery,2024-12-06 01:47:21
thy.dhe,2024-12-06 01:47:21
sachiko_kawaii,2024-12-06 01:47:22
jhazs_mine,2024-12-06 01:47:23
chit_libed_,2024-12-06 01:47:24
marinavelasco22,2024-12-06 01:47:24
allynalatan,2024-12-06 01:47:25
bellahlifestyle,2024-12-06 01:47:25
rlplabatan,2024-12-06 01:47:26
sitihamid20,2024-12-06 01:47:26
zhellbueno,2024-12-06 01:47:27
veenadansinghani,2024-12-06 01:47:33
claudemir_claromadio,2024-12-06 01:47:33
wandering.emz,2024-12-06 01:47:34
janrhealapuz,2024-12-06 01:47:35
chingbarcee,2024-12-06 01:47:35
ai20gallery,2024-12-06 01:47:35
kriweltulungagung,2024-12-06 01:47:36
samara.7245,2024-12-06 01:47:36
ganalangie,2024-12-06 01:47:37
chinyhin,2024-12-06 01:47:38
jhovilhyn,2024-12-06 01:47:38
jenniferjoyserrano,2024-12-06 01:47:39
inday_ahente,2024-12-06 01:47:46
mgracesanggalang,2024-12-06 01:47:46
j_o_y_t_a_g_87,2024-12-06 01:47:46
madeeha_awais_,2024-12-06 01:47:46
rosedimplesmee,2024-12-06 01:47:47
sexylady_inred,2024-12-06 01:47:47
estimulyati962,2024-12-06 01:47:48
mariatheresatablada,2024-12-06 01:47:49
rahmsanny,2024-12-06 01:47:49
maryglocelo,2024-12-06 01:47:50
kikhi_96,2024-12-06 01:47:51
jordanlhey,2024-12-06 01:47:52
cristinamame,2024-12-06 01:47:59
lanieabiera,2024-12-06 01:48:00
galaraglaiza,2024-12-06 01:48:00
angeltazzy11,2024-12-06 01:48:00
chariz_0521,2024-12-06 01:48:01
nadal.maryjane.7,2024-12-06 01:48:02
iamdantehlim,2024-12-06 01:48:02
bhenggaviola,2024-12-06 01:48:03
sunshinej88,2024-12-06 01:48:03
crissy.chan14,2024-12-06 01:48:04
namakusitii_khotimah,2024-12-06 01:48:05
xanam_xaudhary,2024-12-06 01:48:06
travel_with_lenjhie,2024-12-06 01:48:06
mhila74,2024-12-06 01:48:06
hotpot___t,2024-12-06 01:48:07
jhobacalso,2024-12-06 01:48:07
mr_p3rfec8,2024-12-06 01:48:08
visuals_by_roe,2024-12-06 01:48:09
hamzaor68,2024-12-06 01:48:09
kp_hikers,2024-12-06 01:48:10
tigerstwinatcer,2024-12-06 01:48:10
ssidmalik25,2024-12-06 01:48:11
agistalia01,2024-12-06 01:48:12
choisyme14,2024-12-06 01:48:13
ruffavlogpitik,2024-12-06 01:48:20
geraldobernadette888,2024-12-06 01:48:21
jijialipio,2024-12-06 01:48:21
melissa.lara_____,2024-12-06 01:48:22
casipeshamae,2024-12-06 01:48:23
marilyncarbonell,2024-12-06 01:48:24
lorienmayormente,2024-12-06 01:48:24
lizannkurt_14,2024-12-06 01:48:25
bastywell,2024-12-06 01:48:26
itsme_clairiemay,2024-12-06 01:48:26
lirs2021official,2024-12-06 01:48:27
bugosyolanda,2024-12-06 01:48:27
gabatumamao,2024-12-06 01:48:34
my_adi_12_2022,2024-12-06 01:48:34
animyllas,2024-12-06 01:48:35
noriedanuco34,2024-12-06 01:48:35
jane_hilwah20,2024-12-06 01:48:36
evelyn_condes,2024-12-06 01:48:36
esyl_0211,2024-12-06 01:48:37
chie_sorita,2024-12-06 01:48:37
arlenesanchez516,2024-12-06 01:48:38
joan_salmin24,2024-12-06 01:48:39
je_an_narvs,2024-12-06 01:48:39
merlinboniol,2024-12-06 01:48:40
tessh_azuelo,2024-12-06 01:48:48
maeannbuizanaval,2024-12-06 01:48:48
aznarfgel,2024-12-06 01:48:49
itsmhers0123,2024-12-06 01:48:50
margie.romano.127,2024-12-06 01:48:50
jabajab.gina,2024-12-06 01:48:51
nu.kl.hk,2024-12-06 01:48:51
reymzdiaz,2024-12-06 01:48:51
shr.nn.dq,2024-12-06 01:48:52
khayssuello,2024-12-06 01:48:53
unoasintado_09,2024-12-06 01:48:53
jimmirosecc,2024-12-06 01:48:53
itsme_zlie_say,2024-12-06 01:49:01
tenderhearthc,2024-12-06 01:49:01
phenphenibara,2024-12-06 01:49:02
madonna.sibayan,2024-12-06 01:49:03
gieanbrocho,2024-12-06 01:49:03
sweetzyheartdaniel,2024-12-06 01:49:03
ehdz_alvarez05,2024-12-06 01:49:04
dithze_89,2024-12-06 01:49:04
mharmostria,2024-12-06 01:49:05
jijie2207,2024-12-06 01:49:05
ghie.flrsnchz,2024-12-06 01:49:06
_90jessica1222_,2024-12-06 01:49:06
its_me_ludy_0201,2024-12-06 01:49:13
longhair_angel3,2024-12-06 01:49:13
shanchai19,2024-12-06 01:49:14
ms.thathaiah,2024-12-06 01:49:15
bevsludovice,2024-12-06 01:49:16
babylynabagat,2024-12-06 01:49:17
pinoytayosanman,2024-12-06 01:49:18
alisontamswimming,2024-12-06 01:49:18
chi_chay,2024-12-06 01:49:19
topmartclub,2024-12-06 01:49:19
ewewwind,2024-12-06 01:49:20
yingy1_,2024-12-06 01:49:20
corruptshroom,2024-12-06 01:49:28
mayip8,2024-12-06 01:49:28
iamdettep,2024-12-06 01:49:28
misssteph_eatdrinkplay,2024-12-06 01:49:28
lovebheethis,2024-12-06 01:49:29
iam_jc0283,2024-12-06 01:49:30
aishi2617,2024-12-06 01:49:31
jane201419,2024-12-06 01:49:31
annanntubon,2024-12-06 01:49:32
lilibethderomol,2024-12-06 01:49:32
gemma_lambinicio29,2024-12-06 01:49:33
einalem0112,2024-12-06 01:49:34
rowena.pascual.5872,2024-12-06 01:49:41
imee_bucayan_escobar,2024-12-06 01:49:42
acunabonnabelle,2024-12-06 01:49:42
chaichaic.elacion,2024-12-06 01:49:43
empoweruhk,2024-12-06 01:49:43
vilma196741,2024-12-06 01:49:43
ananancero,2024-12-06 01:49:43
bhecca.cadano,2024-12-06 01:49:44
princessjheanzen98,2024-12-06 01:49:44
shanegenixc,2024-12-06 01:49:45
fretziecelocia,2024-12-06 01:49:46
momshiebecbec,2024-12-06 01:49:46
sheya0327official,2024-12-06 01:49:54
inamevangelista,2024-12-06 01:49:55
scorpio2531,2024-12-06 01:49:55
christinemhabagat,2024-12-06 01:49:55
bagoyenleah,2024-12-06 01:49:56
chechumasolidarios,2024-12-06 01:49:56
vyangtapalestejero,2024-12-06 01:49:57
joannadelos.r,2024-12-06 01:49:57
mazo_maribel,2024-12-06 01:49:57
pnoyofwdriverhk,2024-12-06 01:49:58
emz7254,2024-12-06 01:49:58
saculogina,2024-12-06 01:49:59
jiekimxann,2024-12-06 01:50:05
hermanjennyrose,2024-12-06 01:50:05
michlal84,2024-12-06 01:50:06
msmirian.garfordhk,2024-12-06 01:50:06
hlp_hkdmw,2024-12-06 01:50:07
arlene.r.evangelio,2024-12-06 01:50:08
eiman______35,2024-12-06 01:50:09
mariviclucino,2024-12-06 01:50:09
bethtaton,2024-12-06 01:50:09
enasarcelie,2024-12-06 01:50:10
donguinesbethskie,2024-12-06 01:50:11
echinsarah,2024-12-06 01:50:11
allencabael,2024-12-06 01:50:19
nelliandallo,2024-12-06 01:50:20
comodarubysibag2019,2024-12-06 01:50:20
jeancastanarez,2024-12-06 01:50:21
rosamaryarcalas,2024-12-06 01:50:22
milezomil,2024-12-06 01:50:22
zhanarahserra,2024-12-06 01:50:23
dimpleemhags,2024-12-06 01:50:23
laceinvited75,2024-12-06 01:50:24
jacpenoza,2024-12-06 01:50:24
85strawberry,2024-12-06 01:50:25
ateja2106,2024-12-06 01:50:26
sherililin,2024-12-06 01:50:34
edminpaca,2024-12-06 01:50:35
sherryibarra,2024-12-06 01:50:35
genecaldito,2024-12-06 01:50:35
22bhee_,2024-12-06 01:50:36
janicebadilles,2024-12-06 01:50:36
sansutemonbel,2024-12-06 01:50:36
jhengld,2024-12-06 01:50:37
nylebor.somar,2024-12-06 01:50:38
arimlopez,2024-12-06 01:50:38
meriamcael,2024-12-06 01:50:38
itsallabout_anne11,2024-12-06 01:50:38
mitzmit,2024-12-06 01:50:46
annabella_coscos,2024-12-06 01:50:46
iammia_515,2024-12-06 01:50:46
dheutzkie09,2024-12-06 01:50:47
sanzi724,2024-12-06 01:50:48
ilyn76,2024-12-06 01:50:49
iggangan,2024-12-06 01:50:50
zosie27.roa,2024-12-06 01:50:50
fuzzy_cath,2024-12-06 01:50:51
abordoshe,2024-12-06 01:50:52
piapia8289,2024-12-06 01:50:52
marishel.bernardo,2024-12-06 01:50:53
florenda.pelarca,2024-12-06 01:51:01
zorillaerly,2024-12-06 01:51:02
mhaycoachdimple,2024-12-06 01:51:03
anneg.1010,2024-12-06 01:51:04
celle.viernes1,2024-12-06 01:51:04
ginalyndialogo,2024-12-06 01:51:04
orientemendoneslibra,2024-12-06 01:51:05
lahlah.97,2024-12-06 01:51:05
mariajuana_16,2024-12-06 01:51:06
meljeanb.damandaman,2024-12-06 01:51:06
julia_li_shop,2024-12-06 01:51:06
khim_sab,2024-12-06 01:51:06
sikcret_edlyn1116,2024-12-06 01:51:06
iam_eveerythin,2024-12-06 01:51:07
cecillebangoyna,2024-12-06 01:51:08
lovelynoona08,2024-12-06 01:51:09
rheamasangkay,2024-12-06 01:51:09
rizamendoza32,2024-12-06 01:51:10
delalily,2024-12-06 01:51:10
elmserallah,2024-12-06 01:51:10
cristine.francisco.98229,2024-12-06 01:51:11
zgen_2477,2024-12-06 01:51:11
rizamontes,2024-12-06 01:51:11
charmainej30,2024-12-06 01:51:12
rych_el17,2024-12-06 01:51:20
remiearaquil,2024-12-06 01:51:21
royo_rosalie,2024-12-06 01:51:21
jhing0115,2024-12-06 01:51:21
jackie_nocamis,2024-12-06 01:51:22
precious_wheng1587,2024-12-06 01:51:22
ellechelles84,2024-12-06 01:51:22
gamay268,2024-12-06 01:51:23
atsdapitan,2024-12-06 01:51:23
gloryvielopezjsl,2024-12-06 01:51:24
bekbek_30,2024-12-06 01:51:24
ayush_namisa,2024-12-06 01:51:25
gemmagacmatan,2024-12-06 01:51:33
cjhoyhermogenes,2024-12-06 01:51:33
sshyne06,2024-12-06 01:51:33
princessjenaquino,2024-12-06 01:51:34
analizalisa,2024-12-06 01:51:35
bhing_anne,2024-12-06 01:51:36
jazmehue,2024-12-06 01:51:36
ninfa120281,2024-12-06 01:51:36
fenollea,2024-12-06 01:51:37
mariadonnadaza,2024-12-06 01:51:37
cherrypie143888,2024-12-06 01:51:38
luisa.ebrado,2024-12-06 01:51:38
simboriochristy,2024-12-06 01:51:47
zeny4185,2024-12-06 01:51:47
lyn_381983,2024-12-06 01:51:48
shannetot_ko,2024-12-06 01:51:48
fhayeapril0280,2024-12-06 01:51:49
chiebarad23,2024-12-06 01:51:49
aquniui,2024-12-06 01:51:50
nasunipladuc,2024-12-06 01:51:51
rose_isabelle1221,2024-12-06 01:51:51
fern12neneng,2024-12-06 01:51:51
renelyncostales,2024-12-06 01:51:52
magentaagum,2024-12-06 01:51:53
sherlynejusa,2024-12-06 01:51:53
yollymea,2024-12-06 01:51:54
ellavsmay,2024-12-06 01:51:54
andes.melody,2024-12-06 01:51:54
fediodos,2024-12-06 01:51:55
nida_ladia,2024-12-06 01:51:56
marian_081978,2024-12-06 01:51:56
rmpasamanteyahoocom,2024-12-06 01:51:57
carr35mhar,2024-12-06 01:51:57
opinionsmj,2024-12-06 01:51:58
divinadelr,2024-12-06 01:51:59
aziachantal_queen,2024-12-06 01:52:00
almiedeo,2024-12-06 01:52:07
laltooggemma,2024-12-06 01:52:07
ellennelora,2024-12-06 01:52:07
julietvisaya,2024-12-06 01:52:07
ampiaomel,2024-12-06 01:52:08
thewomenslounge.hk,2024-12-06 01:52:09
sarahvee.asia,2024-12-06 01:52:09
fullphils,2024-12-06 01:52:10
siaknitekang19,2024-12-06 01:52:11
rizawant_u,2024-12-06 01:52:12
akocjenjen,2024-12-06 01:52:12
amolabola,2024-12-06 01:52:12
sharonsiason88,2024-12-06 01:52:20
alynna_2.0_,2024-12-06 01:52:21
carjatwael,2024-12-06 01:52:21
charenradam08,2024-12-06 01:52:21
etbvlog,2024-12-06 01:52:22
nicesalarda,2024-12-06 01:52:22
merzdaclan1,2024-12-06 01:52:23
peachjoy84,2024-12-06 01:52:23
sakura0273,2024-12-06 01:52:24
terriyakiejo,2024-12-06 01:52:25
chinitangkunyang,2024-12-06 01:52:25
mhelay_mcp,2024-12-06 01:52:26
anne32angel,2024-12-06 01:52:33
akosidapala,2024-12-06 01:52:33
oktosyete,2024-12-06 01:52:34
churchofgodinhk,2024-12-06 01:52:35
ed_waine,2024-12-06 01:52:35
benisonestareja,2024-12-06 01:52:36
djcroft,2024-12-06 01:52:36
abcd_pagkaing_pinoy,2024-12-06 01:52:36
thy_lab_,2024-12-06 01:52:36
jberzo111,2024-12-06 01:52:37
yhansky1990,2024-12-06 01:52:38
misnemz,2024-12-06 01:52:39
migrantwritersofhongkong,2024-12-06 01:52:47
hereweplaythrough,2024-12-06 01:52:48
samchan.hkiua,2024-12-06 01:52:48
terra.attic,2024-12-06 01:52:48
inside_out_here_and_there,2024-12-06 01:52:48
soilwaterlo,2024-12-06 01:52:49
kowlooncityrecord,2024-12-06 01:52:49
tiff_chun_,2024-12-06 01:52:50
waves.after.wind,2024-12-06 01:52:50
lukechinghk,2024-12-06 01:52:51
c.95d8,2024-12-06 01:52:52
__invisiblecities__,2024-12-06 01:52:52
akinkk.sound,2024-12-06 01:52:52
ak._kan_._,2024-12-06 01:52:52
sharaaawt,2024-12-06 01:52:53
collectkidscreation,2024-12-06 01:52:53
terrynarcissan,2024-12-06 01:52:53
zaat_hap_laa,2024-12-06 01:52:54
killme_if_ucan,2024-12-06 01:52:54
douchaiarts,2024-12-06 01:52:55
the_hill_workshop,2024-12-06 01:52:55
____throughbodies,2024-12-06 01:52:56
lluvv.ellers,2024-12-06 01:52:57
missionformigrants_hk,2024-12-06 01:52:57
jccac_artsvillage,2024-12-06 01:53:06
gloriachaung,2024-12-06 01:53:06
kaito_salon,2024-12-06 01:53:07
pangjai.art.reconnect,2024-12-06 01:53:07
diaspora_explorer,2024-12-06 01:53:08
takleelamkee,2024-12-06 01:53:09
852_to_say,2024-12-06 01:53:10
kongtemp_archive,2024-12-06 01:53:10
soften.n.soar,2024-12-06 01:53:11
gabriela_hongkong,2024-12-06 01:53:11
brave.new.hk,2024-12-06 01:53:11
haaijifaatbaan,2024-12-06 01:53:12
fishwing_uu,2024-12-06 01:53:21
crip.art.residency.hk,2024-12-06 01:53:21
_cindyneh_,2024-12-06 01:53:21
renxa07,2024-12-06 01:53:22
lei_kawaii15,2024-12-06 01:53:22
art_is_pen_,2024-12-06 01:53:23
art_is_land,2024-12-06 01:53:24
comeonjames1,2024-12-06 01:53:24
