Unnamed: 0,url
400,https://www.instagram.com/levioi/p/DEHDQcjPOBe/
401,https://www.instagram.com/levioi/p/DDv0S2KPSCA/
402,https://www.instagram.com/levioi/p/DDORDgyPkdv/
403,https://www.instagram.com/levioi/p/DC3NPR1PQ0R/
404,https://www.instagram.com/levioi/p/DCyBSZ_vK5L/
405,https://www.instagram.com/levioi/p/DCqW-ENvIPL/
406,https://www.instagram.com/levioi/p/DCilt3EvJcK/
407,https://www.instagram.com/levioi/p/DCgCozvv3ik/
408,https://www.instagram.com/levioi/p/DB8A3U6vrOP/
409,https://www.instagram.com/levioi/p/DBsaKtgP7W3/
410,https://www.instagram.com/levioi/p/DBdFyY3vXZN/
411,https://www.instagram.com/levioi/p/DBIyNQdPkoF/
412,https://www.instagram.com/levioi/p/DBDNqoTvkNI/
413,https://www.instagram.com/levioi/p/DAP1dHdPB8s/
414,https://www.instagram.com/levioi/p/C_2BhdPvgZb/
415,https://www.instagram.com/levioi/p/C_ZraAkP4PU/
416,https://www.instagram.com/levioi/p/C_KhOMavDTI/
417,https://www.instagram.com/glenn.arvor/reel/C_F1xuNvW9L/
418,https://www.instagram.com/levioi/p/C-ryN8sPtLe/
419,https://www.instagram.com/marlisechu/reel/DETdLRRz-sA/
420,https://www.instagram.com/marlisechu/p/DB-HDVHzplk/
421,https://www.instagram.com/marlisechu/p/DBsI9M5S-iE/
422,https://www.instagram.com/marlisechu/p/DBZ_yp2o7xG/
423,https://www.instagram.com/marlisechu/p/C_PEYwESmsd/
424,https://www.instagram.com/marlisechu/reel/C-8_eUDSA2C/
425,https://www.instagram.com/marlisechu/p/C-xRh5nScOB/
426,https://www.instagram.com/marlisechu/reel/C7xnd51yFVK/
427,https://www.instagram.com/capsulefortyeight/reel/C7Vrxbbv79a/
428,https://www.instagram.com/wanj912/reel/C69A4U1yH3e/
429,https://www.instagram.com/marlisechu/reel/C6eKZQDSk-D/
430,https://www.instagram.com/marlisechu/reel/C5qAvuSSBDe/
431,https://www.instagram.com/marlisechu/p/C4m0f-zSy7s/
432,https://www.instagram.com/marlisechu/p/C4LkVSRSjVG/
433,https://www.instagram.com/marlisechu/reel/CzbS1oIyAhy/
434,https://www.instagram.com/marlisechu/reel/CtGUxcEM-G1/
435,https://www.instagram.com/marlisechu/p/CXLwEXcpN0S/
436,https://www.instagram.com/marlisechu/p/CW0PwzapggJ/
437,https://www.instagram.com/marlisechu/reel/CSJ1OvPJ899/
438,https://www.instagram.com/marlisechu/p/COYKPOrpsO5/
439,https://www.instagram.com/marlisechu/p/CEWYoffpMDe/
440,https://www.instagram.com/marlisechu/p/B7hxGSdA4G9/
441,https://www.instagram.com/marlisechu/p/Bx9ETY2gDnf/
442,https://www.instagram.com/marlisechu/p/BxWKMGmgxCJ/
443,https://www.instagram.com/skratchbastid/reel/DFyeUbPRWtp/
444,https://www.instagram.com/russellpeters/p/DFv2aANSTps/
445,https://www.instagram.com/russellpeters/p/DFa8R_6ygw_/
446,https://www.instagram.com/russellpeters/p/DFZFr0IPVil/
447,https://www.instagram.com/russellpeters/p/DFGeoISyX-Y/
448,https://www.instagram.com/russellpeters/reel/DErLkpuRIPV/
449,https://www.instagram.com/russellpeters/p/DEgj7hcJ4J2/
450,https://www.instagram.com/wiseguyscomedy/p/DEV3ONFufJj/
451,https://www.instagram.com/startingfromscratch/reel/DEKlb78J8Wd/
452,https://www.instagram.com/russellpeters/p/DEJw5cSRCvH/
453,https://www.instagram.com/russellpeters/p/DD8IigeSHuB/
454,https://www.instagram.com/russellpeters/p/DD2khb3SqHy/
455,https://www.instagram.com/skratchbastid/reel/DDz2EtLRtR9/
456,https://www.instagram.com/bastidsbbq/reel/DDsSr37SftL/
457,https://www.instagram.com/scotiabankarena/reel/DDqG8c3OCEd/
458,https://www.instagram.com/scotiabankarena/p/DDnU5VAyxC1/
459,https://www.instagram.com/skratchbastid/reel/DDk9gK7x4yn/
460,https://www.instagram.com/russellpeters/p/DDjQLRBRoCl/
461,https://www.instagram.com/russellpeters/p/DDawoJUS1u4/
462,https://www.instagram.com/beacontheatre/p/DDZvkt3RBHy/
463,https://www.instagram.com/ovoarena/p/DDZMtWOoDEj/
464,https://www.instagram.com/russellpeters/reel/DDSuLNgy7O_/
465,https://www.instagram.com/russellpeters/p/DDP016xSX0A/
466,https://www.instagram.com/russellpeters/p/DDNyfGrS0m-/
467,https://www.instagram.com/plong_poon/p/CteEWdFPADl/
468,https://www.instagram.com/plong_poon/reel/C8CKDHcPyTh/
469,https://www.instagram.com/plong_poon/reel/DCB3C8hBDru/
470,https://www.instagram.com/plong_poon/reel/DFumbrbhROs/
471,https://www.instagram.com/plong_poon/p/DFpmRW0BVgb/
472,https://www.instagram.com/plong_poon/reel/DFZ09y9h8wl/
473,https://www.instagram.com/plong_poon/reel/DFSRWvPh1Gl/
474,https://www.instagram.com/plong_poon/reel/DFH-VDfBahT/
475,https://www.instagram.com/plong_poon/p/DEzgfd0ByKx/
476,https://www.instagram.com/plong_poon/reel/DEoYc5iBzIZ/
477,https://www.instagram.com/plong_poon/p/DEpIK74h0iG/
478,https://www.instagram.com/plong_poon/reel/DEXQZz2Bu55/
479,https://www.instagram.com/plong_poon/p/DEKSCobBhFu/
480,https://www.instagram.com/plong_poon/reel/DDwlTs_Bk2j/
481,https://www.instagram.com/plong_poon/reel/DDrj2IOBGKo/
482,https://www.instagram.com/plong_poon/p/DDMsEWqokFH/
483,https://www.instagram.com/plong_poon/p/DDHdn5momAd/
484,https://www.instagram.com/plong_poon/p/DC4LEGIIFhi/
485,https://www.instagram.com/plong_poon/reel/DCq4rf5hCR3/
486,https://www.instagram.com/plong_poon/p/DCT08nABo_M/
487,https://www.instagram.com/plong_poon/reel/DCRJ1MGhjGB/
488,https://www.instagram.com/giiovo/reel/DCG1sRyvdMq/
489,https://www.instagram.com/plong_poon/p/DB81AfFBWPw/
490,https://www.instagram.com/plong_poon/p/DBqpWN1Bfb_/
491,https://www.instagram.com/joosedtin/p/DBXiIdsPvIt/
492,https://www.instagram.com/joosedtin/reel/CdR_8P-v1r_/
493,https://www.instagram.com/joosedtin/p/CaLNzJ_vW8Q/
494,https://www.instagram.com/joosedtin/p/CXsN3vigYoA/
495,https://www.instagram.com/joosedtin/reel/CVzv8MajIgN/
496,https://www.instagram.com/joosedtin/p/CRkXfefLVVl/
497,https://www.instagram.com/joosedtin/p/CObjaMDBagN/
498,https://www.instagram.com/joosedtin/reel/CKOA38sAQPS/
499,https://www.instagram.com/joosedtin/p/BxYSwZ7hsSH/
500,https://www.instagram.com/joosedtin/p/BxVkf8gBx6N/
501,https://www.instagram.com/joosedtin/p/BqjEoaUgL03/
502,https://www.instagram.com/joosedtin/p/BpxzUepArad/
503,https://www.instagram.com/joosedtin/p/Bj1oVXHg6KU/
504,https://www.instagram.com/joosedtin/p/BV07G9fAmxs/
505,https://www.instagram.com/joosedtin/p/BVXjBfxAYtN/
506,https://www.instagram.com/ayush_namisa/reel/Cvf3HnhIvdD/
507,https://www.instagram.com/ayush_namisa/reel/CvVIvpdKScW/
508,https://www.instagram.com/ayush_namisa/reel/CvWX14NKoKV/
509,https://www.instagram.com/ayush_namisa/p/DFbMMM5pYv3/
510,https://www.instagram.com/ayush_namisa/reel/DFbIYmeh3IQ/
511,https://www.instagram.com/ayush_namisa/reel/DFbIUkhtOg0/
512,https://www.instagram.com/ayush_namisa/reel/DFbIRDRh-af/
513,https://www.instagram.com/ayush_namisa/reel/DFMSVHPIXJh/
514,https://www.instagram.com/ayush_namisa/reel/DFMSIFEqXin/
515,https://www.instagram.com/ayush_namisa/reel/DFMR60pPQ4I/
516,https://www.instagram.com/ayush_namisa/reel/DFB5Ap9sMdS/
517,https://www.instagram.com/ayush_namisa/reel/DFA1jg2tb2Z/
518,https://www.instagram.com/ayush_namisa/reel/DEma7hvvFPm/
519,https://www.instagram.com/ayush_namisa/reel/DElj0K6NUaa/
520,https://www.instagram.com/ayush_namisa/reel/DElUVgXvEes/
521,https://www.instagram.com/ayush_namisa/reel/DElUTsEKDBp/
522,https://www.instagram.com/ayush_namisa/reel/DEcsj5uu8S8/
523,https://www.instagram.com/ayush_namisa/reel/DEL_gUqvALp/
524,https://www.instagram.com/ayush_namisa/reel/DD8bk0mv70l/
525,https://www.instagram.com/ayush_namisa/reel/DD1cDSIvJ5B/
526,https://www.instagram.com/ayush_namisa/reel/DDgn5cbOuuo/
527,https://www.instagram.com/ayush_namisa/reel/DDdgnkHO_aV/
528,https://www.instagram.com/ayush_namisa/reel/DDY179go7ni/
529,https://www.instagram.com/ayush_namisa/reel/DDNuJ-SiUMx/
530,https://www.instagram.com/yenohsounds/p/DERcYsppPdB/
531,https://www.instagram.com/yenohsounds/p/C7X9FaVJluF/
532,https://www.instagram.com/yenohsounds/p/C1jHMbTL_3N/
533,https://www.instagram.com/yenohsounds/p/DBuzydtPz1i/
534,https://www.instagram.com/yenohsounds/p/C3MzgWWOapC/
535,https://www.instagram.com/yenohsounds/p/C3DtEh8PryB/
536,https://www.instagram.com/edamami.official/reel/C2OCZcyL0cF/
537,https://www.instagram.com/yenohsounds/p/C0QohmCuZBH/
538,https://www.instagram.com/yenohsounds/p/Cz-05b2OObg/
539,https://www.instagram.com/yenohsounds/p/CznYIb9uzod/
540,https://www.instagram.com/yenohsounds/p/Cxev1oEsw-x/
541,https://www.instagram.com/yenohsounds/p/CxRTsJZvdUX/
542,https://www.instagram.com/yenohsounds/p/CwouQbbrP-v/
543,https://www.instagram.com/yenohsounds/p/CwWENGpP4LI/
544,https://www.instagram.com/yenohsounds/p/CuGbus2r9Tq/
545,https://www.instagram.com/yenohsounds/p/Ct8a2SdLvoQ/
546,https://www.instagram.com/yenohsounds/p/Cth426TPkO2/
547,https://www.instagram.com/eralomusic/p/Cth4xlQPby-/
548,https://www.instagram.com/yenohsounds/p/Cr2P8Tmubib/
549,https://www.instagram.com/yenohsounds/p/CqGHpiSpv-M/
550,https://www.instagram.com/yenohsounds/p/Cp8UvHePDjP/
551,https://www.instagram.com/yenohsounds/p/CpUKOXEu_eA/
552,https://www.instagram.com/yenohsounds/p/CpLz3XYv6Nu/
553,https://www.instagram.com/yenohsounds/p/CpEgblHriF3/
554,https://www.instagram.com/jazheiman/p/CxP6-GDSgKS/
555,https://www.instagram.com/jazheiman/p/Caee1-cvpcX/
556,https://www.instagram.com/jazheiman/p/CmLmgjiSgsT/
557,https://www.instagram.com/jazheiman/reel/DFHs4u-SwXq/
558,https://www.instagram.com/jazheiman/p/DE4Q5v0yOhy/
559,https://www.instagram.com/jazheiman/p/DE4Q0lXSXiy/
560,https://www.instagram.com/jazheiman/p/DEUXWfGSl_Q/
561,https://www.instagram.com/jazheiman/p/DEUVoE6SA66/
562,https://www.instagram.com/jazheiman/p/DDg0Se_ShBZ/
563,https://www.instagram.com/itsnicethat/reel/DDe-3cwM-x3/
564,https://www.instagram.com/jazheiman/p/DDeRXm9yUWq/
565,https://www.instagram.com/jazheiman/p/DAvYIckSI5E/
566,https://www.instagram.com/jazheiman/p/C9RzX_iycZJ/
567,https://www.instagram.com/jazheiman/p/C8_k1DMTYRE/
568,https://www.instagram.com/jazheiman/p/C8_kxRyzRFQ/
569,https://www.instagram.com/itsnicethat/reel/C8uLSrEsAHK/
570,https://www.instagram.com/jazheiman/p/C8ohBG6Sc_V/
571,https://www.instagram.com/jazheiman/p/C8og_RrSJ0y/
572,https://www.instagram.com/jazheiman/p/C8dX3-Yy_Pb/
573,https://www.instagram.com/jazheiman/p/C8bvTQeCmO8/
574,https://www.instagram.com/jazheiman/reel/C4h6rbqyW2w/
575,https://www.instagram.com/jazheiman/p/C4h6oduScdR/
576,https://www.instagram.com/jazheiman/p/C4AScJlS8S7/
577,https://www.instagram.com/jazheiman/reel/C4ASV1LySCR/
578,https://www.instagram.com/mye_yah0102/p/CWE4kKqPUWw/
579,https://www.instagram.com/mye_yah0102/reel/B-FuN5bJhqa/
580,https://www.instagram.com/mye_yah0102/p/B7L2lgrHTDE/
581,https://www.instagram.com/mye_yah0102/p/B1eoByjnRNC/
582,https://www.instagram.com/mye_yah0102/p/B1PEDVdHaR8/
583,https://www.instagram.com/mye_yah0102/p/Br8ausJhLt1/
584,https://www.instagram.com/emmaxwinder/reel/DF2aXXAomhB/
585,https://www.instagram.com/emmaxwinder/p/DFp6ntRIXIw/
586,https://www.instagram.com/emmaxwinder/reel/DFnhg-miyft/
587,https://www.instagram.com/emmaxwinder/reel/DFkuguiolgt/
588,https://www.instagram.com/emmaxwinder/reel/DFPpanMormv/
589,https://www.instagram.com/emmaxwinder/reel/DFKtsJgIJjB/
590,https://www.instagram.com/emmaxwinder/p/DEsUuj6IfJN/
591,https://www.instagram.com/emmaxwinder/p/DDucNHNIU5s/
592,https://www.instagram.com/emmaxwinder/p/DDcWbtNo7hi/
593,https://www.instagram.com/emmaxwinder/reel/DDP2swWITa7/
594,https://www.instagram.com/emmaxwinder/reel/DDK3IXyxSJe/
595,https://www.instagram.com/emmaxwinder/p/DC9ZXKsIj8f/
596,https://www.instagram.com/emmaxwinder/reel/DC10mOgI3EO/
597,https://www.instagram.com/emmaxwinder/reel/DCzfRIHoVpE/
598,https://www.instagram.com/emmaxwinder/reel/DCjZRP7oK7r/
599,https://www.instagram.com/emmaxwinder/reel/DChPo3lI354/
