852tv,koi_.3
852tv,mytungg
852tv,cheunglaichit
852tv,jengcat_
852tv,gabeechan
852tv,lcv7211
852tv,novyi.kate
852tv,erictykong
852tv,shanhotaru
852tv,adrian_chan21
852tv,hiuyiu
852tv,sarahm_w
852tv,hoilammm._
852tv,just.sen_
852tv,c.hndrk
852tv,carius._.0621
852tv,jeffyu__
852tv,panggor0.0
852tv,itsryanto
852tv,derek_map
852tv,jordanschwarz
852tv,jwcustomstudios
852tv,jwstudios
852tv,cherry.desu_
852tv,iamgia
852tv,subwayoracle
852tv,kskavi
852tv,_mrs_jinnie_04
852tv,tszwan_0709
852tv,c_chingnam
852tv,kiff__666
852tv,ricky.leung.r
852tv,himelo_.23
852tv,skyfreew
852tv,sleepybrast
852tv,jacobwonggggg
852tv,updatingshow
852tv,nbcsnl
852tv,leman0763
852tv,claudia.c.mua
852tv,michelleliezel
852tv,kenyeungken
852tv,tylerwthm
852tv,yangalex1081
852tv,__zoe__s._kjw
852tv,thomasfytint
852tv,robertwun
852tv,scfsaint
852tv,chiminggg_ggg
852tv,_ivyma_
852tv,less.jart
852tv,852radio
852tv,jesseitzler
852tv,elvisssko
852tv,02.krystal_
852tv,ipfui1015
852tv,ncc.rerryng
852tv,_nicknick_96_12_
852tv,hhheeeiii._
852tv,mothcommunityradio
852tv,lan.charx
852tv,ka.loko.o
852tv,catherineewongmm
852tv,caseyleung_lyt
852tv,hazzzel.c
852tv,1111hoitung
852tv,o_onyx_x
852tv,sueanncmy
852tv,leunghoiiyee
852tv,ywmy.e
852tv,belle.________
852tv,dustinl96
852tv,jacky_ack
852tv,isaacwong42
852tv,ivan05yu
852tv,kkkkkathyyyyy
852tv,crystal_ccs
852tv,matt.tccc
852tv,ollybowman
852tv,dest.okay
852tv,angus_scamper
852tv,magicroom.hk
852tv,cocoohmygod
852tv,jlewww.5
852tv,siufay613
852tv,cocoishot
852tv,zeloswongz
852tv,michaelc.hoiho
852tv,jamlivelgbt
852tv,pinkdothk
852tv,mothagency
852tv,bluepongpong
852tv,mrvinciwong
852tv,kenken.lch
852tv,jonjon_jonathannn
852tv,felixdch
852tv,jordan_orme
852tv,benjamin_museo
852tv,directedxcarlos
852tv,darrenwalshpuns
852tv,lucassjoness
852tv,kaarryyyc
852tv,wongsasaa
852tv,cyndiglitzzz
852tv,keibucklandmusic
852tv,outcastsfromthe853
852tv,cut
852tv,artclubhk
852tv,willyj1234
852tv,tooturnttony
852tv,shuzinho
852tv,voltage.labs
852tv,thereleaseday
852tv,emaleyipz
852tv,mikejeffreyphotography
852tv,newworldvisions
852tv,jaime_ctw
852tv,afantano
852tv,joeyvalence
852tv,madisoncalley
852tv,kiaraofficial._
852tv,lwf_belle.0217
852tv,thefilmmemes
852tv,the.creators.cut
852tv,backyardmix
852tv,choe_show
852tv,bimmawilliams
852tv,irene.leeee
852tv,businessuntitled
852tv,saint
852tv,kay.eey
852tv,vivian.tanaka
852tv,quiverquantitative
852tv,ethan.uncurated
852tv,gladstonemedia
852tv,soft_white_underbelly
852tv,starter_story
852tv,cy_leo
852tv,7hiery
852tv,mackkkgor
852tv,__da.ep_oc.h
852tv,gamechangershow
852tv,morningbrew
852tv,danielhiewmagic_
852tv,troyhawke
852tv,ethanyijan
852tv,ericj3ng
852tv,collabhk_official
852tv,kw.ok
852tv,yunomiles
852tv,whoisyanting
852tv,annahisbbur
852tv,calvin.wtf
852tv,water_wild_month
852tv,jeryyeeee
852tv,sidegas_hk
852tv,zac_nirvana_
852tv,sohoilun
852tv,viralvideo.club
852tv,westrinjames
852tv,tifffanytong
852tv,iamlamlammm
852tv,tempo__contato
852tv,reubaeee
852tv,kirby__anderson
852tv,rrreeve
852tv,stacygw_
852tv,mrkootattoo
852tv,westtung
852tv,hustledontplay
852tv,doseofsociety
852tv,gigiicheung
852tv,cheri2222
852tv,hypemaker
852tv,such.hk
852tv,causewaybaee
852tv,davidmuoka
852tv,yautaitung
852tv,coman_jaiii
852tv,ok.la.hk
852tv,okla_podcast
852tv,jerry_chowson
852tv,byejackk
852tv,ylc_patty
852tv,jacechw
852tv,fatty_tai
852tv,ginnychan
852tv,fung0207_
852tv,mediastudio.official
852tv,nocompany_
852tv,howtomakethenba
852tv,bigsammytattoo
852tv,bigsammy1
852tv,dcdessy
852tv,zenokoo
852tv,silverstrike_13
852tv,niclawc
852tv,chunchai
852tv,tiab97s
852tv,aplasticplant
852tv,recess_therapy
852tv,cosmos
852tv,moon.cytt
852tv,liyoeo
852tv,b.o.b__0
852tv,thoughtwefriends
852tv,yeechinglam_0611
852tv,megantanhweewen
852tv,rock.gor
852tv,lens_addiction
852tv,katemackz
852tv,catastrophe.off
852tv,berniceli
852tv,wildin.tv
852tv,hunter_prosper
852tv,garycheung
852tv,karl_shakur
852tv,tttiffanytt
852tv,valslooks
852tv,tnhong_084
852tv,hk2kc
852tv,kitling_
852tv,september___studio
852tv,oliviacurleyy
852tv,kaaying219
852tv,saratheotter
852tv,jessicashell1108
852tv,jeh.vas
852tv,nicholas_hui
852tv,eyecannndy
852tv,veeeeeeeeeehk
852tv,leeyatding
852tv,thaimay_spicy
852tv,sleepingongems
852tv,khdcheung
852tv,wlacet
852tv,the505podcast
852tv,maxoklymenko
852tv,the.language.nerds
852tv,stevenwommack
852tv,peace_gates
852tv,gakuyen
852tv,samuelfromzero
852tv,secondsapart
852tv,kidnap.tv
852tv,bryant_skc
852tv,skateboardsometimes
852tv,filmoment
852tv,walledcity_wildest_dreams
852tv,ianhwu
852tv,interlude.live
852tv,what.videos.hk
852tv,bekii_ii98
852tv,z.tuffy
852tv,goodkidbadstudent
852tv,modernnotoriety
852tv,smileywor1d
852tv,benmokhk
852tv,mousekinggg
852tv,cuffed.dating
852tv,seesea_the_techno_gaksul
852tv,___cky___
852tv,yoyokwans
852tv,manchung___
852tv,k.cut.s
852tv,___tsz.yinggggg___
852tv,hellerfilms
852tv,comeonjames1
852tv,lampson
852tv,thewzy_
852tv,thechinesedictionary
852tv,tangsys
852tv,just.not.your.bae
852tv,newyorknico
852tv,ew_noelle_
852tv,fungmadeit
852tv,newhkclub
852tv,twchunnn
852tv,_bianca.cytt_
852tv,_parcooo
852tv,yipd0g
852tv,timothy.kong
852tv,subwaytakes
852tv,johnrazalo
852tv,always.elin
852tv,maxjwoodward
852tv,adrianyip
852tv,quintonshiu
852tv,lectcha
852tv,yeahmadtv
852tv,s.h.seng
852tv,alex.chengg
852tv,owenacty
852tv,susuca
852tv,jessamyn.chiu
852tv,abbxash
852tv,michaelchuuu
852tv,walris
852tv,notbadgalriri__
852tv,hlk_photo
852tv,wesleyjamison_
852tv,joywza
852tv,allen_chung.13
852tv,photoshop.monster
852tv,claudia_chan12
852tv,cometobibi
852tv,khalilelaouani
852tv,qhrvboss
852tv,vinicius.yvn
852tv,cheryltong810
852tv,mamatoldme852
852tv,theafroseas
852tv,supa_massie
852tv,nick.lin
852tv,d_ununn
852tv,jazziesillona
852tv,_jessica_shell_
852tv,audreychoww
852tv,shanda_dj
852tv,abyss.852
852tv,jayencee
852tv,jerrryyychuang
852tv,itsaudreychow
852tv,kikabhoymarcus
852tv,streetsnap.portrait
852tv,shun_is_stronk
852tv,sav14th
852tv,staceydevinachan
852tv,lh_lamho
852tv,hkhemlani
852tv,hxlen.psd
852tv,gaugaugaupage
852tv,cham_timo
852tv,henry.chc
852tv,jchowbn
852tv,jimibeanz
852tv,patheticmcflurry
852tv,joannejosephinerhodes
852tv,mon_mon_myae
852tv,silaschn
852tv,seanwuu
852tv,supahotgai
852tv,martinbunng
852tv,yukiiii1012
852tv,djmengzy
852tv,xanderdidntwakeup
852tv,pkc.eddie
852tv,chak_chung
852tv,aglkbpm
852tv,thelowmays
852tv,younghysan
852tv,ausiuhei
852tv,soophiiiiieeee
852tv,tiffck
852tv,micccchen
852tv,ryanwat_
852tv,suen_smallb
852tv,notkellychen
852tv,austinveloso27
852tv,wlw.s
852tv,godfreyychan
852tv,alex__tkk
852tv,aw__17
852tv,ansonckchung
852tv,keira247
852tv,nataliieeccw
852tv,adrianzychow
852tv,tomtsaoao
852tv,vivien_li_
852tv,stephaniethr_
852tv,marcocyc
852tv,daniely211
852tv,watchyungplay
852tv,k8ithtsang
852tv,neergcim
852tv,michjang
852tv,the_mel_bae
852tv,nikkawong
852tv,marcuscheah
852tv,mcheah_
852tv,kristleleee
852tv,barrychau_
852tv,mrtn.chu
852tv,stantowns
852tv,mtthw.m
852tv,dannydjdk
852tv,crazych0k
852tv,krish____________
852tv,_zacuri.wav
852tv,michaelchuanggg
