cantomando,cantodulin
cantomando,akin.toronto
cantomando,beachhillbbq
cantomando,slowboatbrewery
cantomando,labastillebakery
cantomando,charlespanfriedchicken
cantomando,nyhotdogs
cantomando,dddennis_h
cantomando,andyhuangg
cantomando,lalalalyris
cantomando,chefsangkim
cantomando,gianlucaruggierichef
cantomando,chefashishsethi_
cantomando,theyoutuberu
cantomando,eastcourtbbq
cantomando,greatfountain
cantomando,eatmorescarborough
cantomando,keeganhasegawa
cantomando,winnieesaurus
cantomando,cantotomando
cantomando,wafflebam
cantomando,insta.noodls
cantomando,yomamacancook
cantomando,kojimochi
cantomando,saviojosephtv
cantomando,foligion
cantomando,bunchofbananaspod
cantomando,conniecooks.co
cantomando,andy.and.michelle
cantomando,j.cruick
cantomando,jrodtwins
cantomando,justinrodjan
cantomando,scotthoho
cantomando,derek_mio
cantomando,golden.gully
cantomando,maryshappybelly
cantomando,kalie_ho
cantomando,mymomschili
cantomando,pearhaus.studio
cantomando,quinooo
cantomando,malcolmnguyen
cantomando,cody__yeh
cantomando,tylershawmusic
cantomando,the_modernchef
cantomando,thestevenhe
cantomando,brashnews
cantomando,chinatraveljoy
cantomando,subtlecantonesetraits
cantomando,laucrystalmomo
cantomando,erictway
cantomando,representasianproject
cantomando,dr.candiselin
cantomando,patrickzeinali
cantomando,lachinatown
cantomando,wheresjohngone
cantomando,ferraricollector_davidlee
cantomando,derekkchen
cantomando,jmglitxh27
cantomando,danluzhu
cantomando,brandon_zhao21
cantomando,water_wild_month
cantomando,ivanye
cantomando,georgiakategordon
cantomando,bennyluo
cantomando,bayashi_tv
cantomando,manchurektriplets
cantomando,kebbeth
cantomando,ronshots
cantomando,ho.athome
cantomando,_thatdisgirl
cantomando,spokesmayne
cantomando,americanincome
cantomando,shareityapp
cantomando,brianmanno
cantomando,chez.jorge
cantomando,rawmanda
cantomando,kazsawyer
cantomando,_itsmedyy_
cantomando,rikognition
cantomando,missmangobutt
cantomando,zachchoi
cantomando,chefupk
cantomando,chefdavidkuo
cantomando,k.hyli
cantomando,pheebstanner
cantomando,jobroseph
cantomando,hungryhugh
cantomando,chefboylee
cantomando,zachandtee
cantomando,tiffy.cooks
cantomando,dvdnguyen
cantomando,twaydabae
cantomando,owen.han
cantomando,hwoo.lee
cantomando,nom_life
cantomando,nishcooks
cantomando,jesseogn
cantomando,iammcjin
cantomando,foodwithmichel
cantomando,justonecookbook
cantomando,sheldon_lo
cantomando,colinandsamir
cantomando,outcastsfromthe853
cantomando,mr.grateful
cantomando,mistahislah
cantomando,stanbrowney
cantomando,lennardvandervalk
cantomando,itsspelledlloyd
cantomando,discoverhongkong
cantomando,outerspace.international
cantomando,thisstoryaintover
cantomando,souptimmy
cantomando,forgoodcode
cantomando,bayarea.foodies
cantomando,invictusgamestation
cantomando,wok_lobster
cantomando,keyimaa
cantomando,6feetunder_podcast
cantomando,905shooter
cantomando,successgoat
cantomando,lookcatchu
cantomando,tinalee_tnt
cantomando,mattbentleyviney
cantomando,darren.jyl
cantomando,benk.im
cantomando,ewi.stone
cantomando,samdoesarts
cantomando,vanessalau.co
cantomando,dwighthoward
cantomando,solo.manc
cantomando,momslovegabe
cantomando,kazumisworld
cantomando,theoneshu
cantomando,megansuri
cantomando,tishaalyn
cantomando,thesamlitv
cantomando,mikirai
cantomando,jhboudinet
cantomando,mriokidd
cantomando,daddydumpling
cantomando,levitatestyle
cantomando,princeoftravel
cantomando,w2sixpackchef
cantomando,asianhustlenetwork
cantomando,scottyang086
cantomando,kassieyeung
cantomando,brandun_lee
cantomando,wardell416
cantomando,venzontwins
cantomando,arrdawg
cantomando,ninaeyu
cantomando,harborviewsf
cantomando,sunk7s
cantomando,jeffreybalbui
cantomando,imjoyli
cantomando,dave.v4_
cantomando,trevorlui
cantomando,yuugi.izakaya
cantomando,suuhleena
cantomando,itsyoboyivannn
cantomando,samsungcanada
cantomando,leendadong
cantomando,jlinfoundation
cantomando,amaznhq
cantomando,ryanbergara
cantomando,melton
cantomando,tianashern
cantomando,hasanminhaj
cantomando,chriswkim_
cantomando,adrianneho
cantomando,dominiquewilkins21
cantomando,alexandraporat
cantomando,coachjoshfan
cantomando,ronnychieng
cantomando,tesherrrr
cantomando,yeeitscathy
cantomando,choo.it
cantomando,deborahlauyu
cantomando,siruplum_photography
cantomando,wiilliamli
cantomando,visualsbydeo
cantomando,willtenny
cantomando,iamyogapilates
cantomando,reggiemartin10
cantomando,koreanvillageto
cantomando,dancelifex
cantomando,john.skim
cantomando,weylie
cantomando,izumi_kazuhiro
cantomando,umiskitchen01
cantomando,bigsheng
cantomando,mfxng_
cantomando,asiansgetactive
cantomando,paitoronto
cantomando,kingkwongs
cantomando,_timchung
cantomando,duckybokki
cantomando,roytruong
cantomando,ronaldchens
cantomando,sifuash
cantomando,framebrains
cantomando,alankennywong
cantomando,nathan.wu
cantomando,shanrizwan
cantomando,erikankullberg
cantomando,downbadshow
cantomando,jessie_the_dreamer
cantomando,chanmanprod
cantomando,meet.lebanon
cantomando,gloryk814
cantomando,slicenrice
cantomando,blondieinchina
cantomando,jjsaysofficial
cantomando,madewithlau
cantomando,lisamarie_tse
cantomando,shuoshuo_chinese
cantomando,wushuproject
cantomando,vincentgmd
cantomando,k.ia
cantomando,bigtroublebar
cantomando,incendium_gg
cantomando,misslincafe
cantomando,master_wong_official
cantomando,riyanamezban
cantomando,saarboi
cantomando,carnabyfairofficial
cantomando,seandoesmagic
cantomando,pariahoceanmusic
cantomando,anguswannnn
cantomando,ya.boy.scottie
cantomando,realskitzz
cantomando,dayvidjay
cantomando,roblosch
cantomando,lorettachin
cantomando,shinangovani
cantomando,bigbootychingling
cantomando,delivury
cantomando,bluejays
cantomando,fetechinoise
cantomando,piiatamare
cantomando,clemango
cantomando,_eviiilai
cantomando,hafugo
cantomando,jensentung
cantomando,crustyssg
cantomando,aylexthunder
cantomando,ottpay
cantomando,asian.representationforum
cantomando,tt_supermarket
cantomando,lukaschiang
cantomando,issfanfan
cantomando,oliviamunn
cantomando,stopaapihate
cantomando,stopasianhate
cantomando,hateisavirus
cantomando,yolochinese
cantomando,canto.britt
cantomando,chinawentis
cantomando,leahsfieldnotes
cantomando,attackontitanwiki
cantomando,alanking
cantomando,mingmingishere
cantomando,malachiflynn
cantomando,cantomandomemes
cantomando,ayenhejingxin
cantomando,xingfutang.toronto
cantomando,yangteashop
cantomando,xingfutang_canada
cantomando,kftea_welland
cantomando,heysugartea
cantomando,yudy_11_city
cantomando,sugarmarmalade.official
cantomando,sugarmarmalade_markhameast
cantomando,tigersugartoronto
cantomando,palgongtea.canada
cantomando,amandarachlee
cantomando,nxt_arc
cantomando,machinegunkelly
cantomando,_christinehuang_
cantomando,miemie_1106
cantomando,sacheubeauty
cantomando,realricky
cantomando,feedmeimei
cantomando,stockx
cantomando,stockxzh
cantomando,laoshu505000
cantomando,keshi
cantomando,rainraiin
cantomando,kawasounds
cantomando,emmymade
cantomando,jonisaac_01
cantomando,mrnigelng
cantomando,hanx2_comic
cantomando,hygenie.ca
cantomando,everything_derek
cantomando,teamwang
cantomando,hannah_quinlivan
cantomando,torres_pit
cantomando,phodacultureguide
cantomando,twosetviolin
cantomando,thekingofunderdogs
cantomando,mtlflextv
cantomando,michelleobama44
cantomando,catmantoo
cantomando,naomiosaka
cantomando,roses_are_rosie
cantomando,sooyaaa__
cantomando,jennierubyjane
cantomando,lalalalisa_m
cantomando,blackpinkofficial
cantomando,bigtroublepodcast
cantomando,thecommodoreproductions
cantomando,wowitsdominic
cantomando,bts.bighitofficial
cantomando,cnliziqi
cantomando,falachenfala
cantomando,chungkayanlinda
cantomando,subtleasiantraits
cantomando,jonnykimusa
cantomando,edweird0
cantomando,myvitasoy
cantomando,sheldonhoho
cantomando,laomachris
cantomando,caviin
cantomando,ingatylam
cantomando,kungfuteausa
cantomando,thecantomandosquad
cantomando,taiyakinyc
cantomando,pesheanphotography
cantomando,nancyvo_
cantomando,derekto14
cantomando,itsjcnana
cantomando,jenshahade
cantomando,navbhatiasuperfan
cantomando,jamaal.magloire
cantomando,oanunoby
cantomando,aznflushgame
cantomando,openingceremony
cantomando,humberto
cantomando,devondine
cantomando,justinwu
cantomando,paymetonsofmoneyu
cantomando,mylennial
cantomando,wengie
cantomando,_mguann
cantomando,ssooniestyle
cantomando,terracotta.la
cantomando,carolzhao95
cantomando,kirbylee213
cantomando,behindthescenegram
cantomando,esthersoyunpark
cantomando,amestoseetheworld
cantomando,jessyluxe
cantomando,hyulari
cantomando,khalifboyd
cantomando,badpacobad
cantomando,bobaguys
cantomando,itsdpd
cantomando,cassdsong
cantomando,mikexingchen
cantomando,ollie.colliegram
cantomando,chaumeleon
cantomando,nba
cantomando,jharden13
cantomando,damianlillard
cantomando,miniso.canada
cantomando,zacklaw
cantomando,got7.with.igot7
cantomando,gluguluu_
cantomando,allisontsui
cantomando,thewesleychan
cantomando,movie.effects.vfx
cantomando,filmmakersworld
cantomando,chauchautrain
cantomando,papapoppin
cantomando,motherpoppin
cantomando,ma_ma_happy
cantomando,todotoronto
cantomando,datenightyyz
cantomando,sacheu
cantomando,moe.ngo.ei
cantomando,v.ngyn
cantomando,clemchu13
cantomando,shermansu
cantomando,jubileemedia
cantomando,janetdoubleu
cantomando,melodyccheng
cantomando,justkiddingnews
cantomando,ajrafael
cantomando,juliettelouie
cantomando,luseeyalu
cantomando,bensonq
cantomando,hwuwu
cantomando,hudsonyang
cantomando,ryantrahan
cantomando,charlie_hohohoho
cantomando,my_kawaiination
cantomando,carmbearr
cantomando,mikebowshow
cantomando,cindybearr
cantomando,shotbyjohnnythai
cantomando,pearlriverbridgeusa
cantomando,asianbossgirl
cantomando,jasonsuperchan
cantomando,woodstoneeatery
cantomando,magnalashes
cantomando,straightouttathe6ixtv
cantomando,humberwestpky
cantomando,cantosmando
cantomando,formerlybtsfanpage
cantomando,shxxbi131
cantomando,leo.wz
cantomando,nbatv
cantomando,wenevr
cantomando,micah_lancaster
cantomando,sdy.cheeks
cantomando,elliotchoy
cantomando,angryasianman
cantomando,bopomofocafe
cantomando,cbrickley603
cantomando,the_minorities3
cantomando,sergeibaka
cantomando,kkorv26
cantomando,final_editing
cantomando,natgeo
cantomando,nrtabletennis
cantomando,thebayareaclassic
cantomando,cantomandosquad
cantomando,canto.mando
cantomando,cantomando.ph
cantomando,leaguefits
cantomando,justinbieber
cantomando,pskills43
cantomando,kev000007
cantomando,jaredfaa
cantomando,priscillaabbychai
cantomando,raised.online_________________
cantomando,lilly
cantomando,xj_will
cantomando,ramson_nungu
cantomando,k.geeee
cantomando,bohanphoenix
cantomando,kodyantle
cantomando,saxyphil
cantomando,stevenkwlim
cantomando,brianimanuel
cantomando,instagram
cantomando,ccyaa_
cantomando,marcgasol
cantomando,asianandloud
cantomando,jasondchen
cantomando,thu.nguyen.q
cantomando,54hehe
cantomando,zhong
cantomando,yogalin_official
cantomando,oldtoronto
cantomando,rebelyellow__
cantomando,inbtwnstudios
cantomando,hoopandlife
cantomando,subtleasiandatingofficial
cantomando,ericchou0622
cantomando,cindyyenofficial
cantomando,jenerationdiy
cantomando,allfordemar_
cantomando,antomando
cantomando,narasonu_
cantomando,3asiancuties
cantomando,martinyao
cantomando,henryl89
cantomando,jake_taylor9
cantomando,jcrisistv
cantomando,angelinepeng
cantomando,liakaing
cantomando,ashley_nyq
cantomando,whiteporcelainofficial
cantomando,lin.edward
cantomando,casaatpitt
cantomando,optimize.physiotherapy
cantomando,6ixbuzztv
cantomando,slam
cantomando,greenranger14
cantomando,filipinovibez
cantomando,keiveendizon
cantomando,ricefeed
cantomando,bartkwan
cantomando,joejitsukawa
cantomando,kennysnoodle
cantomando,tangerinehoops
cantomando,mando_canto
cantomando,jacksonwang852g7
cantomando,goldthread2
cantomando,sarah.pun.7
cantomando,nellynelchan
cantomando,thekidstableseries
cantomando,kevinlimagic
cantomando,nextshark
cantomando,jennizzle
cantomando,manner_laji
cantomando,sixtycents
cantomando,knowknow53
cantomando,titoplease
cantomando,kenjeong
cantomando,harryshumjr
cantomando,jimmyoyang
cantomando,donnieyenofficial
cantomando,awkwafina
cantomando,michelleyeoh_official
cantomando,henrygolding
cantomando,gemmachan
cantomando,simuliu
cantomando,jasonylee_
cantomando,constancewu
cantomando,wangleehom
cantomando,nickthereal4sho
cantomando,yingcaier
cantomando,gem0816
cantomando,jolin_cai
cantomando,jjlin
cantomando,jaychou
cantomando,jaymendoza
cantomando,lifeofcarltonbanks
cantomando,richard_lee94
cantomando,talkntell
cantomando,eericpatrick
cantomando,chazsmith
cantomando,_asiangirl101
cantomando,myfootfunction
cantomando,bobasodatv
cantomando,jennyp.h
cantomando,mayapolarbear
cantomando,randomorderstudios
cantomando,jaerichards
cantomando,shadow.hok4ge
cantomando,camfong
cantomando,jusreign
cantomando,gobi_creampuff
cantomando,asiansaying.s
cantomando,worldoffamilyguyv2
cantomando,tiktok
cantomando,kalesaladanimals
cantomando,rockyleeart
cantomando,cantomandotravels
cantomando,untitled_final.png
cantomando,ccraveisforever
cantomando,oneofthree_asain_amigos
cantomando,jamiezhu
cantomando,barackobama
cantomando,xafiandauri
cantomando,chowmane
cantomando,rudymancuso
cantomando,gunnarolla
cantomando,hardstop.lucas
cantomando,trappedinanimetv
cantomando,thegracepan
cantomando,asiandontraisin__
cantomando,calvinlaucm
cantomando,patcy.chen
cantomando,richkids_english_police
cantomando,shimmycocopuffs
cantomando,lenalemon
cantomando,be.selina
cantomando,jeremyxchoi
cantomando,masaboxgor
cantomando,kiirstinleigh
cantomando,thatsshanghai
cantomando,instachengdu
cantomando,cantomandofanpage
cantomando,draw.ttshow.tw
cantomando,qpark
cantomando,worldofsimpsons2
cantomando,officialmortgagematt
cantomando,worldoffamilyguy
cantomando,kyle_lowry7
cantomando,chaneeuncanny
cantomando,lolitathesibhusky
cantomando,seouljyu
cantomando,sionsideup_
cantomando,raptors
cantomando,isxxcchiu
cantomando,9gag
cantomando,flexpun
cantomando,jomakaze
cantomando,vansatthemetgala
cantomando,flywithjohnnythai
cantomando,sherrybyw
cantomando,chinghim.ng
cantomando,dr.jacob.harden
cantomando,danakadan
cantomando,joerogan
cantomando,normanpowell4
cantomando,fredvanvleet
cantomando,lilianchoww
cantomando,jamswei
cantomando,whitechinese_
cantomando,demar_derozan
cantomando,vivobarefoot
cantomando,jlouofficial
cantomando,irwanlibrata
cantomando,tolualamu
cantomando,asianswithattitudes
cantomando,jefo
cantomando,joonbuglee
cantomando,littleasianman
cantomando,stevenash
cantomando,moveu
cantomando,johnny.newyen
cantomando,bgztv
cantomando,mreddiehuang
cantomando,brahny_
cantomando,bhannn
cantomando,monsune.inc
cantomando,helpfullaughter
cantomando,kalesalad
cantomando,jennyd_37
cantomando,isaiahthomas
cantomando,davidsocomedy
cantomando,tjchoa
cantomando,lsl.azia
cantomando,mobinm_
cantomando,thebarefoot_movement
cantomando,sahib.s_
cantomando,leoyuet
cantomando,jeffreychang
cantomando,victorhwon
cantomando,jeremy.xue
cantomando,monamieamie
cantomando,gracewong1
cantomando,leslliec
cantomando,paulerashow
cantomando,bacccarani
cantomando,alphasian
cantomando,emzoticofficial
cantomando,borutovideo
cantomando,christen.fong
cantomando,nomisuohz
cantomando,gravitycoach
cantomando,poeticcantonese
cantomando,mindzeye
cantomando,longbeach_griffy
cantomando,lacorgi
cantomando,animalsdoingthings
cantomando,gaithappens
cantomando,thebarefootpodiatrist
cantomando,timchantarangsu
cantomando,gangmeowoffice
cantomando,unblockedto
cantomando,babyyoshishiba
cantomando,beanie_foodie
cantomando,basketballforever
cantomando,tadeevo
cantomando,instasupp
cantomando,haipiaoshidai
cantomando,taiwanismalade
cantomando,jkfilms
cantomando,cats_of_instagram
cantomando,asianpopweekly
cantomando,nbamemes
cantomando,adrizqii
cantomando,kobebryant
cantomando,matthewchwong
cantomando,joonleecomedy
cantomando,mleuung
cantomando,secretofathleticism
cantomando,daquan
cantomando,terry__he
cantomando,jchan308
cantomando,jlin7
cantomando,davidbfung
cantomando,andrewjfung
cantomando,blackfirenetwork
cantomando,zanabfarooq_
cantomando,markphillips
cantomando,wongfuphil
cantomando,wongfupro
cantomando,thefootcollective
cantomando,02robertpattinson11
cantomando,hypethestreets_
cantomando,teachans
cantomando,houseofhighlights
cantomando,fruitypoppin
cantomando,memes_save_dolphins
cantomando,giannis_an34
cantomando,mr.tama_tan
cantomando,chinesecanadianco
cantomando,emilyyauu
cantomando,emolaylay
cantomando,godfreygao
cantomando,asiansneverdie
cantomando,iamtymcfly
cantomando,manner__official
cantomando,bitesizedchinese
cantomando,instaideogram
cantomando,eleungg
cantomando,viveanneroyal
cantomando,jumpcuthq
cantomando,garyvee
cantomando,jesse_j637
cantomando,shaogao
cantomando,kong408
cantomando,suffihasan
cantomando,prozd
cantomando,mandarinspark
cantomando,mizwu
cantomando,f.cxx
cantomando,calvinch4n
cantomando,yuhitsmarrr
cantomando,notryanhiga
cantomando,7_w4n
cantomando,tyvduong
cantomando,superbburgerfishnchips
cantomando,tydecheng21
cantomando,iceicebarry
cantomando,fungbros
cantomando,jimbaslice
cantomando,thewadeeffect
cantomando,momonasrr
cantomando,dulcealsa
cantomando,klee_69
cantomando,jeffwongg
cantomando,ashley.lwc
cantomando,mrhsulaoshi
cantomando,konedaville
cantomando,jasonhz1
cantomando,shulinmandarin
cantomando,merytan04
cantomando,c.kw.ho
cantomando,3doggies
cantomando,growingupasian__
cantomando,kelvin_son
cantomando,wilaime
cantomando,kingbach
cantomando,haroamysu
cantomando,emmahignett
cantomando,lesliezhengg
cantomando,linguaroo_chinese
cantomando,allaboutchinese
cantomando,yourmandarin
cantomando,jchungie
cantomando,jayalexlo
cantomando,victorweizhang
cantomando,youreverydayasian
cantomando,gigifangg
cantomando,esafung
cantomando,z.enrong
cantomando,tellysq10
cantomando,learning_chinese_daybyday
cantomando,non161103
cantomando,touagengo
cantomando,suuuuun_chinese
