cantodulin,nida_hyunha
cantodulin,masterwen_hao
cantodulin,keshi
cantodulin,mummysam_billy
cantodulin,cantonesefriendshipclub
cantodulin,shanyichun.1223
cantodulin,kateis_
cantodulin,aaashleyk
cantodulin,jackiechan.de
cantodulin,aelfricedenofficial
cantodulin,weantodale
cantodulin,rodemic
cantodulin,audixmics
cantodulin,sonymusic
cantodulin,sony
cantodulin,myvitasoy
cantodulin,duolingo
cantodulin,diorlying
cantodulin,mee.poonyada
cantodulin,vincychan
cantodulin,wheetthiins
cantodulin,lesliiekwan
cantodulin,hjevelyn
cantodulin,anhm.le
cantodulin,cpydiana
cantodulin,shi_ga
cantodulin,chuamberr
cantodulin,uncomfy.co
cantodulin,kyurindiary
cantodulin,jasonwyan
cantodulin,ucd.hkcsa
cantodulin,water_wild_month
cantodulin,chanlokkeung
cantodulin,eatwithcv
cantodulin,remyzeee
cantodulin,nakedbibi
cantodulin,ykaizzk
cantodulin,lironghao85
cantodulin,7aekwang
cantodulin,meshtimes
cantodulin,mr.and.mrs.gao
cantodulin,bennyluo
cantodulin,crystalfyy
cantodulin,1min_film
cantodulin,yao_feilin
cantodulin,yimengling
cantodulin,masiwei1993
cantodulin,hitcfestival
cantodulin,jdy.cn
cantodulin,jinnyng
cantodulin,wrenevans____
cantodulin,faithcns_
cantodulin,jace.june
cantodulin,hirene_
cantodulin,heyfionawang
cantodulin,jenaissante
cantodulin,cantotomando
cantodulin,branchfurniture
cantodulin,brysonkeith__
cantodulin,minleemusic
cantodulin,kianted
cantodulin,bgirl_anlei
cantodulin,laugherhk
cantodulin,ginno92
cantodulin,alvinyeung_06
cantodulin,newjeans_official
cantodulin,lesleychianglove
cantodulin,le_sserafim
cantodulin,dear.teaco
cantodulin,teadaytuesday
cantodulin,kennylsong
cantodulin,brunomars
cantodulin,elenalinnn
cantodulin,smelly.lunchbox
cantodulin,djgallixc
cantodulin,silvia.huynh
cantodulin,lulufu888
cantodulin,titusljh_boy
cantodulin,mekachyu
cantodulin,kikicheungg
cantodulin,sunk7s
cantodulin,heyimaika
cantodulin,garbo.zhu
cantodulin,kgc_kenneth
cantodulin,imjennim
cantodulin,gaahhei
cantodulin,jasonmkchan
cantodulin,itsjmaine
cantodulin,williamsengg
cantodulin,laufey
cantodulin,shulunc
cantodulin,xxxibgdrgn
cantodulin,jenny.huynh._
cantodulin,andylauox
cantodulin,chinese_lorange
cantodulin,mo11yshen
cantodulin,do_do_cheng
cantodulin,nk830
cantodulin,leoku
cantodulin,steadygangsteady
cantodulin,chase
cantodulin,lam.suet.official
cantodulin,daigasikfaan
cantodulin,yoonsherry.co.id
cantodulin,jclyn.x
cantodulin,tangshuiman
cantodulin,hanyu.online
cantodulin,lika.solt
cantodulin,learn_chinese_effectively
cantodulin,viutv
cantodulin,chinesewithmia
cantodulin,daijiyachtclub
cantodulin,jennocidexx
cantodulin,jobroseph
cantodulin,happyforu6yaa
cantodulin,piiatamare
cantodulin,sophiaclu
cantodulin,jasondchen
cantodulin,victoriazmei
cantodulin,lammer
cantodulin,_lisang_
cantodulin,evanwijayaofficial
cantodulin,lilygao1
cantodulin,_magdawu_
cantodulin,suuhleena
cantodulin,torres_pit
cantodulin,kristy_christie___
cantodulin,sallykim7
cantodulin,daddydumpling
cantodulin,katie_elaine___
cantodulin,hungrymaianh
cantodulin,parker.yau
cantodulin,nkristine032
cantodulin,inchinese_
cantodulin,itsbubz
cantodulin,arianandesai
cantodulin,aung_19_
cantodulin,nikki_ngo_
cantodulin,alex_and_er_moy
cantodulin,li.shiyuan1801
cantodulin,silkmandarinschool
cantodulin,jenn.iferphan
cantodulin,kellyhlu
cantodulin,yu_gahoe
cantodulin,mellanyyb
cantodulin,eleungg
cantodulin,yiminghay
cantodulin,yungchoyee
cantodulin,nwuuu
cantodulin,jules.aney
cantodulin,geneabrahms
cantodulin,ibeanlee
cantodulin,learning_chinese_with_vica
cantodulin,flywithjohnnythai
cantodulin,chinalatinadfw
cantodulin,vivianjasmineyuu
cantodulin,noregretstan
cantodulin,rui_m_yu
cantodulin,antheony_
cantodulin,heru.u.u
cantodulin,kolydna
cantodulin,j.andrei_p
cantodulin,davidtheliar
cantodulin,sandyyueh
cantodulin,elcise.t
cantodulin,red_converse
cantodulin,jerzmac
cantodulin,mepeleoconmigounavezalmes
cantodulin,leo.ch.wu
cantodulin,jaythanhui
cantodulin,_renoma_
cantodulin,ihungmyhead
cantodulin,caterinamassaro_
cantodulin,yara__mhmd__
cantodulin,joaonuminstante
cantodulin,danilo_r01
cantodulin,iminyeo0704
cantodulin,_ninja_nic
cantodulin,weepushkin
cantodulin,jing_xiaobei
cantodulin,oriental_chef
cantodulin,wabisabichu
cantodulin,mlle_ann_
cantodulin,nutsboltswriting.podcast
cantodulin,fatma0828
cantodulin,jyuttoi_cantonese
cantodulin,tvbanywhere_official
cantodulin,cwy2211
cantodulin,bubbletea18
cantodulin,camsam2944
cantodulin,cynthialogy
cantodulin,paddynm94
cantodulin,outcastsfromthe853
cantodulin,sonnyngslifts
cantodulin,kebbeth
cantodulin,maauyeung.hokye
cantodulin,nmt.thu
cantodulin,say_it_amira
cantodulin,cp_chow05
cantodulin,joyu_teacherslife
cantodulin,canto.britt
cantodulin,k.hyli
cantodulin,cantonesewithjenn
cantodulin,ewen201
cantodulin,mslincantonese
cantodulin,cantomeme
cantodulin,lexieliu_
cantodulin,yuqisong.923
cantodulin,sacheu
cantodulin,madewithlau
cantodulin,mizwu
cantodulin,sheldonhoho
cantodulin,cantomando
cantodulin,itslingcai
cantodulin,holliyu
cantodulin,nwjnssminji
cantodulin,erinhrsqt
cantodulin,mr.afleksei
cantodulin,kieunchoi
cantodulin,gareth_tong
cantodulin,punkhippie
cantodulin,elaine_zhongchuxi
cantodulin,qiwiie
cantodulin,aliaime
cantodulin,falachenfala
cantodulin,88rising
cantodulin,tonyleung_official
cantodulin,jaychou
cantodulin,edisonchen
cantodulin,layzhang
cantodulin,lalalalisa_m
cantodulin,ye_is_dulin
cantodulin,rebecca_zhu
cantodulin,iammcjin
cantodulin,stephenchow
cantodulin,mreasonchan
cantodulin,mcheung1201
cantodulin,jacksonwang852g7
cantodulin,boscomine
cantodulin,tvbcomhk
cantodulin,francine.ng
