chrisgwing,fanbanvcd
chrisgwing,tiffany.auu
chrisgwing,start_proud
chrisgwing,willy.uhm
chrisgwing,abib.global
chrisgwing,nongshim
chrisgwing,meggjayy
chrisgwing,alishng
chrisgwing,ashleymhong
chrisgwing,brian.bosco
chrisgwing,_brandonyoon_
chrisgwing,ivestarship
chrisgwing,ryaneeeats
chrisgwing,gentlemonster
chrisgwing,asiansneverdie
chrisgwing,thelandmiler_
chrisgwing,diveintoive8
chrisgwing,sukoshimart
chrisgwing,anua_kr
chrisgwing,torriden
chrisgwing,michaelnwin
chrisgwing,prisyung
chrisgwing,hello__rosie
chrisgwing,lalonde.lucas
chrisgwing,xcindyw
chrisgwing,matthew.cheung_
chrisgwing,machu98
chrisgwing,yashi1294
chrisgwing,chi.chi.day
chrisgwing,sharonkan19
chrisgwing,emixxm
chrisgwing,nikschxng
chrisgwing,bchee
chrisgwing,j.tan03
chrisgwing,itshaoyi
chrisgwing,vincentso15
chrisgwing,kctran99
chrisgwing,prudencelawwww
chrisgwing,_kwanv
chrisgwing,piggy1194
chrisgwing,smellymich
chrisgwing,pandoracsx
chrisgwing,vivchauchau
chrisgwing,helenso_
chrisgwing,rog_er888
chrisgwing,leungc_
chrisgwing,hayeslee13
chrisgwing,hayestack.ig
