daddydumpling,bibigousa
daddydumpling,dancerwendy
daddydumpling,hurtingbombz
daddydumpling,abbiesmcadams
daddydumpling,aimeemehala
daddydumpling,misssaramora
daddydumpling,julianhuff
daddydumpling,hikaru.w.hayakawa
daddydumpling,liahyoo
daddydumpling,nialahedari
daddydumpling,veanne
daddydumpling,minusmanhattan
daddydumpling,emilyyphams
daddydumpling,andrewjfung
daddydumpling,leekumkeeusa
daddydumpling,jemapellelaine
daddydumpling,kuesrestaurant
daddydumpling,goldie.ventures
daddydumpling,thebetterlisa
daddydumpling,pug
daddydumpling,shaffernickel
daddydumpling,megantanhweewen
daddydumpling,impact
daddydumpling,moseswck
daddydumpling,lo3tus
daddydumpling,woahpaolo
daddydumpling,shenny.visuals
daddydumpling,janice.journal
daddydumpling,roger.jr.moore
daddydumpling,irene_tu
daddydumpling,sarah.teng
daddydumpling,bohanzhang97
daddydumpling,ashraejack
daddydumpling,vincentchanco
daddydumpling,yao.nation
daddydumpling,highvyn
daddydumpling,paoloaverycarino
daddydumpling,davidengnyc
daddydumpling,joselittyy
daddydumpling,eastsidestoriesnyc
daddydumpling,jazzsingh16
daddydumpling,joinstacked
daddydumpling,matt.asuncion
daddydumpling,graysontaylornyc
daddydumpling,ashleyrae.media
daddydumpling,its.rommel
daddydumpling,advmsyed
daddydumpling,yingzge
daddydumpling,ericlchen2
daddydumpling,jennifer.jingg
daddydumpling,gkohfilms
daddydumpling,howinxwong
daddydumpling,cldstyle
daddydumpling,lalabakeshop.nyc
daddydumpling,joycewanbooks
daddydumpling,sherwoodsnacks
daddydumpling,akimgalleryhk
daddydumpling,waynecheng
daddydumpling,scotch_____
daddydumpling,joysauceofficial
daddydumpling,conniechungpovich
daddydumpling,leocabal
daddydumpling,mjmakesit
daddydumpling,deycallmejane
daddydumpling,chiforest
daddydumpling,jaekicho
daddydumpling,jake.frew
daddydumpling,luke.m.holliday
daddydumpling,traaybembury
daddydumpling,johnwangofficial
daddydumpling,pokemongoapp
daddydumpling,kelvingary
daddydumpling,alexgallagherfit
daddydumpling,dannyone
daddydumpling,ilikefishballs
daddydumpling,timichau
daddydumpling,kaitlin.macholz
daddydumpling,kidbrwn
daddydumpling,nealjean
daddydumpling,herrrocolleen
daddydumpling,designbarbiana
daddydumpling,jeffdonna_
daddydumpling,kev.jkk
daddydumpling,pcchou
daddydumpling,spacey._.macey
daddydumpling,ace_watanabe_
daddydumpling,nataliowilliams
daddydumpling,buzzfeedtasty
daddydumpling,yellowchaircollective
daddydumpling,1587sneakers
daddydumpling,chellemakesfood
daddydumpling,happyderek_
daddydumpling,pov_husband
daddydumpling,louder.films
daddydumpling,ramalauw
daddydumpling,jeremy_jong
daddydumpling,amy.l.xy
daddydumpling,amyzhangg
daddydumpling,yanksing
daddydumpling,eatoramasama
daddydumpling,kennylsong
daddydumpling,annie.lu_
daddydumpling,caitofalltraits
daddydumpling,juniper168
daddydumpling,cara_fuqua
daddydumpling,cjhernandez7
daddydumpling,stephanielintv
daddydumpling,hudliao
daddydumpling,newyorkcartoons
daddydumpling,chialun5
daddydumpling,cuppabeans
daddydumpling,spaarkyyy
daddydumpling,cooklikeimbook
daddydumpling,sparklecakerie
daddydumpling,joyfuljudyy
daddydumpling,jasdoylemakeup
daddydumpling,veracoco
daddydumpling,nycharlene
daddydumpling,emeraldcchan
daddydumpling,sendchinatownlove
daddydumpling,proofrunningco
daddydumpling,thekoreanvegan
daddydumpling,atiyasinae
daddydumpling,cassyeungmoney
daddydumpling,f45_training
daddydumpling,f45_training_unionsquarenyc
daddydumpling,noellethesong
daddydumpling,asian.diaspora
daddydumpling,edwardkim11
daddydumpling,los.anngeles
daddydumpling,_dmbp
daddydumpling,matty_lee
daddydumpling,jrbater
daddydumpling,kanye.ma
daddydumpling,ng__sta
daddydumpling,siliang.s
daddydumpling,thecalvinhu
daddydumpling,binnyzheng
daddydumpling,kathryynn
daddydumpling,tutubotu
daddydumpling,bryanhuynh
daddydumpling,mandylovex
daddydumpling,____yh.w
daddydumpling,saltydog226
daddydumpling,maggallina
daddydumpling,redsorghumlic
daddydumpling,thelescook
daddydumpling,edenyeung.nyc
daddydumpling,mylenesmind
daddydumpling,drcarmencastilla
daddydumpling,jun_yuh
daddydumpling,astarcast
daddydumpling,nobodysweasel
daddydumpling,arworks_film
daddydumpling,asxpliu
daddydumpling,seraifilms
daddydumpling,mimolken
daddydumpling,_samthakurr
daddydumpling,asiasociety
daddydumpling,boondeebbq
daddydumpling,visuallyfamous
daddydumpling,kikiwongo
daddydumpling,jackijing
daddydumpling,xtina.m.a
daddydumpling,jarrylee
daddydumpling,floyangg
daddydumpling,drawadot
daddydumpling,touchwithyoureyesonly
daddydumpling,studio.c41
daddydumpling,cb3
daddydumpling,aamerhusain_
daddydumpling,kyshab_
daddydumpling,_melissachan
daddydumpling,tori.wong
daddydumpling,jkao_
daddydumpling,_songalena_
daddydumpling,peter.garajszki
daddydumpling,myhoangxx
daddydumpling,sarahdesignsss
daddydumpling,maiqiqin
daddydumpling,taikihonda
daddydumpling,thatsannette
daddydumpling,kelyinchng
daddydumpling,danielzeng_
daddydumpling,yvetttteyeh
daddydumpling,theonly_mayumi
daddydumpling,chlo1q
daddydumpling,monsoondiaries
daddydumpling,flower_alicee
daddydumpling,joannagu2000
daddydumpling,youzzzili
daddydumpling,24hr_study_zone
daddydumpling,annietimexo
daddydumpling,christinekeung
daddydumpling,michellelizychang
daddydumpling,nuwamarketing
daddydumpling,pinpaint_official
daddydumpling,alice26chen
daddydumpling,rootedeatspod
daddydumpling,whiterabbitfarmhouse
daddydumpling,dhillonsabrinakaur
daddydumpling,asianfoundersclub
daddydumpling,cinerji
daddydumpling,naminori.us
daddydumpling,jacobchungmh
daddydumpling,holamarco
daddydumpling,dr_dray_do
daddydumpling,finn.doering
daddydumpling,kai5un
daddydumpling,drama.is.like.life
daddydumpling,camera.setup
daddydumpling,veryfreshnoodles
daddydumpling,iamyiliu
daddydumpling,haoran_li
daddydumpling,siying_qu
daddydumpling,asianfeed
daddydumpling,just.brunson
daddydumpling,vitacoco
daddydumpling,hungryartistny
daddydumpling,mr_ricky_
daddydumpling,asiancreativesclub
daddydumpling,chowchowinthecity
daddydumpling,bypattylee
daddydumpling,angelzheng_
daddydumpling,smelly.lunchbox
daddydumpling,newbalancerunning
daddydumpling,asiantrailmix
daddydumpling,itsqcp
daddydumpling,saigonsocialnyc
daddydumpling,huyduong99
daddydumpling,jimmyoyang
daddydumpling,n.nina666
daddydumpling,asiansarestrong
daddydumpling,on
daddydumpling,benjamin_saah
daddydumpling,sid.gopinath
daddydumpling,thechemistryroom
daddydumpling,mommyweena
daddydumpling,oldmanrunclub
daddydumpling,kimberly.yee_
daddydumpling,fleetfeetnyc
daddydumpling,fionaylin
daddydumpling,inspired.author
daddydumpling,brandon.hong
daddydumpling,jasonwanggga
daddydumpling,athenanaa
daddydumpling,houseofchen
daddydumpling,alicerehemutula
daddydumpling,dantebasco
daddydumpling,mypgping
daddydumpling,cookwithknorr
daddydumpling,lilrhee
daddydumpling,untamedagencyla
daddydumpling,justponce26
daddydumpling,jooahn
daddydumpling,becomingben
daddydumpling,ryannchang
daddydumpling,lets.ripple
daddydumpling,sariahfilmco
daddydumpling,peterdiprospero
daddydumpling,kaylaxwong
daddydumpling,fitz_filmz
daddydumpling,sam_paguio
daddydumpling,voulez.vu
daddydumpling,chewchomp
daddydumpling,riceclubz
daddydumpling,cyrusgainer
daddydumpling,kweenikki
daddydumpling,dabito
daddydumpling,tuni.metropolife
daddydumpling,wil.to
daddydumpling,grandpadumpling
daddydumpling,sleepiyu
daddydumpling,walkonwaterfilm
daddydumpling,chris_zou15
daddydumpling,minhsmind
daddydumpling,tks_thekebabshop
daddydumpling,jonpengenglish
daddydumpling,jwu.xx
daddydumpling,_amandakrueger
daddydumpling,jarongotstyle
daddydumpling,carlhoudee
daddydumpling,tzuyi_9067
daddydumpling,simonsingasong
daddydumpling,abigail.leung
daddydumpling,michellesunray
daddydumpling,lukaschiang
daddydumpling,jaypea221
daddydumpling,violettetrotter
daddydumpling,akashi.creative
daddydumpling,heartofdinner
daddydumpling,samlooc
daddydumpling,captain_falcon28
daddydumpling,mrmathdumpling
daddydumpling,edwinxyu
daddydumpling,mrchristophersean
daddydumpling,phoenixpalaceny
daddydumpling,palmitosway
daddydumpling,hendersondp
daddydumpling,dr.harrischoe
daddydumpling,nathanxia
daddydumpling,wong_kar_wai
daddydumpling,timestamps.studios
daddydumpling,shuyuuucao
daddydumpling,poweisub
daddydumpling,joelaresca
daddydumpling,mardyma_
daddydumpling,rjsiu
daddydumpling,jalin.siu
daddydumpling,yking333
daddydumpling,davidylai
daddydumpling,s3ndingyoulove
daddydumpling,theledecompany
daddydumpling,quepasatsubasa
daddydumpling,theschoolofhardknockz
daddydumpling,skydooooo
daddydumpling,lifewithleannelee
daddydumpling,andy.and.michelle
daddydumpling,jasmine_suraya
daddydumpling,imhtet
daddydumpling,ebonyloren
daddydumpling,funo729
daddydumpling,jasonmkchan
daddydumpling,thehungrygentleman
daddydumpling,itsryanto
daddydumpling,joinyuzu
daddydumpling,jeffponnn
daddydumpling,menyahanabiusa
daddydumpling,eviekeidoroll
daddydumpling,tomjff
daddydumpling,michelleforbreakfast
daddydumpling,tayhsu
daddydumpling,sliquemedia
daddydumpling,rachaelkamceramics
daddydumpling,akkixzhao
daddydumpling,avipat_
daddydumpling,milla_nguyen.co
daddydumpling,seanswang
daddydumpling,game.of.bones
daddydumpling,tinhua__
daddydumpling,hsunice
daddydumpling,tim.caruso
daddydumpling,shawn_yef.c
daddydumpling,water_wild_month
daddydumpling,88moodyhong
daddydumpling,stylebyxtina
daddydumpling,mangothemaker
daddydumpling,iamspark
daddydumpling,morrydraco
daddydumpling,itslishay
daddydumpling,cchung0512
daddydumpling,arden_cho
daddydumpling,stw.xv
daddydumpling,jo_osmond
daddydumpling,lyanna_kea
daddydumpling,bluebeachkim
daddydumpling,ginsabrands
daddydumpling,asianfounded
daddydumpling,berniesu
daddydumpling,chloe.shih
daddydumpling,esthersaelee
daddydumpling,sherrybyw
daddydumpling,alec.shangold
daddydumpling,victorialoi
daddydumpling,cartymadethis
daddydumpling,jerrywon
daddydumpling,jesh_chen
daddydumpling,brownbakugo
daddydumpling,whatthefloat
daddydumpling,lavaukwalam
daddydumpling,hair_pull
daddydumpling,ceeyouandtea
daddydumpling,nico_trannn
daddydumpling,bykylelui
daddydumpling,jonahssong
daddydumpling,slowburn_nyc
daddydumpling,cindytrinh.photo
daddydumpling,williszetter
daddydumpling,livingcreature24
daddydumpling,dont_film
daddydumpling,hanktran
daddydumpling,chinghim.ng
daddydumpling,thezookeepermatt
daddydumpling,gabeworth57
daddydumpling,shortfor_micycle
daddydumpling,thebonniezhou
daddydumpling,xiaohanzhg
daddydumpling,tsingtao_usa
daddydumpling,thefellahadid
daddydumpling,dougdoesdelicious
daddydumpling,christophersyip
daddydumpling,itsthepeacocks
daddydumpling,nomadteaparlour
daddydumpling,teresapalooza
daddydumpling,therealemilylin
daddydumpling,minolee.mp4
daddydumpling,righteouseats
daddydumpling,wesxiongg
daddydumpling,kevxiongg
daddydumpling,mirandaxgomez
daddydumpling,davekarp_
daddydumpling,janewuart
daddydumpling,so_karma
daddydumpling,jiyeahkim
daddydumpling,amomentwithq
daddydumpling,wharrel
daddydumpling,hipcatg
daddydumpling,bryter_summer_day
daddydumpling,shemsiyea
daddydumpling,ilshatiminjan
daddydumpling,iwokesnowwhiteup
daddydumpling,zayxm00n
daddydumpling,braveniuworld
daddydumpling,sunnykim27
daddydumpling,ellensu.tv
daddydumpling,byjeffreysun
daddydumpling,itseileenyang
daddydumpling,storyduke
daddydumpling,sunnysideuptv8
daddydumpling,7hiery
daddydumpling,kryeoh
daddydumpling,roy_wol
daddydumpling,nattografi
daddydumpling,cowboymoeby_
daddydumpling,karl_shakur
daddydumpling,ashleylylyly
daddydumpling,mndiaye_97
daddydumpling,estherlai
daddydumpling,reina.suichan
daddydumpling,ericcouu
daddydumpling,jennitrangle
daddydumpling,hsuboxproductions
daddydumpling,evalinewuhuang
daddydumpling,jordan.l.kim
daddydumpling,paradisedynasty_usa
daddydumpling,elenalark
daddydumpling,topandbeyondfoods
daddydumpling,csharma
daddydumpling,chefmelissaking
daddydumpling,sean_mac
daddydumpling,curtis__ida
daddydumpling,colinozawa
daddydumpling,krispyywu
daddydumpling,munkysuperstar
daddydumpling,delonho_production
daddydumpling,apaagbayani
daddydumpling,jonathndg
daddydumpling,getgoldentv
daddydumpling,americanbornchinesefoundation
daddydumpling,starluxairlines
daddydumpling,sallyphuongtran
daddydumpling,rrrroanne
daddydumpling,songbill_
daddydumpling,minhuahahaha
daddydumpling,virality
daddydumpling,douglastan_cys
daddydumpling,mikeferguson71
daddydumpling,seeksophie
daddydumpling,ryanphiliptonge
daddydumpling,your_friendlyfarmer
daddydumpling,nurel.anwar
daddydumpling,hongabong_
daddydumpling,mingasaur
daddydumpling,runforchinatown
daddydumpling,leoteomx
daddydumpling,orchardhealthclinic
daddydumpling,jazephua
daddydumpling,tim_amunasha
daddydumpling,brandonyyx
daddydumpling,rriley
daddydumpling,myluckyboy
daddydumpling,chantelle_pang
daddydumpling,jeremykieran
daddydumpling,ryanfwah
daddydumpling,jenergyyyyy
daddydumpling,zhaoyansin
daddydumpling,nybongiovi
daddydumpling,chaumeleon
daddydumpling,joachimtandeon
daddydumpling,99ranchmarket
daddydumpling,sayweee_official
daddydumpling,nyc_forfree
daddydumpling,benpaik_
daddydumpling,eduardoholguinm
daddydumpling,samyck
daddydumpling,matthewcancel
daddydumpling,sarahabiharb
daddydumpling,sarahhh_ssi
daddydumpling,_epkim
daddydumpling,timothyhungcom
daddydumpling,natashajung
daddydumpling,fionayinghengteng
daddydumpling,_withjayce
daddydumpling,lohdown
daddydumpling,jen.caleb
daddydumpling,estmedia
daddydumpling,floriankoenigsberger
daddydumpling,keshiahannam
daddydumpling,alisonboyasun
daddydumpling,gwonstefani
daddydumpling,laap_dip
daddydumpling,jonkung
daddydumpling,jerabraham
daddydumpling,gretzjewelrynewyork
daddydumpling,elvin.kam.33
daddydumpling,chanyunmi
daddydumpling,pitch__please
daddydumpling,carlchoi
daddydumpling,deschiam
daddydumpling,raziemeiborra
daddydumpling,warrenjfu
daddydumpling,imjesshu
daddydumpling,nicolasthewan
daddydumpling,thenameistomdang
daddydumpling,teoyoo
daddydumpling,missearth.angelia
daddydumpling,naffaa.national
daddydumpling,extremelyuniquedynamic
daddydumpling,wirriamwu
daddydumpling,justinrching
daddydumpling,jonafaun
daddydumpling,imsailorying
daddydumpling,adrienneborlongan
daddydumpling,chefbaobae
daddydumpling,naffaa.capital
daddydumpling,stevenshutters
daddydumpling,taipeifoodie
daddydumpling,filmwcolleen
daddydumpling,garfield_hc
daddydumpling,notthatchristine
daddydumpling,clickonabby
daddydumpling,itsevanwilliams
daddydumpling,subyub
daddydumpling,fiona_yoong
daddydumpling,stephenchow
daddydumpling,mkacpen
daddydumpling,ehgg
daddydumpling,neeheeemiah
daddydumpling,kure8kombucha
daddydumpling,karenacheow
daddydumpling,saminsanitytv
daddydumpling,darrenarvid
daddydumpling,profjimmychoo
daddydumpling,8.cj.8
daddydumpling,deadline
daddydumpling,thetakeawaytable
daddydumpling,joeykongyy
daddydumpling,jcreativeentertainment
daddydumpling,freiaaesthetics.my
daddydumpling,narellekheng
daddydumpling,jiayunotjia
daddydumpling,babyfazejuju
daddydumpling,tiffanyachang
daddydumpling,jonliddellplays
daddydumpling,soimjenn
daddydumpling,victoriazmei
daddydumpling,mookdan
daddydumpling,masonns
daddydumpling,markodea8
daddydumpling,steffichoix
daddydumpling,chualeo
daddydumpling,chinweijean
daddydumpling,klustout
daddydumpling,premierclinic_my
daddydumpling,samueljhyun
daddydumpling,yanlim1987
daddydumpling,jonchuajx
daddydumpling,angelazhou
daddydumpling,somaddie_tattoo
daddydumpling,courtneyloo
daddydumpling,jingze97
daddydumpling,lilykltran
daddydumpling,huxleyxiii
daddydumpling,tingsquaretings
daddydumpling,asiancinemaarchive
daddydumpling,daigasikfaan
daddydumpling,sarahgraceee
daddydumpling,thegracechan
daddydumpling,andrecorea
daddydumpling,westwoodcarvery
daddydumpling,jingaing
daddydumpling,cabifoods
daddydumpling,subtleasian.baking
daddydumpling,hannahschoenn
daddydumpling,tammagotchii
daddydumpling,johnnyjohnjoomi
daddydumpling,colvinang
daddydumpling,charlieschmidlin
daddydumpling,realfthornton
daddydumpling,_shenray_
daddydumpling,jiypark
daddydumpling,joekosty
daddydumpling,joxchoi
daddydumpling,miss_hailan
daddydumpling,andybcung
daddydumpling,macykk
daddydumpling,verachowdesigns
daddydumpling,daniel.elijah.klimek
daddydumpling,bethandbrianqipao
daddydumpling,valeriananclaresv
daddydumpling,aritan27
daddydumpling,just_cool
daddydumpling,shilpay
daddydumpling,ryan_thomas222
daddydumpling,sarahlubyburke
daddydumpling,hibairshad
daddydumpling,yanyi_nuwa
daddydumpling,jason_lowrie
daddydumpling,salenaqureshi
daddydumpling,brauliolin
daddydumpling,sarahanwerkhan
daddydumpling,hkohashi
daddydumpling,graceleefornyc
daddydumpling,angelinefang
daddydumpling,fork_knife
daddydumpling,mikevan
daddydumpling,wabikongtv
daddydumpling,mattwmusic
daddydumpling,unclelouny
daddydumpling,tdawg_tmunny
daddydumpling,asiasocietyla
daddydumpling,natshershow
daddydumpling,brian_tee
daddydumpling,baeprisca
daddydumpling,chefkathyfang
daddydumpling,laurenwlee
daddydumpling,yinchang
daddydumpling,moonlynntsai
daddydumpling,kungfualex
daddydumpling,myfriendsteven
daddydumpling,sophiaaslee
daddydumpling,ingatylam
daddydumpling,chunner
daddydumpling,funny._.jenny
daddydumpling,tatatawanqian
daddydumpling,thoxy
daddydumpling,jmkowski
daddydumpling,tommy____chan
daddydumpling,aspectratiostudios
daddydumpling,jinnyboy
daddydumpling,naffaa.ny
daddydumpling,a_c_v3
daddydumpling,steadical
daddydumpling,kelleygrade
daddydumpling,kimiduncan
daddydumpling,phoenixjakob
daddydumpling,crt4ny
daddydumpling,dessadelfin
daddydumpling,fishcheeksnyc
daddydumpling,jennsaesue
daddydumpling,bangkoksupperclubnyc
daddydumpling,drinkmothersmilk
daddydumpling,jennylism
daddydumpling,princebflo
daddydumpling,rich_tu
daddydumpling,officialpandaexpress
daddydumpling,yixincen
daddydumpling,haitaoc
daddydumpling,allenmcosta
daddydumpling,itsceliaau
daddydumpling,cantodulin
daddydumpling,y.l.c.o
daddydumpling,city_sushi
daddydumpling,quentin_nguyenduy
daddydumpling,zanegan
daddydumpling,yangermeister_
daddydumpling,laura_dall
daddydumpling,lindseyryan229
daddydumpling,annmakosinski
daddydumpling,dawangnewyork
daddydumpling,sushilab.nyc
daddydumpling,islandspasauna
daddydumpling,chefjihanlee
daddydumpling,zenithrichards
daddydumpling,zzzeesh
daddydumpling,jai.lennard
daddydumpling,bklynitemediapublicrelations
daddydumpling,othnetwork
daddydumpling,publicist_michellelam_nyc
daddydumpling,andrewthomashuang
daddydumpling,love.quotes
daddydumpling,nick_c_bull
daddydumpling,lori._.lee
daddydumpling,rubysoulliving
daddydumpling,kelleexx
daddydumpling,dannywoovy
daddydumpling,bah_chickchickchick
daddydumpling,hallietut
daddydumpling,heyyitsbowen
daddydumpling,kennaaaii
daddydumpling,drewcjc
daddydumpling,cynthia.yong
daddydumpling,trebotski
daddydumpling,jowaychao
daddydumpling,kenny_travels
daddydumpling,tony_hferman
daddydumpling,dogqiao
daddydumpling,e_panorama
daddydumpling,thecakinggirl
daddydumpling,edwardkso
daddydumpling,__connorlim
daddydumpling,shonnotsean
daddydumpling,rjsalsedo
daddydumpling,lyndonapostol
daddydumpling,zephyr
daddydumpling,cherie.brooke
daddydumpling,jynnlooi
daddydumpling,studioichiban
daddydumpling,officiallyteej
daddydumpling,davidshaofr
daddydumpling,jenniferpazofficial
daddydumpling,nurturestatefloristry
daddydumpling,annalisefujii
daddydumpling,hellakaybae
daddydumpling,ronnychieng
daddydumpling,unforgettablegala
daddydumpling,aimhighgetlow
daddydumpling,majesticmirth
daddydumpling,isabelle.du
daddydumpling,thekyledenman
daddydumpling,christopherkkim
daddydumpling,kevinwoo_official
daddydumpling,limpriscilla
daddydumpling,benjaminkheng
daddydumpling,wecharleking
daddydumpling,jordionsu
daddydumpling,corn_tor_tia
daddydumpling,kellenboyle1
daddydumpling,eric_flowerboy
daddydumpling,goldaways
daddydumpling,worldofxtra
daddydumpling,joshuanigel
daddydumpling,marina.fitt
daddydumpling,jay.xcvi
daddydumpling,laissez.cher
daddydumpling,dmingthing
daddydumpling,peonysin
daddydumpling,jackie__mark
daddydumpling,faarain
daddydumpling,diaguild
daddydumpling,aishabhassan
daddydumpling,dennisyin
daddydumpling,jazelxlim
daddydumpling,amandachaang
daddydumpling,neesasodirman
daddydumpling,wearechimmi
daddydumpling,winstonchew
daddydumpling,themelissacampbell
daddydumpling,remyzeee
daddydumpling,sophia.from.the.626
daddydumpling,brian.theagent
daddydumpling,boriztom
daddydumpling,peytonanne5
daddydumpling,im_yo_asian_friend
daddydumpling,henrylo626
daddydumpling,newportseafood_sangabriel
daddydumpling,damianbao
daddydumpling,breazoleta
daddydumpling,carsonlunlun
daddydumpling,thekoreanmama
daddydumpling,jakeyyy_v
daddydumpling,angelagomez
daddydumpling,the.timestamps
daddydumpling,jayteetakesabite
daddydumpling,danbellcasting_official
daddydumpling,mariiaaa_101
daddydumpling,somesuchandco
daddydumpling,karaskye__
daddydumpling,oppserve
daddydumpling,ronnigallegos
daddydumpling,jakobram0s
daddydumpling,danbarwell
daddydumpling,justins_posts
daddydumpling,jeffvfrancisco
daddydumpling,richy8rich
daddydumpling,itsgarthgarcia_
daddydumpling,abby_n_zoe
daddydumpling,jazzytig21
daddydumpling,jasonlust22
daddydumpling,angel_righthere
daddydumpling,evlskittle
daddydumpling,castpartner
daddydumpling,zacharyfu_
daddydumpling,calcarriesmanagement
daddydumpling,acu.by.jen
daddydumpling,zhangsta.io
daddydumpling,freya.berkhout
daddydumpling,jestenmariconda
daddydumpling,thejoshhan
daddydumpling,benjaminholtrop
daddydumpling,jennifer_bijou_
daddydumpling,willschafer528
daddydumpling,tanyasoman
daddydumpling,amandachouphoto
daddydumpling,bebiisan
daddydumpling,jay._.noen
daddydumpling,oojuclub.official
daddydumpling,realwilliamngo
daddydumpling,sinbadsgirlfriend
daddydumpling,kevinhermogenes
daddydumpling,ryantoe
daddydumpling,justinjoungagency
daddydumpling,nelsonparedezparks
daddydumpling,jcee.cabrera
daddydumpling,mattgogal
daddydumpling,justinjoung
daddydumpling,stanthevidal
daddydumpling,bboy411
daddydumpling,alexandraabarrientos
daddydumpling,yourcrushmusic
daddydumpling,chefmarvz
daddydumpling,annamariapdt
daddydumpling,mica
daddydumpling,rnbjayr
daddydumpling,bong2buan
daddydumpling,jaybeetadena
daddydumpling,chefjosesarasola
daddydumpling,ac_insuranceagent
daddydumpling,julesaurora
daddydumpling,eeaieeaioooo
daddydumpling,inigopascual
daddydumpling,kaseyma
daddydumpling,vincexu
daddydumpling,iamcarlinjames
daddydumpling,eatandtrainlifestyle
daddydumpling,tylermatthewburk
daddydumpling,victorbaguilatjr
daddydumpling,sagaftra
daddydumpling,houfresh
daddydumpling,joelrelampagos
daddydumpling,iamlovekaori
daddydumpling,cupoftj
daddydumpling,ellomichael
daddydumpling,rebel_motion
daddydumpling,arrowynambrose
daddydumpling,imlorenzochen
daddydumpling,marcgueco
daddydumpling,rakadey
daddydumpling,davidchoimusic
daddydumpling,rosies.not.sustainable
daddydumpling,apatoydrive
daddydumpling,newyorkhannah
daddydumpling,tizziechang
daddydumpling,_futurecult_
daddydumpling,chriskingwong
daddydumpling,w1nn1th
daddydumpling,cartycaruso
daddydumpling,timchantarangsu
daddydumpling,davidsocomedy
daddydumpling,garybardizbanian
daddydumpling,jeremysnell
daddydumpling,kessbd
daddydumpling,vanessatpham
daddydumpling,meilin21
daddydumpling,gbrl.aslan
daddydumpling,mrdanielnguyen
daddydumpling,sonofcray
daddydumpling,justamazing_me
daddydumpling,moxyhospitalitygroup
daddydumpling,shop.euphoricsun
daddydumpling,yuka.taga
daddydumpling,k80yang
daddydumpling,pandaboi.com_
daddydumpling,jeremoo
daddydumpling,kimberlyjho
daddydumpling,judyc.lam
daddydumpling,alexandra_courtney
daddydumpling,corybng
daddydumpling,zhannyy
daddydumpling,justin.siu
daddydumpling,annaichiban
daddydumpling,potluckclubny
daddydumpling,thenickfung
daddydumpling,jerre.nyc
daddydumpling,patli_
daddydumpling,heng_taing
daddydumpling,chefjaedecastro
daddydumpling,dsmanosalvas
daddydumpling,kevin852_808
daddydumpling,chrisrovin
daddydumpling,eat.mila
daddydumpling,jenniferzhenyu
daddydumpling,brentpop
daddydumpling,mysterwee
daddydumpling,laraunika
daddydumpling,haleykwok
daddydumpling,newyorknico
daddydumpling,yous.hbb
daddydumpling,itdepartmentnyc
daddydumpling,amor.michelle
daddydumpling,brendan.flores
daddydumpling,patrckmartin
daddydumpling,theforefrontgroup
daddydumpling,beccakimm
daddydumpling,byloelee
daddydumpling,deathbydiabetes
daddydumpling,jen.post
daddydumpling,sylviasarabia
daddydumpling,kandyseoul
daddydumpling,thinkchinatown
daddydumpling,garnishstudios
daddydumpling,929lic
daddydumpling,isabelng523
daddydumpling,lovelizzietea
daddydumpling,welcome.to.chinatown
daddydumpling,mattychampagne
daddydumpling,tsaybrandon
daddydumpling,thatandrewlee
daddydumpling,laynoprod
daddydumpling,um.questionmark
daddydumpling,acidrescuesmusic
daddydumpling,theilovelucyshow
daddydumpling,whoisdonsmith
daddydumpling,naem.fm
daddydumpling,sololomon
daddydumpling,tomngo422
daddydumpling,chellemiwoo
daddydumpling,vistadellagoestate
daddydumpling,camilakilla
daddydumpling,jingyigoh
daddydumpling,zongshianlu
daddydumpling,timidmag
daddydumpling,oliviacocabermejo
daddydumpling,stephanieeparkk
daddydumpling,coenclemente
daddydumpling,michikwo
daddydumpling,yan.thehedgehog
daddydumpling,ughnoxy
daddydumpling,genevieveagar
daddydumpling,y.yaasuko
daddydumpling,kongster.la
daddydumpling,vividvibesonly
daddydumpling,mackyquiobe
daddydumpling,chauder.3
daddydumpling,gastonpong
daddydumpling,alisa_callan
daddydumpling,swaaggyyfee
daddydumpling,livportio
daddydumpling,devinbonomo
daddydumpling,bretmanrock
daddydumpling,shalexiz
daddydumpling,davidealber
daddydumpling,alyssaimi
daddydumpling,lian.therese
daddydumpling,smokequeenbbq
daddydumpling,yongchavez
daddydumpling,lowleaf
daddydumpling,sthanlee
daddydumpling,_taylorish_
daddydumpling,gingaroo
daddydumpling,iamoftheworld
daddydumpling,tommiemopia
daddydumpling,marcxcortez
daddydumpling,casey.and.the.sunshine
daddydumpling,markjlabella
daddydumpling,rasecmarc
daddydumpling,phillipgadrow
daddydumpling,michaeljurolan
daddydumpling,ray.raymundo
daddydumpling,kian.talan
daddydumpling,theonedna
daddydumpling,universeramos
daddydumpling,jazzt21
daddydumpling,kaitlynbui
daddydumpling,caliwu
daddydumpling,micjrez
daddydumpling,itsvincelao
daddydumpling,theloungebooth
daddydumpling,markedxmartinn
daddydumpling,polartropica
daddydumpling,lilibethtea
daddydumpling,mikee.rogers
daddydumpling,facefwdorg
daddydumpling,micahcura
daddydumpling,ladymaximo
daddydumpling,jpsanpedro_
daddydumpling,graphicsmetropolis
daddydumpling,alexcruzdeo
daddydumpling,jhoanamarieofficial
daddydumpling,mahrvellous
daddydumpling,riyemixx
daddydumpling,tworooms__
daddydumpling,jakeproduced
daddydumpling,alohafoodfactory
daddydumpling,jessie_xyou
daddydumpling,jaihuang
daddydumpling,za_wizard
daddydumpling,rankinforever
daddydumpling,mattnifique
daddydumpling,lil.lenaaaa
daddydumpling,comaspice
daddydumpling,nihaoelise
daddydumpling,bokcreative
daddydumpling,victoriawong154
daddydumpling,joydesii
daddydumpling,nathanpresley
daddydumpling,zachgarcia217
daddydumpling,shanraqs
daddydumpling,faithelizabeth14
daddydumpling,itsjessicarogers
daddydumpling,monsterkeo
daddydumpling,vaynermedia
daddydumpling,giulio_meliani
daddydumpling,delmarmaurice
daddydumpling,timothyjames__
daddydumpling,alleesaaan
daddydumpling,samanthaktan
daddydumpling,aaron_shershow
daddydumpling,locustgarden
daddydumpling,renewperformancecenter
daddydumpling,sanji.now
daddydumpling,ryho.dp
daddydumpling,justinzguo
daddydumpling,ne0.1
daddydumpling,basecampfitness
daddydumpling,madewithlau
daddydumpling,yaxing_lin
daddydumpling,coldteacollective
daddydumpling,jezm9
daddydumpling,yasminetanres
daddydumpling,rachel061226
daddydumpling,janessa_akemi
daddydumpling,loriplee
daddydumpling,benjobutt
daddydumpling,jaeryu
daddydumpling,callielau
daddydumpling,zhaobao
daddydumpling,dion.phvm
daddydumpling,sunnyleez
daddydumpling,ezlaiii
daddydumpling,zhu.york
daddydumpling,narikande
daddydumpling,rinidawg
daddydumpling,jephphrey_
daddydumpling,shiftysammi
daddydumpling,jinabaobina
daddydumpling,joelleolol
daddydumpling,rajenbudiyan
daddydumpling,keishatara_
daddydumpling,donfvbio
daddydumpling,calebjooo
daddydumpling,alexminivan
daddydumpling,brittneyavenue
daddydumpling,abodhelwa
daddydumpling,itschochotrain
daddydumpling,evawylan
daddydumpling,latmaria
daddydumpling,c_chrisjames_j
daddydumpling,eraser
daddydumpling,film33studios
daddydumpling,cinemuseo
daddydumpling,chaseshurtz
daddydumpling,myxglobal
daddydumpling,exhausjenn
daddydumpling,instagramlessdylan
daddydumpling,duhricehero
daddydumpling,littledingscafe
daddydumpling,kellatea
daddydumpling,tiffanykins
daddydumpling,todaywhatwhat
daddydumpling,tung.action
daddydumpling,cambriafitness
daddydumpling,angelicavivanh
daddydumpling,mikelam_
daddydumpling,wandermustwinnie
daddydumpling,kalli.yan
daddydumpling,blondekahn
daddydumpling,phutluong
daddydumpling,susurlee
daddydumpling,kerisa.lin
daddydumpling,jcrowe_unofficial
daddydumpling,conscious_cooking
daddydumpling,humblethegreat
daddydumpling,jeffrey_ramoss
daddydumpling,tristanjrenaud
daddydumpling,brenna_p
daddydumpling,tiffwvng
daddydumpling,eugenechung
daddydumpling,haiimcharles
daddydumpling,djeddiboo
daddydumpling,itsemilyliaray
daddydumpling,santiago.akemi
daddydumpling,owenpiperlanger
daddydumpling,camosapien
daddydumpling,alyyssabarron
daddydumpling,superbonsaiworld
daddydumpling,exposition.official
daddydumpling,j1therapy
daddydumpling,alexdwong
daddydumpling,aria_sijia_li
daddydumpling,jennacortese
daddydumpling,studiopci
daddydumpling,xtraveldiary
daddydumpling,notkennyharvey
daddydumpling,hmtxul
daddydumpling,alexander.siu
daddydumpling,travyc
daddydumpling,rxchelleyu
daddydumpling,vivianjasmineyuu
daddydumpling,pinkstellaire
daddydumpling,dragonfire.bbq
daddydumpling,faithcaoculator
daddydumpling,shiko.amyjaide
daddydumpling,makeetz
daddydumpling,daveryancomedy
daddydumpling,oliviawong11
daddydumpling,aglimpseoftiff
daddydumpling,jameswnc
daddydumpling,jaaime
daddydumpling,wheresjohngone
daddydumpling,sasori_ink
daddydumpling,sienna_tsan
daddydumpling,therealmcgills
daddydumpling,bigdaddyglam
daddydumpling,cali.dumpling
daddydumpling,naomiwamoto
daddydumpling,adancastillojr
daddydumpling,astr0nate
daddydumpling,anellmarat
daddydumpling,aliceee_lee
daddydumpling,elisaoh
daddydumpling,itschewwwy
daddydumpling,burntbelly
daddydumpling,victorschi
daddydumpling,robinstagraam
daddydumpling,kalashinikov
daddydumpling,miyuroberts
daddydumpling,lilll_lionn
daddydumpling,jamesaheim
daddydumpling,victoriannagray
daddydumpling,sixteen_film
daddydumpling,queenamidahlia
daddydumpling,paul.sim
daddydumpling,goldenguideorg
daddydumpling,jyeung.g
daddydumpling,masorafukuda
daddydumpling,audreytrinh
daddydumpling,twinkleyskilla
daddydumpling,ghostixshop
daddydumpling,paulinanastasha
daddydumpling,iamdannyroyce
daddydumpling,jason.hueming.poon
daddydumpling,rjzabala
daddydumpling,mae.celestial
daddydumpling,gold_caviar
daddydumpling,repjudychu
daddydumpling,arianorocco
daddydumpling,sketchykarr
daddydumpling,mussel_and_pearls
daddydumpling,kkatiegbrownn
daddydumpling,abbimilktea
daddydumpling,koala_drama
daddydumpling,icedthy94
daddydumpling,aaron_lightbringer
daddydumpling,aikojima
daddydumpling,itslailanie
daddydumpling,angelarosefilms
daddydumpling,christivn
daddydumpling,justynmalloreyes
daddydumpling,jennygirma
daddydumpling,me.2su
daddydumpling,flawlesskevin
daddydumpling,shae.xin
daddydumpling,doglvr555
daddydumpling,erieluyyy
daddydumpling,knuyshro
daddydumpling,shellshockstunts
daddydumpling,nikolololedavis
daddydumpling,jen.and.potato
daddydumpling,jasminfabe
daddydumpling,rome.gonzal
daddydumpling,travisatreo
daddydumpling,fandedinc
daddydumpling,mdlinjj.ill
daddydumpling,jeccachantilly
daddydumpling,darren_cruz_
daddydumpling,kristiek.lam
daddydumpling,hallenoberryy
daddydumpling,coraisabel
daddydumpling,christinaxing
daddydumpling,jazziesillona
daddydumpling,lejasonhong
daddydumpling,brendonhuor
daddydumpling,koi_ana
daddydumpling,kieranho
daddydumpling,johnrazalo.tv
daddydumpling,constantinemalahias
daddydumpling,kebbeth
daddydumpling,djghostbear
daddydumpling,kingstreetpictures
daddydumpling,rainiie.days
daddydumpling,mediocrewallofchina
daddydumpling,jennyyangtv
daddydumpling,69ranch
daddydumpling,thekennethye
daddydumpling,hellosomebodycares
daddydumpling,outofbody.film
daddydumpling,jackysongla
daddydumpling,darren_huang_
daddydumpling,ziihendrix
daddydumpling,hansumlum
daddydumpling,ririaofficial
daddydumpling,junyi_wu
daddydumpling,bpanger33
daddydumpling,be.nn_
daddydumpling,_hanjustin
daddydumpling,ryanalexh
daddydumpling,adrienne_lau
daddydumpling,jazminjdn
daddydumpling,lilmiss_paipai
daddydumpling,jeanqluo
daddydumpling,justinkan
daddydumpling,mreddiehuang
daddydumpling,jxhnmo
daddydumpling,calebswanepoel
daddydumpling,brandon.xie76
daddydumpling,roc.zs
daddydumpling,jueyingli
daddydumpling,camly.me
daddydumpling,tzhongg
daddydumpling,unitedtalent
daddydumpling,ethanmkaiser
daddydumpling,isaromez
daddydumpling,arrdawg
daddydumpling,lizzymwong
daddydumpling,nom_life
daddydumpling,hongkong.explore
daddydumpling,zachorysweeney_
daddydumpling,nathanramospark
daddydumpling,marvinnator
daddydumpling,princess_polyglot
daddydumpling,taaantalizing
daddydumpling,nataliee.nl
daddydumpling,takohaususa
daddydumpling,erikkattermann
daddydumpling,discoverhongkong
daddydumpling,jeraldineashley
daddydumpling,keeping_upwith_karen
daddydumpling,morerhian
daddydumpling,reaganleetf
daddydumpling,steffstuffdesign
daddydumpling,explorewithtaka
daddydumpling,malvin.harrison
daddydumpling,robecta_
daddydumpling,gomattgo
daddydumpling,halfmoonsahar
daddydumpling,jinnyim
daddydumpling,dreamitdoitmedia
daddydumpling,brandityell
daddydumpling,jon
daddydumpling,jhkagi
daddydumpling,sher.ung
daddydumpling,anttonykwan
daddydumpling,tiffanyxchu
daddydumpling,bennyluo
daddydumpling,jlouofficial
daddydumpling,ed_nathan
daddydumpling,panneywei
daddydumpling,selweezyyy
daddydumpling,doyufam
daddydumpling,pixofnix
daddydumpling,jommish
daddydumpling,kylie.montoya
daddydumpling,jqinnn_
daddydumpling,luvyumed
daddydumpling,stanleyymeng
daddydumpling,indigoday_x
daddydumpling,justinwongjw
daddydumpling,bigsharm
daddydumpling,kristina.cuello
daddydumpling,phalepretty
daddydumpling,jeremyntran
daddydumpling,starz
daddydumpling,clihilihi
daddydumpling,caro_guo
daddydumpling,belle2933
daddydumpling,thecamilavillanueva
daddydumpling,asianmentalhealthproject
daddydumpling,prestonmui
daddydumpling,ohdangkaylee
daddydumpling,twilight_ebb
daddydumpling,miamil_
daddydumpling,denalichin
daddydumpling,joeyyysze
daddydumpling,douamoua
daddydumpling,officialginormo
daddydumpling,kev_kimchi
daddydumpling,iamalec_hi
daddydumpling,lynnhcao
daddydumpling,kayla.lau
daddydumpling,veryasian.co
daddydumpling,jobroseph
daddydumpling,thomaswongsgv
daddydumpling,carsonlueders
daddydumpling,saraatakenaka
daddydumpling,ajrafael
daddydumpling,jpreyesmallo
daddydumpling,alyssarafael
daddydumpling,richardhdang
daddydumpling,hateisavirus
daddydumpling,tammycho
daddydumpling,chaocolate
daddydumpling,kitty_ci
daddydumpling,ashleytyc
daddydumpling,weitsay
daddydumpling,hancchoi
daddydumpling,ethaan024
daddydumpling,craig_hung
daddydumpling,davidsuhphoto
daddydumpling,jitsumaster
daddydumpling,thetzechun
daddydumpling,kyledean
daddydumpling,jamesthetang
daddydumpling,hello.henry
daddydumpling,colewalliser
daddydumpling,thebobagangster
daddydumpling,cheechway
daddydumpling,haannngggg
daddydumpling,yufei___w
daddydumpling,chrsfranz
daddydumpling,kikiwangfashion
daddydumpling,chunky.things
daddydumpling,thehungrykorean
daddydumpling,richardasabiaga
daddydumpling,yvonnieng
daddydumpling,cassandra.chiu
daddydumpling,vanrevival
daddydumpling,thegabbywong
daddydumpling,jordann_nguyen
daddydumpling,mjahokas
daddydumpling,christinaacolgan
daddydumpling,aileyartsy
daddydumpling,itsjossha
daddydumpling,vujae
daddydumpling,jamiejchung
daddydumpling,carson_beckwith
daddydumpling,moongrapess
daddydumpling,michaelmatteorossi
daddydumpling,nichlmao
daddydumpling,yungbrat____
daddydumpling,stephentaing
daddydumpling,itsmeamberly
daddydumpling,ynnejcheung
daddydumpling,marcuspham
daddydumpling,prestoosauce
daddydumpling,mamamealtalk
daddydumpling,davidvhoang
daddydumpling,okubbq
daddydumpling,josephle_art
daddydumpling,itsvuhoang
daddydumpling,edwardmhuang
daddydumpling,daredevildonnie
daddydumpling,lucynguyenti
daddydumpling,zerowasteguy
daddydumpling,janetyangofficial
daddydumpling,popingcasting
daddydumpling,bettymaecasting
daddydumpling,outcastsfromthe853
daddydumpling,elliedubin
daddydumpling,travelingpolrit
daddydumpling,gc.sow
daddydumpling,yukasaito25
daddydumpling,mcfloyd_n
daddydumpling,milktpapi
daddydumpling,kalia.lai
daddydumpling,larry_gao
daddydumpling,castingbyjuliakim
daddydumpling,quinnthomashow
daddydumpling,mathuyu
daddydumpling,elmervivas
daddydumpling,xuharrison
daddydumpling,peanutwizard
daddydumpling,irisbaelou
daddydumpling,jessegi
daddydumpling,vcmediaorg
daddydumpling,amndachen
daddydumpling,andy_strawberry_li
daddydumpling,stella.sty_
daddydumpling,aloikuo
daddydumpling,whoisenochlai
daddydumpling,harrietlam
daddydumpling,misunderstoodwanderer
daddydumpling,gabecreates
daddydumpling,cswongphoto
daddydumpling,angeljlewis_
daddydumpling,hkonscreen
daddydumpling,luv_haena
daddydumpling,joongwonpyo
daddydumpling,joshuahkwan
daddydumpling,brantonchoi
daddydumpling,deanierawibisono
daddydumpling,octbrchild
daddydumpling,hanakattt
daddydumpling,aprilpeng_screenwriter
daddydumpling,mattbuiii
daddydumpling,asianpopupcinema
daddydumpling,lillianzlin
daddydumpling,geauxann27
daddydumpling,hktaxiusa
daddydumpling,dios_garage
daddydumpling,danielantunezz
daddydumpling,abigail.swoap
daddydumpling,greensaleen
daddydumpling,actress.rosetta.tate
daddydumpling,kurowmii
daddydumpling,88tumble
daddydumpling,billysongchen
daddydumpling,katharinaboger
daddydumpling,evvdeng
daddydumpling,kiirstinleigh
daddydumpling,thederekdali
daddydumpling,allibonzel
daddydumpling,glenw_
daddydumpling,ceciliakimmm
daddydumpling,weng_composer
daddydumpling,matthew_maxfield
daddydumpling,sarad.u
daddydumpling,louzchung
daddydumpling,markwahlberg
daddydumpling,andrew_jayong
daddydumpling,harrisondtran
daddydumpling,audreyryu
daddydumpling,aaafilmfest
daddydumpling,aw_casting
daddydumpling,standwithasians
daddydumpling,kellyy_chann
daddydumpling,justntran_
daddydumpling,kevinkwanbooks
daddydumpling,theurbina
daddydumpling,zimansjah
daddydumpling,toanothertimeandplace
daddydumpling,patrickpstar_
daddydumpling,mattbookpro1014
daddydumpling,tipsonacting
daddydumpling,tiffanie___marie
daddydumpling,asianivan
daddydumpling,therealshannonlee
daddydumpling,stellanovacasting
daddydumpling,jaxdallas
daddydumpling,djangretto
daddydumpling,liltrrracy
daddydumpling,waltertab
daddydumpling,anywherethewindblowsfilm
daddydumpling,wongspelledwang
daddydumpling,dbcasting
daddydumpling,jeenachong
daddydumpling,v__nesa
daddydumpling,laralinmcc
daddydumpling,ywywmlt
daddydumpling,tanya.giang
daddydumpling,jasonrussak
daddydumpling,vamshi_adimulam
daddydumpling,spaceweeb69
daddydumpling,cheeryio
daddydumpling,lonnieiiv
daddydumpling,neozach
daddydumpling,chezlancy
daddydumpling,hieptrannghia_off
daddydumpling,jacq.sun
daddydumpling,onewingedchris
daddydumpling,carrieosities
daddydumpling,valerie.loo
daddydumpling,lilygao1
daddydumpling,brandonhlee_official
daddydumpling,tjina
daddydumpling,michael.connors823
daddydumpling,seconddraftla
daddydumpling,rosskurtle
daddydumpling,shygeisha
daddydumpling,pine.losangeles
daddydumpling,ismael_zhu
daddydumpling,thedashshot
daddydumpling,venus.chuu
daddydumpling,mjz_maggie
daddydumpling,frances.huii
daddydumpling,johnrazalo
daddydumpling,bo_ins
daddydumpling,willikin
daddydumpling,sarahannmasse
daddydumpling,trykarat
daddydumpling,canto.britt
daddydumpling,erictway
daddydumpling,jesse.zzzzz
daddydumpling,shawbr0ther
daddydumpling,joannejchew
daddydumpling,minnienguyenofficial
daddydumpling,wdaentertainment
daddydumpling,joannejcartist
daddydumpling,christian.cowgill
daddydumpling,kla.wong
daddydumpling,thelifeofjinwoo
daddydumpling,davidcoggeshall
daddydumpling,michellemonaghan
daddydumpling,stukoe
daddydumpling,iitztimmy
daddydumpling,trickygonzalez
daddydumpling,simon.cellanjones
daddydumpling,vanrcrosby
daddydumpling,hayleykeown
daddydumpling,valkyrae
daddydumpling,zoecolletti
daddydumpling,vinnybalbo
daddydumpling,a24
daddydumpling,yunajo
daddydumpling,jojopurdy
daddydumpling,shreeyuhhhh
daddydumpling,creepypuppet
daddydumpling,leopoldviacn
daddydumpling,jingtheory
daddydumpling,mollynmcintyre
daddydumpling,milkytran
daddydumpling,georgel1022
daddydumpling,sylviaxgao
daddydumpling,doublecjg
daddydumpling,atikhunk
daddydumpling,rxuths
daddydumpling,thekevinseo
daddydumpling,emmi_xi_
daddydumpling,danluzhu
daddydumpling,eric.intl
daddydumpling,onlynilo
daddydumpling,bbaemax
daddydumpling,shuonolowu
daddydumpling,viv.nwe
daddydumpling,julian_larach
daddydumpling,jaaronjennings
daddydumpling,andirexha
daddydumpling,antgainz
daddydumpling,emili.kim
daddydumpling,kalliehu_
daddydumpling,guibooo
daddydumpling,mcshing
daddydumpling,ciara_mandel_official
daddydumpling,linda_lovemade
daddydumpling,samanthablakegoodman
daddydumpling,carlagrace360
daddydumpling,ccyaa_
daddydumpling,joeyyy_hu
daddydumpling,francislola
daddydumpling,sabrinalasagna
daddydumpling,mccvx
daddydumpling,samdavis
daddydumpling,donaldland
daddydumpling,darrendarnborough
daddydumpling,hey.ngoc
daddydumpling,sylvia______________
daddydumpling,masmoriya
daddydumpling,strongasianlead_
daddydumpling,amber_the_lama
daddydumpling,itsmeganleo
daddydumpling,fireflyloves
daddydumpling,eliascusick
daddydumpling,nicksvibing
daddydumpling,ocwong
daddydumpling,richtingworld
daddydumpling,minjeezy
daddydumpling,dmagpr
daddydumpling,nice1dave
daddydumpling,michelle.lee__
daddydumpling,torakim
daddydumpling,dawnchurchofficial
daddydumpling,patricktdorsey
daddydumpling,bustamantecasting
daddydumpling,phanxine
daddydumpling,amy_h_le
daddydumpling,_lawrencele
daddydumpling,benster_333
daddydumpling,ryan_hahaha
daddydumpling,brianimanuel
daddydumpling,kevhlin
daddydumpling,colemiyagi
daddydumpling,sunrisecollective.us
daddydumpling,bingchen
daddydumpling,3admedia
daddydumpling,tillie.not.tilly
daddydumpling,shelbymgraham
daddydumpling,thisisge
daddydumpling,tangy_tangerweenie
daddydumpling,yamibuy
daddydumpling,brianafrapart
daddydumpling,lsirik
daddydumpling,onshiu
daddydumpling,a.magic.man
daddydumpling,tonyleung_official
daddydumpling,steveyeun
daddydumpling,thatdanielwu
daddydumpling,davidsiev
daddydumpling,lisalingstagram
daddydumpling,danieldaekim
daddydumpling,zhouyigutterman
daddydumpling,saintdoront
daddydumpling,graceyhkao
daddydumpling,sundanceorg
daddydumpling,taaforg
daddydumpling,michelleyeoh_official
daddydumpling,kehuyquan
daddydumpling,joshjeanb
daddydumpling,justinparkofficial
daddydumpling,bettywyy
daddydumpling,serrinalam
daddydumpling,directedbylina
daddydumpling,joeynogood
daddydumpling,casting.amanda
daddydumpling,kimberlydea_
daddydumpling,its.bellatan
daddydumpling,braden_cleaver
daddydumpling,ericjcheng
daddydumpling,jonathangaurano
daddydumpling,rohanananan
daddydumpling,jesus__aguinaga
daddydumpling,kaytse
daddydumpling,nelson_yong
daddydumpling,ivanye
daddydumpling,tremendous_comm
daddydumpling,veextran
daddydumpling,smellydurianface
daddydumpling,goldhouseco
daddydumpling,ashleemma
daddydumpling,byung_min_sa
daddydumpling,seanweitattoo
daddydumpling,davidsguide
daddydumpling,davidcleephotography
daddydumpling,jonathansison92
daddydumpling,yearofthe.ram
daddydumpling,efemmere
daddydumpling,dunkwun
daddydumpling,lillianlyu
daddydumpling,nicolejolley
daddydumpling,lloydleechoi
daddydumpling,thesuithistorian
daddydumpling,tyreseakf
daddydumpling,jonmchu
daddydumpling,nycfoodguy
daddydumpling,alldatdumpling
daddydumpling,thesandrawong
daddydumpling,cj.eats_
daddydumpling,joe____lim
daddydumpling,therealubiadas
daddydumpling,lesliiekwan
daddydumpling,wilfcho.pdf
daddydumpling,zbdix
daddydumpling,rozmuhree
daddydumpling,kaonaaaaaaa
daddydumpling,yukimaryrosel
daddydumpling,viviendo_la_cosecha
daddydumpling,lawrenceshou
daddydumpling,greer.sinclair
daddydumpling,ishindig
daddydumpling,thatssoryannn
daddydumpling,tyleryath
daddydumpling,linhnguyen.mov
daddydumpling,mrdavidpannnn
daddydumpling,bobaful_
daddydumpling,angelcantus
daddydumpling,it_me_evee
daddydumpling,desireelai
daddydumpling,imeliot
daddydumpling,haoran.main
daddydumpling,jettkwong
daddydumpling,oliviahajung.kim
daddydumpling,youlovepoon
daddydumpling,reider.jpg
daddydumpling,czarinallane
daddydumpling,jooseeo
daddydumpling,diane_lac
daddydumpling,pearlrivermart
daddydumpling,kamiyuhkaze
daddydumpling,whycantiusearyan
daddydumpling,o.sg____
daddydumpling,almonbutter
daddydumpling,2brnot2b
daddydumpling,porterduong
daddydumpling,thewesleychan
daddydumpling,ajnubla
daddydumpling,level4alpha
daddydumpling,iron_teapot_dim_sum
daddydumpling,puii.2
daddydumpling,megannjacques
daddydumpling,marylyn.phan
daddydumpling,katherbe
daddydumpling,laika1997
daddydumpling,tiffanykimstevens
daddydumpling,loupn_collection
daddydumpling,_katyho
daddydumpling,djsunnydaze_
daddydumpling,asongofcinema
daddydumpling,kevinlimagic
daddydumpling,anninefanzhang
daddydumpling,tristanmarleylai
daddydumpling,cley.jpg
daddydumpling,nceberhart
daddydumpling,massy.arias
daddydumpling,madsteaparty
daddydumpling,belleewang
daddydumpling,yoshi_sudarso
daddydumpling,lovemade
daddydumpling,rheawind_
daddydumpling,ogawamatt
daddydumpling,fonghwang
daddydumpling,tessa.pov
daddydumpling,itswendybess
daddydumpling,yeeitscathy
daddydumpling,jennrealtydoesitall
daddydumpling,laurenh.park
daddydumpling,kirbylee213
daddydumpling,davidbfung
daddydumpling,hudsonyang
daddydumpling,danakadan
daddydumpling,mizwu
daddydumpling,eleungg
daddydumpling,theamericandrag0n
daddydumpling,lewkcbmom
daddydumpling,mothervictory
daddydumpling,gia.linh.pham
daddydumpling,chrisjcyoung
daddydumpling,eshygazit
daddydumpling,weareuprisers
daddydumpling,xoy
daddydumpling,patmander
daddydumpling,j.liu_
daddydumpling,esouthern32
daddydumpling,thestevenhe
daddydumpling,steveioe
daddydumpling,katrinabuno
daddydumpling,zhong
daddydumpling,elizabethlauuu
daddydumpling,hcmartinez
daddydumpling,simongulergun
daddydumpling,laurenallenfilm
daddydumpling,avec_sophoclea
daddydumpling,ashleyalvarez.mua
daddydumpling,samdavidzhang
daddydumpling,cherrystreetfilms
daddydumpling,r.yangreene
daddydumpling,lee.l.main
daddydumpling,stephanieblasi
daddydumpling,more.chi.0605
daddydumpling,sewpunny
daddydumpling,adhyakshamarnath
daddydumpling,bonnieviolinqueen
daddydumpling,theruoyu
daddydumpling,artist_be_ba_
daddydumpling,elicooperfilm
daddydumpling,raqueltrujillo8
daddydumpling,neve_the_mua
daddydumpling,g.palm.makeup
daddydumpling,jasonylee_
daddydumpling,jamuelle.z
daddydumpling,venustraphobic
daddydumpling,mlzaaa
daddydumpling,korean_moneytree
daddydumpling,djcnote_
daddydumpling,_fantaye
daddydumpling,mkhanabusa
daddydumpling,andrewndinh
daddydumpling,foodwithsoy
daddydumpling,claudiatyu
daddydumpling,setharon
daddydumpling,meganalexisstier
daddydumpling,tyler_cornack
daddydumpling,wongfupro
daddydumpling,cotyiscool
daddydumpling,takeoutgirlfeaturefilm
daddydumpling,austinschubbyworld
daddydumpling,duckthebear_
daddydumpling,youlatoe
daddydumpling,owen_witmer
daddydumpling,molavson
daddydumpling,rikognition
daddydumpling,alessandroroco
daddydumpling,jackie.undertheinfluence
daddydumpling,davidrapaport
daddydumpling,thomaswgraa
daddydumpling,itsgalpalval
daddydumpling,thechloenne
daddydumpling,jinsuisong
daddydumpling,hamouniran
daddydumpling,danielledallas
daddydumpling,ultimacia
daddydumpling,xinqihuang777
daddydumpling,katiechan3838
daddydumpling,corinnechooey
daddydumpling,ellarouwenchen
daddydumpling,rickyyliu__
daddydumpling,spacedj1
daddydumpling,toonyun1
daddydumpling,gerrids.art
daddydumpling,iamaliceko
daddydumpling,ace.jing.wang
daddydumpling,donijahcollier
daddydumpling,arushi.mathur
daddydumpling,shuchi_dwivedi
daddydumpling,ysabeauxng
daddydumpling,damonmonday
daddydumpling,veloseo
daddydumpling,kingamanisme
daddydumpling,jackiechan
daddydumpling,doyuprod
daddydumpling,cloudstudio.626
daddydumpling,benypirz
daddydumpling,amandaachiu
daddydumpling,mr.shu.q
daddydumpling,itsdonnakwok
daddydumpling,mark.cheng.creative.studios
daddydumpling,jolenetionggg
daddydumpling,haven_everly
daddydumpling,itsvickiguise
daddydumpling,courtney.van
daddydumpling,hui_ying.h
daddydumpling,jeenie.weenie
daddydumpling,thelastdance_afi
daddydumpling,__sakura_japan__
daddydumpling,chifa_la
daddydumpling,humberto
daddydumpling,americanfilminstitute
daddydumpling,tu_devera
daddydumpling,hongkongggag
daddydumpling,hankoreanbbqhouse
daddydumpling,_ikanani_
daddydumpling,evayilinzheng
daddydumpling,emmacartermakeup
daddydumpling,ricardo.horna
daddydumpling,nickcinewalker
daddydumpling,juliagogo
daddydumpling,jacksonlinn
daddydumpling,echobendpictures
daddydumpling,nathandoan
daddydumpling,taylordvasek
daddydumpling,russellharvard
daddydumpling,yellowvangogh_
daddydumpling,xiongbrothers
daddydumpling,rivers.roy
daddydumpling,bluebyblu
daddydumpling,tealousy
daddydumpling,j.j.michaels
daddydumpling,char.lefe
daddydumpling,cricketelva
daddydumpling,landynlu_
daddydumpling,melshmelzz
daddydumpling,brianabaptiste
daddydumpling,tacoma.girl69
daddydumpling,tysonplaymaker
daddydumpling,alexbrowsho
daddydumpling,drumdaddy_
daddydumpling,sevahna
daddydumpling,_berto_herrera_
daddydumpling,heydashaunae
daddydumpling,basilvargas
daddydumpling,ga.briella
daddydumpling,ovle_c
daddydumpling,johnnyflickz
daddydumpling,tashaling
daddydumpling,jeromykola
daddydumpling,jason.koko
daddydumpling,pocketschocolate
daddydumpling,popcarm_eats
daddydumpling,vanessa.rowen.nguyen
daddydumpling,dylanjlocke
daddydumpling,fillmybellie
daddydumpling,jeffhahnstudio
daddydumpling,jamesrolandmiller
daddydumpling,leah_hrvy
daddydumpling,agraber92
daddydumpling,mmphotosbylindatran
daddydumpling,kristi.hoi
daddydumpling,toasty.town
daddydumpling,kaivertigoh
daddydumpling,t.dng
daddydumpling,albertlee_
daddydumpling,jaeweonh
daddydumpling,nieladarmani
daddydumpling,leonardodeasis
daddydumpling,christinakiiim
daddydumpling,makeupmilakwan
daddydumpling,ryans.hou
daddydumpling,upperreality
daddydumpling,sdy.cheeks
daddydumpling,duckybokki
daddydumpling,sheldonhoho
daddydumpling,cantomando
daddydumpling,chefboylee
daddydumpling,malikpeay
daddydumpling,nickgrajeda18
daddydumpling,kay.viriya
daddydumpling,dancingqueenfitnessstudio
daddydumpling,therobryan
daddydumpling,jayowai
daddydumpling,joeyactorguy
daddydumpling,samsalazar.fit
daddydumpling,rach_lcheng
daddydumpling,thegoomaral
daddydumpling,mike_koslov
daddydumpling,sassiecassie_94
daddydumpling,m_ramirez00
daddydumpling,andi.global
daddydumpling,lowhiofficial
daddydumpling,who_is_brandon_martin
daddydumpling,lonnielenyea
daddydumpling,cloudprism
daddydumpling,jennytriesthings
daddydumpling,jennychoiphoto
daddydumpling,longle.film
daddydumpling,ktkrysi
daddydumpling,its.kevinle
daddydumpling,sckachi
daddydumpling,mdlinjeng
daddydumpling,michael_timmons
daddydumpling,lilyp0d
daddydumpling,theenotorioustig
daddydumpling,gerrimiahistaken
daddydumpling,zizzayyy
daddydumpling,nadeenmara
daddydumpling,baesthetic
daddydumpling,isaakira
daddydumpling,ck_swanson
daddydumpling,joydalguntas
daddydumpling,koveycoles
daddydumpling,nightvid
daddydumpling,thedr.q
daddydumpling,mf_romasanta
daddydumpling,janiyams
daddydumpling,michaelbradway_
daddydumpling,theryanbrooks
daddydumpling,doitbot
daddydumpling,asia_warren
daddydumpling,itsfrankierossi
daddydumpling,josiahyu
daddydumpling,roxyfaithalexandria
daddydumpling,itsningning.k
daddydumpling,desireestaples
daddydumpling,brosjean
daddydumpling,houseof_sinclair
daddydumpling,misohungrry
daddydumpling,jay_matsu
daddydumpling,binxeyes
daddydumpling,wootak
daddydumpling,ponjeee
daddydumpling,srirachasunny
daddydumpling,tangleton
daddydumpling,jacquelineyex
daddydumpling,lenakperry
daddydumpling,jhanmena
daddydumpling,teck
daddydumpling,hanbity
daddydumpling,b0kchoybaby
daddydumpling,thepaulg
daddydumpling,jhanelleelissa
daddydumpling,thereal2chengs
daddydumpling,flywithjohnnythai
daddydumpling,michellee3939
daddydumpling,fitcoach_nico
daddydumpling,cookiesandcorrine
daddydumpling,anvitagattani
daddydumpling,inabhoopalam
daddydumpling,joshdelson
daddydumpling,michelleepark
daddydumpling,katchalata
daddydumpling,luna_deb
daddydumpling,max_keji_huang
daddydumpling,chensfilm2038
daddydumpling,luba_rodina
daddydumpling,ashleyrkim
daddydumpling,allisonkjon
daddydumpling,bijah_music
daddydumpling,cathyhbui
daddydumpling,jakesing_
daddydumpling,vonniknoxville
daddydumpling,abigalechenn
daddydumpling,tiffanobi
daddydumpling,brokescreen
daddydumpling,jordanfromla_
daddydumpling,elainetantra
daddydumpling,timo4041
daddydumpling,eddievillaltaa
daddydumpling,hello_im_sharon
daddydumpling,kellcrabtree
daddydumpling,petersadrian
daddydumpling,toria.lorraine
daddydumpling,savanahskaggs
daddydumpling,taylor.bailey.music
daddydumpling,jonathanliu1
daddydumpling,uhlexisdang
daddydumpling,tresmortimer
daddydumpling,kevin1iu
daddydumpling,michsugi
daddydumpling,jasminericegirl
daddydumpling,jermzluvsmochi
daddydumpling,arianaperezphotos
daddydumpling,laurag.17
daddydumpling,miss.cathyvu
daddydumpling,alyssa__2000
daddydumpling,natashlau
daddydumpling,francine.ng
daddydumpling,rica.babyyy
daddydumpling,southpaw_jess
daddydumpling,thebrifernandez
daddydumpling,maxdavid24
daddydumpling,skinfactoryla
daddydumpling,moviesethumor
daddydumpling,kristychooster
daddydumpling,counselingkitsune
daddydumpling,brenna_666
daddydumpling,redkellymakeup
daddydumpling,cine.hair
daddydumpling,michiquedoan
daddydumpling,davehenrriquez
daddydumpling,gabbychan_official
daddydumpling,joshgmontes
daddydumpling,singjlee
daddydumpling,kat.jlq
daddydumpling,kimngoknows
daddydumpling,stephanieywong
daddydumpling,sofiachacom
daddydumpling,hazelnautz
daddydumpling,jrosenthal1030
daddydumpling,choochootraang
daddydumpling,iamkareno
daddydumpling,bydollyli
daddydumpling,mat.tn.vo
daddydumpling,lookingnhu
daddydumpling,samuelhlim
daddydumpling,afujams
daddydumpling,tyrannosaurusrex17
daddydumpling,ddddre
daddydumpling,lianne.cosplay
daddydumpling,sheldonbotler
daddydumpling,itsbabesel
daddydumpling,guavakk
daddydumpling,justin_chien
daddydumpling,iiiitography
daddydumpling,alfredrocks
daddydumpling,pinkrocketship
daddydumpling,haothefeng
daddydumpling,_jeffmendoza_
daddydumpling,sweetsung
daddydumpling,nextshark
daddydumpling,markianb
daddydumpling,robin_z_wang
daddydumpling,jacqueline.director
daddydumpling,hayhaybarbie
daddydumpling,mr.matt.tam
daddydumpling,thesamlitv
daddydumpling,lazarustate
daddydumpling,kingaloha
daddydumpling,annabel_grace_regier
daddydumpling,alyssaquast
daddydumpling,parissakoo
daddydumpling,hannahmillmua
daddydumpling,jessejedi
daddydumpling,sir.jalen
daddydumpling,andaeos
daddydumpling,steviestatus
daddydumpling,lemarcelandre
daddydumpling,moodygabe
daddydumpling,giakim
daddydumpling,_elijahwashington_
daddydumpling,trecyx
daddydumpling,kyleyamamoto
daddydumpling,childishgohmbino
daddydumpling,chanman325
daddydumpling,blablablessyou
daddydumpling,denzelcrispy
daddydumpling,really_rielle
daddydumpling,vuracious
daddydumpling,zeenakoda
daddydumpling,shrrycola
daddydumpling,dae.slim
daddydumpling,dianachowmusic
daddydumpling,theblackcurtain_
daddydumpling,not_rielle
daddydumpling,sundae.school
daddydumpling,woonkitchen
daddydumpling,kelly.eisenbrand
daddydumpling,ohhhjasmine
daddydumpling,sharonslee
daddydumpling,hayden_won
daddydumpling,dabigkangtheory
daddydumpling,blu_talentagency
daddydumpling,dothatdougie
daddydumpling,nickandradefitness
daddydumpling,alextsanchezzz
daddydumpling,thegreatdalsey
daddydumpling,wangabanga
daddydumpling,jeremykimkardashian
daddydumpling,adamjwashington
daddydumpling,tallcabbagegirl
daddydumpling,junsummerpark
daddydumpling,cinraoo
daddydumpling,undertheinfluence.show
daddydumpling,nectarhardseltzer
daddydumpling,thekatcreative
daddydumpling,amymaramba
daddydumpling,capeusa
daddydumpling,bareivy
daddydumpling,danzstan
daddydumpling,hapacoleen
daddydumpling,miltoninla
daddydumpling,alisonchangsta
daddydumpling,kierrabrie
daddydumpling,basecamppasadena
daddydumpling,thechinesedumpling
daddydumpling,carrieekuang
daddydumpling,buitiendungisme1997
daddydumpling,ing.chloe
daddydumpling,jasonchumusic
daddydumpling,ft.jo__
daddydumpling,annora_brennan
daddydumpling,uliang
daddydumpling,rogerwh0
daddydumpling,kaitlynvunguyen
daddydumpling,peterrsomm
daddydumpling,heyjudylei
daddydumpling,chloedinh
daddydumpling,thereallaurenlee
daddydumpling,jerstagrams
daddydumpling,jackiectran
daddydumpling,zeda_zhang
daddydumpling,rawmixrom
daddydumpling,mterrisphoto
daddydumpling,brando
daddydumpling,brittany_d50
daddydumpling,littlelionscotty
daddydumpling,sushi_simpin
daddydumpling,niaarellano
daddydumpling,shan4eiz
daddydumpling,yumzau
daddydumpling,joshwjang
daddydumpling,calvincheungg_
daddydumpling,lukeshipstad
daddydumpling,lasfotosproject
daddydumpling,pigeon.fotos
daddydumpling,silkvia
daddydumpling,amandatien
daddydumpling,joyce.chang
daddydumpling,saisaidhi
daddydumpling,sean.leee
daddydumpling,meezzzu
daddydumpling,hi.imarthur
daddydumpling,partygoatsla
daddydumpling,bossmaxgreen
daddydumpling,tyleryee
daddydumpling,dustinvuongnguyen
daddydumpling,suuhleena
daddydumpling,ultramegatron
daddydumpling,junbaex
daddydumpling,arquilevich
daddydumpling,warnerjesse
daddydumpling,eunicecycle
daddydumpling,chriswilltan
daddydumpling,ben.tang
daddydumpling,dangitscheng
daddydumpling,omgadrian
daddydumpling,colemicek
daddydumpling,nabeerzkhan
daddydumpling,aspen_like_colorado
daddydumpling,icreateshit
daddydumpling,jimbaslice
daddydumpling,justfeng
daddydumpling,ceanne.klein
daddydumpling,ricki_ramirez_
daddydumpling,vladaae
daddydumpling,__caspe
daddydumpling,darylven
daddydumpling,ryandalan
daddydumpling,samanthawongtopp
daddydumpling,codyhtet
daddydumpling,aloeson__
daddydumpling,ivantaged
daddydumpling,hellonataliew
daddydumpling,bensonq
daddydumpling,collinlacc
daddydumpling,pette.____
daddydumpling,yoonhaverse
daddydumpling,timwinshoots
daddydumpling,vivian_but
daddydumpling,ysabelhilado
daddydumpling,maxlarsen
daddydumpling,itsshivzzz
daddydumpling,thisis.malou
daddydumpling,asian_cinema_entertainment
daddydumpling,grongroon
daddydumpling,alexlocascio
daddydumpling,studios_9_1_8
daddydumpling,jxffr
daddydumpling,nancyshvab
daddydumpling,mylenmakes
daddydumpling,notchristiana_
daddydumpling,jordancapili
daddydumpling,_efframirez
daddydumpling,doitlikeamadora
daddydumpling,leizamariecabrera
daddydumpling,ramoncristwelll
daddydumpling,hunterpao
daddydumpling,chevy_fleetline
daddydumpling,jesssicawooo
daddydumpling,ayeenate
daddydumpling,ellen.degener4te
daddydumpling,flicksby_a
daddydumpling,danieleaquino
daddydumpling,_alexacardenas
daddydumpling,joshyejoon
daddydumpling,syndctestudios
daddydumpling,jeymusicofficial
daddydumpling,jarrodnguyen
daddydumpling,jhnny_cn
daddydumpling,marykaythegreat
daddydumpling,djbrain__
daddydumpling,devinlarscheid
daddydumpling,yikes.itz.carter
daddydumpling,tonylucnguyen
daddydumpling,momslovegabe
daddydumpling,kyurindiary
daddydumpling,go.bamproductions
daddydumpling,ikaliu_
daddydumpling,amyytamm
daddydumpling,_chrisbittle_
daddydumpling,kay__amo
daddydumpling,hayleyngarcia
daddydumpling,nataliamedinafv
daddydumpling,ragsroks
daddydumpling,vincerossi
daddydumpling,kimmyerin
daddydumpling,raquelsantolaya
daddydumpling,quintonjohn_
daddydumpling,superhugh3
daddydumpling,giovannabeauty
daddydumpling,janacruder
daddydumpling,itsjaslee
daddydumpling,rarebutvintage
daddydumpling,t4nknd
daddydumpling,c.lleenm
daddydumpling,r.ryan.lee
daddydumpling,chineseguy88
daddydumpling,cozyylens
daddydumpling,stxph.h
daddydumpling,mr.extras
daddydumpling,aarontebay
daddydumpling,kiiinglouuu
daddydumpling,bthaiii
daddydumpling,nancy.lianghan
daddydumpling,hannaasiregar
daddydumpling,davidrocha.wav
daddydumpling,picklehandsomeking
daddydumpling,ashergold
daddydumpling,geneluenyang
daddydumpling,michelletuans
daddydumpling,lanhua_m
daddydumpling,starryidcat
daddydumpling,tracy_yyzzz
daddydumpling,blakejackson42
daddydumpling,zhengzhao_yang
daddydumpling,0826tiger
daddydumpling,thealbertlew
daddydumpling,joosedtin
daddydumpling,k_vlay
daddydumpling,kevinyu2
daddydumpling,_christina.cms
daddydumpling,michealmarcelio
daddydumpling,daddydacbiet
daddydumpling,theesinetwork
daddydumpling,solldaria
daddydumpling,workofark
daddydumpling,director.ryanturner
daddydumpling,trentunmiller
daddydumpling,alyciagarciamua
daddydumpling,jakerohrs
daddydumpling,jenlycrespo
daddydumpling,xamnil
daddydumpling,byronmwu
daddydumpling,austinxwade
daddydumpling,bradfuture
daddydumpling,arthurlang
daddydumpling,jennydiem
daddydumpling,jenny.jue
daddydumpling,character.media
daddydumpling,gioswxnk
daddydumpling,emiliomazariegos
daddydumpling,yvonnecwlee
daddydumpling,netflixgolden
daddydumpling,punchmelly
daddydumpling,agentsnmk
daddydumpling,sydneeynguyen
daddydumpling,c.h.l.o.e.y.u
daddydumpling,erinnnli
daddydumpling,turtlesmang
daddydumpling,alli.du
daddydumpling,parkburrphoto
daddydumpling,itsdavejia
daddydumpling,tien_danger
daddydumpling,icynthianguyen
daddydumpling,plantbasedrio
daddydumpling,milesgaspardd
daddydumpling,khayzelcornel
daddydumpling,eamadeit
daddydumpling,katweenie
daddydumpling,brianp3rkins
daddydumpling,caaiirra
daddydumpling,geoffwalker_
daddydumpling,twitter_tran
daddydumpling,rubasworld
daddydumpling,parentsarehuman
daddydumpling,williamashtonmoore
daddydumpling,honeyandhivesgv
daddydumpling,kasia
daddydumpling,nicsancen
daddydumpling,byroneliazim
daddydumpling,artofvisuals
daddydumpling,itssamaris
daddydumpling,bevarage
daddydumpling,ay.sia
daddydumpling,ezra.manoah
daddydumpling,vintageassists
daddydumpling,weoutside.club
daddydumpling,thechrisluu
daddydumpling,kiki.okubo
daddydumpling,helenyinfongchau
daddydumpling,ofunna.ofomata
daddydumpling,la.jg
daddydumpling,isabellewiederkehr
daddydumpling,chriztiee
daddydumpling,kathy.byun
daddydumpling,taymonlawson
daddydumpling,lamodelsmen
daddydumpling,dragonoliverofficial
daddydumpling,ramonabishyoung
daddydumpling,derreckstanley
daddydumpling,dopplebanger
daddydumpling,anike.nyc
daddydumpling,mattwithers_
daddydumpling,miglovin
daddydumpling,khalilm1ahmed
daddydumpling,devysimon
daddydumpling,esairvmirez
daddydumpling,rudefino
daddydumpling,neighborhood.flea
daddydumpling,finxskiii
daddydumpling,chloecopoloff
daddydumpling,elaynaconaty
daddydumpling,glenn_g_gox
daddydumpling,jamesmuseitif
daddydumpling,maxwell_hughes_klaiber
daddydumpling,dumpling.wav
daddydumpling,inh4ri
daddydumpling,frankiemartine2
daddydumpling,irenewu
daddydumpling,calvinn_lu
daddydumpling,_song_yena
daddydumpling,msmierliu
daddydumpling,joycehtet
daddydumpling,mediabymarc
daddydumpling,eltonlouie
daddydumpling,tonylongnguyen
daddydumpling,gabriellacicerelli
daddydumpling,onyxunity
daddydumpling,mslolachanel
daddydumpling,nparasram
daddydumpling,curryshottv
daddydumpling,representasianproject
daddydumpling,tacoburrrito
daddydumpling,gfadez3_
daddydumpling,hxnnxhfischer
daddydumpling,abigailhingwen
daddydumpling,shotbyg3
daddydumpling,micaelamrtnez
daddydumpling,savanasensei
daddydumpling,madeinhkpod
daddydumpling,coffeelogic
daddydumpling,ehlexis
daddydumpling,fionabarbary
daddydumpling,itzshaline
daddydumpling,vonzelle.creates
daddydumpling,jonathantanigaki
daddydumpling,simuliu
daddydumpling,samanthablakecasting
daddydumpling,shubhi_sahni
daddydumpling,melatonin1997
daddydumpling,crispymerola
daddydumpling,according2ken
daddydumpling,itsgracepower
daddydumpling,iaaaanstagram
daddydumpling,carminaabernardo
daddydumpling,blossommarkethall
daddydumpling,michelle.gatpo
daddydumpling,maureentang
daddydumpling,phinehasyoon
daddydumpling,theaarondumas
daddydumpling,natforprez
daddydumpling,ry_phung
daddydumpling,awildjoyee
daddydumpling,paulinechan9944
daddydumpling,josiahhenifin
daddydumpling,gs_visuals
daddydumpling,trevorleon
daddydumpling,marcel.vanwerkhoven
daddydumpling,brandonsoohoo
daddydumpling,flicksbydaniel
daddydumpling,chloberry
daddydumpling,a.sidhu
daddydumpling,parthsubs
daddydumpling,enricocausapin
daddydumpling,shotbylouu
daddydumpling,tylen_yoshida
daddydumpling,elishizzle
daddydumpling,zindrew
daddydumpling,bigdaddycanes
daddydumpling,venisa.wang
daddydumpling,sholade
daddydumpling,davidace.rda
daddydumpling,alicine__
daddydumpling,mrkevinknows
daddydumpling,annikayip
daddydumpling,asianhustlenetwork
daddydumpling,iananthonywho
daddydumpling,micah_smith_1302
daddydumpling,grantsongs
daddydumpling,wyattmllr3
daddydumpling,dexterfarrenhaag
daddydumpling,jdiomampo98
daddydumpling,magg.chui
daddydumpling,rejoyce4eva
daddydumpling,bryanvuongpham
daddydumpling,carlodcruise
daddydumpling,akitomartin
daddydumpling,lenaclairewilson
daddydumpling,ohshawr
daddydumpling,ashleytory
daddydumpling,michaeltrewartha
daddydumpling,manthonymusic
daddydumpling,djmistrhee
daddydumpling,bachyardghost
daddydumpling,___eyeroll___
daddydumpling,discover_kevwin
daddydumpling,emilykate_t
daddydumpling,notjimynguyen
daddydumpling,vickiichenn
daddydumpling,daxxdesmon
daddydumpling,jamesyunn
daddydumpling,raeniedae
daddydumpling,thgquoc
daddydumpling,niko.caps
daddydumpling,apolloinvictus_
daddydumpling,g.douglass
daddydumpling,kylehasatan
daddydumpling,extremeartsandcrafts
daddydumpling,zackisasleep
daddydumpling,kuuromusic
daddydumpling,kevirsace
daddydumpling,gallerystills
daddydumpling,abovewongart
daddydumpling,bowlts
daddydumpling,saintyim
daddydumpling,imgabrielwong
daddydumpling,samvoong
daddydumpling,raresightingsphotography
daddydumpling,kensgoods
daddydumpling,cutakesphotos
daddydumpling,wesxpatrick
daddydumpling,stephensjang
daddydumpling,danielaleonnn
daddydumpling,olivia.thai
daddydumpling,itsyoboyivannn
daddydumpling,thetylerxu
daddydumpling,kaitlynmatsumoto
daddydumpling,karaamatsumoto
daddydumpling,flanagan.dp
daddydumpling,jessegarciam
daddydumpling,7aeminn
daddydumpling,gabriel.stewart
daddydumpling,crispyblacktee
daddydumpling,marlinramseychan
daddydumpling,theoneshu
daddydumpling,stevenbonus
daddydumpling,donny.daydream
daddydumpling,isaiahtorres__
daddydumpling,viictoriialm
daddydumpling,rmcvic
daddydumpling,devannguyen
daddydumpling,221cash
daddydumpling,itsjferrer
daddydumpling,lan_maiii
daddydumpling,dtto.mdc
daddydumpling,_gidopark
daddydumpling,jalenrsands
daddydumpling,clubhousecollection
daddydumpling,orangecounty_photo
daddydumpling,shawtykai
daddydumpling,sqwnt
daddydumpling,isabellajeturian
daddydumpling,a.x.f.28
daddydumpling,dylson
daddydumpling,kili0_0
daddydumpling,cupofcreative
daddydumpling,sammygeris
daddydumpling,wisdm
daddydumpling,brynaea
daddydumpling,biancaxb08
daddydumpling,cooliestt
daddydumpling,doan_uwp
daddydumpling,davidhugo
daddydumpling,kaylarg_
daddydumpling,derektatty
daddydumpling,sebastiansi3rra
daddydumpling,ashleyyychoys
daddydumpling,drywipez
daddydumpling,jazzcovv
daddydumpling,bryalexischoi
daddydumpling,rsatoh19
daddydumpling,chanoo0103
daddydumpling,jazzzmxne
daddydumpling,vincecrtz
daddydumpling,earljsc
daddydumpling,daniellenagtalon
daddydumpling,bryansmediums
daddydumpling,sabrina.torress
daddydumpling,trishshsh
daddydumpling,yenohsounds
daddydumpling,shan.nyan
daddydumpling,sinr.project
daddydumpling,jacxyn
daddydumpling,jessicahillarylin
daddydumpling,__instatram
daddydumpling,walyllom
daddydumpling,halliemartinezz
daddydumpling,simplyjuan4
daddydumpling,dustinchau
daddydumpling,bitesizedbryan
daddydumpling,vysace
daddydumpling,caturineee
daddydumpling,aaronpacoyang
daddydumpling,eric.kim.24
daddydumpling,tonishyy
daddydumpling,youngqim
daddydumpling,greatergoodsbox
daddydumpling,hunterkimiyo
daddydumpling,_angelaayu_
daddydumpling,eunicelokyee
daddydumpling,leannejlav
daddydumpling,imkwanjoey
daddydumpling,foodwithmichel
daddydumpling,melanie_rose_jjj
daddydumpling,nicajoeyy
daddydumpling,jxnniferwu
daddydumpling,laucrystalmomo
daddydumpling,andrea.charmaine
daddydumpling,tiffanyrlew
daddydumpling,nbrhd.market
daddydumpling,amyseaton
daddydumpling,halliona.bacon
daddydumpling,genevelau
daddydumpling,we_love_tsangria
daddydumpling,allybuesink
daddydumpling,wilmerlifts
daddydumpling,mia_schow
daddydumpling,sabrina__nguyen
daddydumpling,ychln
daddydumpling,joshuaayu
daddydumpling,limitlessant
daddydumpling,jirehgleeson
daddydumpling,lilicheeee
daddydumpling,o.ophoenix
daddydumpling,daveedk
daddydumpling,zzz36g
daddydumpling,justice.rodgers
daddydumpling,katiagerry
daddydumpling,drjohnrusin
daddydumpling,nottrevorbrown
daddydumpling,kdkinetics
daddydumpling,vernongriffith4
daddydumpling,rylodainm
daddydumpling,pamowensfitness
daddydumpling,kelllyjelly
daddydumpling,la_triathlete
daddydumpling,marquisemosley_
daddydumpling,dr.joelseedman_ahp
daddydumpling,virgodatu
daddydumpling,marcusfilly
daddydumpling,jordye
daddydumpling,rayraybun
daddydumpling,shannon.wongso
daddydumpling,jacob.s.hernandez_
daddydumpling,juliasisro
daddydumpling,malloryduarte
daddydumpling,drandreospina
daddydumpling,a_glennphotography
daddydumpling,giannacusato
daddydumpling,cp.ocampo
daddydumpling,brandonx.97
daddydumpling,priscillawxng
daddydumpling,expiredeggs
daddydumpling,grace.gg22
daddydumpling,marteeja
daddydumpling,akacasper
daddydumpling,worthys_workshop
daddydumpling,csimonianowens
daddydumpling,katiekwann
daddydumpling,catmeowo_o
daddydumpling,sunluuofficial
daddydumpling,realcalebstupin
daddydumpling,325pm
daddydumpling,meijun.e
daddydumpling,angelalobrien
daddydumpling,coacheugeneteo
daddydumpling,anna.f.glenn
daddydumpling,thechessgiant
daddydumpling,caitlin_chun_
daddydumpling,chedh
daddydumpling,stephjrubio
daddydumpling,sonia_hoey
daddydumpling,tiffanyyxle
daddydumpling,brandquil
daddydumpling,jaealexis_
daddydumpling,realgame.athletics
daddydumpling,alexmuir0
daddydumpling,minsoo.kang_
daddydumpling,shvronchan
daddydumpling,justina.kozan
daddydumpling,michelleefam
daddydumpling,alexwright10_
daddydumpling,micah.tarr
daddydumpling,odog965
daddydumpling,ingridneuk
daddydumpling,therealseancornish
daddydumpling,lucas.elliott
daddydumpling,c.shupe2
daddydumpling,_maddy_long
daddydumpling,vanessaamaay
daddydumpling,alyssachavezzz
daddydumpling,dani.bryant
daddydumpling,alexisborja2.0
daddydumpling,morganvfinnegan
daddydumpling,hunterkenn
daddydumpling,lauren.parker14
daddydumpling,mo.kirton
daddydumpling,maddierasmuson
daddydumpling,jesspenner
daddydumpling,abbs_ra_cadabra
daddydumpling,tori_apodaca
daddydumpling,ramjikaur
daddydumpling,jason_urabus
daddydumpling,gabbyschey
daddydumpling,jamesgamette
daddydumpling,jizzmun
daddydumpling,sj.ayyee
daddydumpling,drlocrao
daddydumpling,simonsaysokay
daddydumpling,shardonnayy
daddydumpling,lookitsolivia
daddydumpling,j.nhny
daddydumpling,eliannaowens
daddydumpling,mikaylatseng
daddydumpling,fvkanne
daddydumpling,_a.tung_
daddydumpling,clarsen1010
daddydumpling,locatingbianca
daddydumpling,kellykobayashi
daddydumpling,filibean
daddydumpling,lexisamz
daddydumpling,davisozawa
daddydumpling,michael_fukuyama
daddydumpling,its_gkwok
daddydumpling,sashatfierce
daddydumpling,gisellemarields
daddydumpling,ashiaslee
daddydumpling,jehnnah
daddydumpling,samipenorgolf
daddydumpling,sohmegann
daddydumpling,jestine16
daddydumpling,1johnnyc_
daddydumpling,coach.rac
daddydumpling,courtneydenn
daddydumpling,jackmacdonaldre
daddydumpling,__giannamarie_
daddydumpling,moseszeto
daddydumpling,king_josh3
daddydumpling,kyle.devilliers
daddydumpling,jennlontok
daddydumpling,cup_of_joejoe93
daddydumpling,natalieleonn
daddydumpling,hudsonszeto
daddydumpling,krinadiaa
daddydumpling,dylan9117
daddydumpling,bumsangk
daddydumpling,byron7_just
daddydumpling,mathias_davis
daddydumpling,the.shirtlessdude
daddydumpling,kouseimattox
daddydumpling,shirleyyywm
daddydumpling,candicewuhoo
daddydumpling,will.yc
daddydumpling,squat_university
daddydumpling,itz_audz
daddydumpling,lizaparahnevich
daddydumpling,jonashuck
daddydumpling,seanh_lee
daddydumpling,irvin__
daddydumpling,mdangit
daddydumpling,mun.cis
daddydumpling,ebenezersamuel23
daddydumpling,kykyallan
daddydumpling,coachnatehard
daddydumpling,masezhao
daddydumpling,jonathan_jk8
daddydumpling,jayy_kubb
daddydumpling,kat_hayyyy
daddydumpling,dakotadoingthings_
daddydumpling,theyukks
daddydumpling,thehunterelyse
daddydumpling,wonnyj__
daddydumpling,juann_carlos
daddydumpling,17companymen
daddydumpling,abbeyyramirez
daddydumpling,hjsarahchung
daddydumpling,theofficialgabbymorris
daddydumpling,garykam
daddydumpling,_sarahgray_
daddydumpling,childish_gav
daddydumpling,jamaralcala
daddydumpling,robbiegleee
daddydumpling,justicelargusa
daddydumpling,brimahaney
daddydumpling,christian_perezbasulto
daddydumpling,nicolefchang
daddydumpling,cvrlosmelendez
daddydumpling,itsuhlyssa
daddydumpling,westindawe
daddydumpling,carolinecushman
daddydumpling,daniellemlord
daddydumpling,andrew_buglino5
daddydumpling,kaylanefff
daddydumpling,taylorpotts_
daddydumpling,annieeandersen
daddydumpling,kylealcosiba
daddydumpling,davidxgomez
daddydumpling,nicjano2
daddydumpling,tjurgensen
daddydumpling,giovanni.i.o
daddydumpling,arrood
daddydumpling,sarahmele
daddydumpling,ivxnparedes
daddydumpling,jchild98
daddydumpling,_just_clay
daddydumpling,austinbishhh
daddydumpling,minh_dangg
daddydumpling,yung_nak
daddydumpling,hali_holmes
daddydumpling,elee121
daddydumpling,dakotad3an
daddydumpling,katrinagong
daddydumpling,sarahkimberlyyang
daddydumpling,caelajoy3
daddydumpling,christopherrc55
daddydumpling,rachieliu
daddydumpling,jlinphotos
daddydumpling,lois_nestor
daddydumpling,nicole.stevens
daddydumpling,schmee.schmee
daddydumpling,marykarnazes
daddydumpling,sophiakarnazes
daddydumpling,delanie.brunet
daddydumpling,avonlea_smith
daddydumpling,buswimfinsta
daddydumpling,billie_rae_ann
daddydumpling,jamaldillard
daddydumpling,regina_hon
daddydumpling,antneeraffa
daddydumpling,ameliaplendcio
daddydumpling,preetchristian
daddydumpling,katherinekongg
daddydumpling,ethvnsteele
daddydumpling,jessie_gleeson
daddydumpling,cyrusdee
daddydumpling,ellynnleee
daddydumpling,aly_martin__
daddydumpling,tiffffanyli
daddydumpling,michaelchu_
daddydumpling,yosoyjoshyyy
daddydumpling,lifewithkarisa
daddydumpling,smlai83
daddydumpling,ianbaron
daddydumpling,dbrimmms
daddydumpling,jinnen_m
daddydumpling,meagan_ma
daddydumpling,jesse.choy
daddydumpling,aceeboii
daddydumpling,tyus_dennis
daddydumpling,winterrosemathew
daddydumpling,the_hannahway
daddydumpling,sarah_prystupa
daddydumpling,maizani__
daddydumpling,riley__grant
daddydumpling,alejandro_pelayo5_
daddydumpling,johoe55
daddydumpling,cheekyraquel
daddydumpling,songalongalong
daddydumpling,jayyycao
daddydumpling,yukari_grace
daddydumpling,sammy.bennett
daddydumpling,shawn.weldon
daddydumpling,vanbreezy_
daddydumpling,ironwolfks
daddydumpling,absolutleyashyt
daddydumpling,kristenjwaters
daddydumpling,mandaborja
daddydumpling,hiiandrewh
daddydumpling,koalakei
daddydumpling,sethsubt
daddydumpling,caleb_bailey24
daddydumpling,eliabsgirum
daddydumpling,shanstein9
daddydumpling,kaihuangg
daddydumpling,josh_saucy
daddydumpling,m_wang284
daddydumpling,jrgrimmius
daddydumpling,bellakaylarson
daddydumpling,sophia_e_vale
daddydumpling,thelilyroos
daddydumpling,aaronnnelson
daddydumpling,laneybugtaylor
daddydumpling,kaitilynmg
daddydumpling,libbywillliams
daddydumpling,madisonisabelle_
daddydumpling,alissa_steph
daddydumpling,grant.ganther
daddydumpling,e_olofson4
daddydumpling,carissakalpakjian
daddydumpling,kenisha_rose
daddydumpling,kyleshorack
daddydumpling,janel_luk
daddydumpling,jona_suareez
daddydumpling,lindsaylewis
daddydumpling,the__beek
daddydumpling,johnrizkallah
daddydumpling,masonvanaken
daddydumpling,majoythomas
daddydumpling,bella_burchett
daddydumpling,fashionablykenzie
daddydumpling,katiee_eagle
daddydumpling,ashleylogue
daddydumpling,hannahealcala
daddydumpling,muhleeya
daddydumpling,_zac_castro_
daddydumpling,wilmerslashramirez
daddydumpling,abbiwilson98
daddydumpling,sarah_parada
daddydumpling,muffinsmomm
daddydumpling,austmgreen
daddydumpling,erikheins
daddydumpling,daniellasteele
daddydumpling,jasmynebell
daddydumpling,ryan.petersen1
daddydumpling,menchacalaca
daddydumpling,ashelari
daddydumpling,kuyabrixton
daddydumpling,andrew_d_benson
daddydumpling,natloofa
daddydumpling,curtishitomi
daddydumpling,baconbaking
daddydumpling,vanthefranchise
daddydumpling,nicahults
daddydumpling,victorianea
daddydumpling,gabexdavis
daddydumpling,soy_boi
daddydumpling,imdtrue
daddydumpling,emilyhonng
daddydumpling,regardsnorman
daddydumpling,emi.jpgs
daddydumpling,morganstickney
daddydumpling,aloha.cin
daddydumpling,juliantdavis
daddydumpling,christineetraan
daddydumpling,wllm.ln
daddydumpling,derekkchen
daddydumpling,baephun
daddydumpling,fitwithvic5
daddydumpling,naomiabascal
daddydumpling,7.77vh
daddydumpling,caterinamarchionne
daddydumpling,hermennnn
daddydumpling,jtcmotorsports98
daddydumpling,nguyen_jeremy
daddydumpling,bradley_wongg
daddydumpling,laylasito26
daddydumpling,aaallisynnn
daddydumpling,d_hano
daddydumpling,ceogarcia
daddydumpling,samm.young
daddydumpling,vwongk
daddydumpling,marcokum
daddydumpling,jdanica
daddydumpling,a.jasmine.tan
daddydumpling,jackieechai
daddydumpling,rachaelwkam
daddydumpling,sandracshon
daddydumpling,oliviagjack
daddydumpling,yvettekiim
daddydumpling,corbanr
daddydumpling,gabbydang
daddydumpling,drea.wei
daddydumpling,crystaallee
daddydumpling,sawbladesmile
daddydumpling,baileylouiee
daddydumpling,dangbriann
daddydumpling,kaaatttelyn
daddydumpling,amberlinmonte
daddydumpling,ca.lv
daddydumpling,ericleee1
daddydumpling,sunnyzzhou
daddydumpling,mickychetta
daddydumpling,patrickttulaphorn
daddydumpling,wesley.chang
daddydumpling,joeylicious98
daddydumpling,_hesse
daddydumpling,lerruuuee
daddydumpling,donbewong
daddydumpling,raechal__
daddydumpling,phanbryan
daddydumpling,andrep.sam
daddydumpling,baeuhbar
daddydumpling,theryankam
daddydumpling,limchristina_
daddydumpling,mayalianne
daddydumpling,p.mart_j
daddydumpling,yungkaryna
daddydumpling,andrew_vuong
daddydumpling,amiehoang
daddydumpling,feat.jdp
daddydumpling,tiffanychan_
daddydumpling,chr.stne
daddydumpling,truhfit
daddydumpling,felicia_hano
daddydumpling,baabyro
daddydumpling,rooxanneeeee
daddydumpling,sofiahusein
daddydumpling,anikahuynh
daddydumpling,jamiehammon
daddydumpling,simplyireneee
daddydumpling,samanthadieu
daddydumpling,tiffanytkuo
