funnyvivek,hkic.official
funnyvivek,_tshdb
funnyvivek,magicmatters
funnyvivek,fisholichk
funnyvivek,practice_cheryllee
funnyvivek,kahmun0121
funnyvivek,chloemww_
funnyvivek,nicholastam.standup
funnyvivek,funnyfourhk
funnyvivek,aleeeeehut
funnyvivek,aleclik
funnyvivek,kinderlam8787
funnyvivek,mattwongtw
funnyvivek,funnyindian
funnyvivek,bfel2
funnyvivek,danteyo
funnyvivek,marze
funnyvivek,sumkieee
funnyvivek,pampamt_
funnyvivek,tlchrisho
funnyvivek,lolojapanpapa
funnyvivek,c.hing_.0a0._18
funnyvivek,timmytimmycharles
funnyvivek,lavenderip
funnyvivek,sean_diao
funnyvivek,bigmehappy
funnyvivek,cycy_cyrus
funnyvivek,88tumble
funnyvivek,soulofchinatown
funnyvivek,ybest_believe
funnyvivek,tangramcoffeeroaster
funnyvivek,harvey.c852
funnyvivek,qamshot
funnyvivek,glenweemusic
funnyvivek,catissimo888
funnyvivek,hktaxi.nz
funnyvivek,3bohappy
funnyvivek,rayray_945
funnyvivek,comedyclubtaipei
funnyvivek,flyflyjanice
funnyvivek,smaljohn
funnyvivek,kengu_ramen
funnyvivek,collinchris
funnyvivek,kuahjenhan
funnyvivek,scentofacomedian
funnyvivek,jackyngcomedy
funnyvivek,jonhalimcomedy
funnyvivek,nick_eggworm
funnyvivek,nicolacheungyoung
funnyvivek,new_dellily
funnyvivek,atsukocomedy
funnyvivek,han_comedy_superfan
funnyvivek,outcastsfromthe853
funnyvivek,bongyyy
funnyvivek,sashawaseem
funnyvivek,todaysfoodlab
funnyvivek,wevise_limited
funnyvivek,donald_k.chan
funnyvivek,danryanshongkong
funnyvivek,chrispolancoofficial
funnyvivek,leilakong1205
funnyvivek,torres_pit
funnyvivek,hk.dict
funnyvivek,kareenahk
funnyvivek,kathryn.jasmine
funnyvivek,choryip
funnyvivek,adarsh_srinivas9
funnyvivek,skillzforthefuture
funnyvivek,itsniknagarkar
funnyvivek,thenomadicmic
funnyvivek,megatron._.iam
funnyvivek,magiciancyrusyu
funnyvivek,1amcalvin
funnyvivek,thesharulchanna
funnyvivek,cheungchauwave
funnyvivek,trails852
funnyvivek,victorkumarart
funnyvivek,primalbreathwork
funnyvivek,alanleung2
funnyvivek,danielchanhoyuen
funnyvivek,louderbyyamilettecano
funnyvivek,uni.fun
funnyvivek,starburymarbury
funnyvivek,mabel_traveller
funnyvivek,mind.thewaves
funnyvivek,yc_gloria
funnyvivek,magicsng
funnyvivek,pppan2003
funnyvivek,itshenrycheung
funnyvivek,one_by_two
funnyvivek,broghostmovie
funnyvivek,djthebigjay
funnyvivek,siuhinng
funnyvivek,kylemarian
funnyvivek,thelancemao
funnyvivek,adam_hopkins23
funnyvivek,flowlaiyee
funnyvivek,ginnypie
funnyvivek,dr.xen0phon
funnyvivek,_wkyo
funnyvivek,yroshniiii
funnyvivek,2kei_powlow
funnyvivek,jennaa.75
funnyvivek,alexerocloud
funnyvivek,t.silver.m
funnyvivek,ronnie0827_
funnyvivek,fionlyh
funnyvivek,lllllapsed
funnyvivek,flaunt_your_way_hk
funnyvivek,justice_kawuma
funnyvivek,ericacwk
funnyvivek,markhui_hwc
funnyvivek,mikechan_tricks
funnyvivek,ricerice_theclown
funnyvivek,mimi._.lam
funnyvivek,anson.ngwh
funnyvivek,pineapple.alvin
funnyvivek,prime.anson.ngwh
funnyvivek,szelyson
funnyvivek,circusbox.hk
funnyvivek,taikwun.hk
funnyvivek,edwinghui
funnyvivek,giggle_generation
funnyvivek,boneboyhk
funnyvivek,beeepoon
funnyvivek,_r.kerr
funnyvivek,fukurou_station
funnyvivek,joeyeat
funnyvivek,vagarykwans
funnyvivek,sheiskiki.xx
funnyvivek,69ranch
funnyvivek,gabsmadison
funnyvivek,findidadraw
funnyvivek,vangietang
funnyvivek,jessemiz62
funnyvivek,smilingboris
funnyvivek,yinglorac.design
funnyvivek,theafterm
funnyvivek,milliondollarmic
funnyvivek,interestedinbread
funnyvivek,ronnychieng
funnyvivek,hongkonguide
funnyvivek,zenddit
funnyvivek,lizzyhoo
funnyvivek,cserinhk
funnyvivek,tsurujapanese
funnyvivek,sonalithakker
funnyvivek,mrsamsee
funnyvivek,olliehorncomedy
funnyvivek,absolutelydanny
funnyvivek,misssteph_eatdrinkplay
funnyvivek,realdiananguyen
funnyvivek,thepointsglobal
funnyvivek,ladyqueenie11
funnyvivek,gregt.photo
funnyvivek,steenrasko
funnyvivek,3zzzcantonese
funnyvivek,_gnolzstgn
funnyvivek,annielouey
funnyvivek,waka_waka_yay_yay
funnyvivek,lorenzoantonioiosco
funnyvivek,carlhoudee
funnyvivek,hero0425
funnyvivek,russellpeters
funnyvivek,angelacyyyy
funnyvivek,edwinleungofficial
funnyvivek,silvia.gao1026
funnyvivek,cetaste
funnyvivek,ethnicbite.hk
funnyvivek,lingmuk.hk
funnyvivek,thecolorsoflife.gghk2023
funnyvivek,ybb_xa
funnyvivek,mbien
funnyvivek,jennysarachu
funnyvivek,humansa
funnyvivek,watttailong
funnyvivek,momographyhouse
funnyvivek,ridanisar
funnyvivek,hambaanglaang
funnyvivek,dizzytech_music_gram
funnyvivek,aggiepoon_
funnyvivek,baileyboyboyb
funnyvivek,direction_social_enterprise
funnyvivek,colorpalette.cinema
funnyvivek,chairmen.hk
funnyvivek,vincentsiuhw
funnyvivek,gabriellaso_official
funnyvivek,johnjrchiang
funnyvivek,jamesgannaban
funnyvivek,mak2protein
funnyvivek,meditorial.co
funnyvivek,onthehill_coffeebar
funnyvivek,edrymendoza
funnyvivek,physiolinc1
funnyvivek,jason_89rkbro
funnyvivek,uniteasia
funnyvivek,chocolate.florence
funnyvivek,kkwok866_866
funnyvivek,nushickles
funnyvivek,kelvenlit
funnyvivek,treats_hk
funnyvivek,tasha_cheung
funnyvivek,yinjai_516
funnyvivek,vickypanghk1021
funnyvivek,binkysun
funnyvivek,k_p0k1
funnyvivek,trustntl
funnyvivek,melwenko
funnyvivek,sussypotato1
funnyvivek,kingw.2104
funnyvivek,dixonwong.sun
funnyvivek,monkeymonkeymit
funnyvivek,tony.chau.9047
funnyvivek,malaizai_fitness
funnyvivek,elaineeeeee
funnyvivek,notnatalieyan
funnyvivek,ferdinand_clovis
funnyvivek,rita.chan.31
funnyvivek,skygill997
funnyvivek,sohobanhmi
funnyvivek,tiffanyipmakeup
funnyvivek,gloria.cheng.334
funnyvivek,chattycantonese
funnyvivek,stephhhko
funnyvivek,tom.cephradine
funnyvivek,truftruf.truffle
funnyvivek,saafia_alam
funnyvivek,kimming_1
funnyvivek,tiffanyteachesenglish
funnyvivek,zzzzzzzzz_zin
funnyvivek,trent.vino
funnyvivek,years.hk
funnyvivek,rclamsam
funnyvivek,comedian_tim_chan_fanclub
funnyvivek,mm.millmilk
funnyvivek,jeffunited_hk
funnyvivek,reannemusic
funnyvivek,robynlamsam
funnyvivek,hurtingbombz
funnyvivek,ashleyjamesm
funnyvivek,kenny.tkc
funnyvivek,rdm.ramos
funnyvivek,nutriliciousss
funnyvivek,lillianxlillian
funnyvivek,imperfectmom_angel
funnyvivek,saphireeyes01
funnyvivek,anusuyamitra1
funnyvivek,happysirjackson
funnyvivek,theothermohammed
funnyvivek,miyoooo.xo.ooo
funnyvivek,iiiitography
funnyvivek,ssms.endocrinologist
funnyvivek,jwbbbbbbbb
funnyvivek,sarah_leewaisze
funnyvivek,ju_di_koo
funnyvivek,sing.sing.79
funnyvivek,conspiracychocolate
funnyvivek,leungyanho.lounge
funnyvivek,zhimeng_shih
funnyvivek,karmen417
funnyvivek,heikiu_theveggal
funnyvivek,veggiexpert_elvisc
funnyvivek,chungsumyue
funnyvivek,cherryleung_cs
funnyvivek,zobietam
funnyvivek,uilhcaoc
funnyvivek,hkfreetours
funnyvivek,zeneth
funnyvivek,rickycheung2042003
funnyvivek,tkclipvz
funnyvivek,therealaanchal
funnyvivek,theemilytan
funnyvivek,ngklangus
funnyvivek,audeycabs
funnyvivek,leolohoiying
funnyvivek,iamsarahlau
funnyvivek,yesnuts_hk
funnyvivek,kengophoto
funnyvivek,smilewith_angela
funnyvivek,ponychoiiiii
funnyvivek,brocadepeony
funnyvivek,cherubimtheginger
funnyvivek,katie_tang_
funnyvivek,thebackstagehk
funnyvivek,cpangyim
funnyvivek,greenmonday.david
funnyvivek,hkmehmeh
funnyvivek,brucecayn
funnyvivek,archieliu82
funnyvivek,okinachan
funnyvivek,jaedenpodcaster
funnyvivek,bonsai_valley_hk
funnyvivek,magicalmomentshk
funnyvivek,pizzaexpresshk
funnyvivek,carrie.lau.1420
funnyvivek,trent_myh_
funnyvivek,chinheichiu
funnyvivek,hkminoritymatters
funnyvivek,thepatrickcruise
funnyvivek,kwanchingma
funnyvivek,tse8737
funnyvivek,bill.gor.7
funnyvivek,jeffreyandrews2020
funnyvivek,mredrollo
funnyvivek,regina_larko
funnyvivek,pacificwong2002
funnyvivek,hk_addoil_campaign
funnyvivek,jon.matsumura
funnyvivek,the_co2_i.3
funnyvivek,_eighmarts
funnyvivek,chris.climbs
funnyvivek,yesbhavna
funnyvivek,madburger_2020
funnyvivek,pureyogaofficial
funnyvivek,jamiefungts
funnyvivek,indome___
funnyvivek,in__ner
funnyvivek,shewhbrian
funnyvivek,jonai.yung
funnyvivek,muk_gorillastrong
funnyvivek,chaoshongkong
funnyvivek,andrewaitingon
funnyvivek,albertozi
funnyvivek,__kulsooma__
funnyvivek,sofarhongkong
funnyvivek,dorispagadala
funnyvivek,hkersweare
funnyvivek,shinn21
funnyvivek,charles_ho_yin
funnyvivek,c_ch.44_jt
funnyvivek,imcherry_shek
funnyvivek,sze_long1124
funnyvivek,johnfungmagic
funnyvivek,woonei_life
funnyvivek,kiiier_queen
funnyvivek,ebikomaru
funnyvivek,iamgritmanj
funnyvivek,wedo_global
funnyvivek,namikaze_dhanu
funnyvivek,poonnancy2000
funnyvivek,ballshing
funnyvivek,nawaz05288
funnyvivek,elizabzab
funnyvivek,petegrellacomedian
funnyvivek,nathanjmartin
funnyvivek,joechan_metal
funnyvivek,seanmacfar
funnyvivek,silyma1218
funnyvivek,philip.han
funnyvivek,kineticoutcome
funnyvivek,scfsaint
funnyvivek,withoutequalproductions
funnyvivek,sum.some.sum
funnyvivek,i.wan8
funnyvivek,disastrous_frank
funnyvivek,forresthillpapa
funnyvivek,twist_visuals
funnyvivek,ngkingchungmt
funnyvivek,kidmanoceano
funnyvivek,hannahlifestyle
funnyvivek,pingpingyim
funnyvivek,hungforph
funnyvivek,williamfjdu
funnyvivek,suetyiw
funnyvivek,dingdingcomedy
funnyvivek,vyyyyi
funnyvivek,f.onleung
funnyvivek,jerry.freaking.lee
funnyvivek,cre.a_ting
funnyvivek,jeff_chew_128
funnyvivek,huntersroots
funnyvivek,joannekampohpoh
funnyvivek,zainalthebostaman
funnyvivek,fakkahfuzz
funnyvivek,ubccantonese
funnyvivek,raymondpaihk
funnyvivek,pokarlson
funnyvivek,gamerccici
funnyvivek,malaysianassociationhk
funnyvivek,kellykubi
funnyvivek,janetteslack
funnyvivek,justinyhc
funnyvivek,uhong2006
funnyvivek,bluebanana8
funnyvivek,lvloretta_l
funnyvivek,puiche
funnyvivek,hayden_is_hayden
funnyvivek,skyhighproductionsltd
funnyvivek,ka_ka_ng
funnyvivek,aruninldn
funnyvivek,zephyh
funnyvivek,slashlifehk
funnyvivek,globalshapershk
funnyvivek,halloflaughshk
funnyvivek,bosconcl
funnyvivek,hugo.go.7758
funnyvivek,kimip_ycb
funnyvivek,comedy.hk
funnyvivek,____kate.___
funnyvivek,mattyironman
funnyvivek,marco8chong
funnyvivek,joycelamly
funnyvivek,allofyouretrash
funnyvivek,learichards101
funnyvivek,lewybodyd
funnyvivek,808bbq
funnyvivek,mingwai.lau
funnyvivek,dandandasani
funnyvivek,marcheng
funnyvivek,kelysupportgrp
funnyvivek,jingwongmusician
funnyvivek,sain.izmi
funnyvivek,liftweightsnotego
funnyvivek,leo.fai.31
funnyvivek,bubufaisal
funnyvivek,eyesonfront
funnyvivek,_imsunnychau
funnyvivek,sagethe0thergemini
funnyvivek,ifvaallaboutus
funnyvivek,evan_cheung__
funnyvivek,grahamyoung1
funnyvivek,leongchilong
funnyvivek,igpro4
funnyvivek,laughfestivalhk
funnyvivek,winter1223
funnyvivek,hokwokwing_hk
funnyvivek,rishibudhrani
funnyvivek,crackhousekl
funnyvivek,livenationasia
funnyvivek,sarikachoy
funnyvivek,mercedespair
funnyvivek,laushunman
funnyvivek,emtse111
funnyvivek,iamrubenpaul
funnyvivek,iamgarron
funnyvivek,gblabrador
funnyvivek,etchymcetchy
funnyvivek,yogafanjoyce
funnyvivek,frankie0414
funnyvivek,simplycomedybytinbox
funnyvivek,victoranastacio
funnyvivek,yam.myra
funnyvivek,limckevin
funnyvivek,moksiubun
funnyvivek,mrchennn
funnyvivek,legendfcmma
funnyvivek,storm_xu
funnyvivek,bear6_anis
funnyvivek,claraleecy
funnyvivek,summalky_makeup
funnyvivek,sh_unidentified
funnyvivek,kenlung
funnyvivek,khan.hafsah_
funnyvivek,chowzip
funnyvivek,lalalalaivy
funnyvivek,beautyandthebeachnails
funnyvivek,cafesausalito
funnyvivek,bo.blaylock
funnyvivek,chingyanfu
funnyvivek,lifeofphoonchiho
funnyvivek,sheetaqueen
funnyvivek,siubawong_co
funnyvivek,ratanjewellers
funnyvivek,maantsang
funnyvivek,jewelledlife
funnyvivek,nelsonpo
funnyvivek,cliff.fung.5
funnyvivek,asma_aimei
funnyvivek,mikeh852
funnyvivek,elbe_nj_emoster
funnyvivek,shannlarssondesign
funnyvivek,butchbradleycomedy
funnyvivek,youtubefanfest
funnyvivek,wong_kar_wai
funnyvivek,lkcjoe316
funnyvivek,iamsrikishore
funnyvivek,timeauction
funnyvivek,sham2photography
funnyvivek,iamnk_official
funnyvivek,wingng.970385
funnyvivek,beardsofmalaysia
funnyvivek,harry_oram
funnyvivek,prakashdanielphotography
funnyvivek,matinaleung
funnyvivek,sunnyskies_draperies
funnyvivek,pakkhei
funnyvivek,richardlaihk
funnyvivek,neetipalta
funnyvivek,chi.snaps
funnyvivek,kinsonx
funnyvivek,kimmycph
funnyvivek,miiasoey
funnyvivek,wordtwoken
funnyvivek,mutinydimensions
funnyvivek,thebigboss_gary
funnyvivek,gnailt
funnyvivek,paulogata
funnyvivek,justmma.hk
funnyvivek,thedouglaslim
funnyvivek,nickdaryanani
funnyvivek,kavinjay
funnyvivek,oil_lamp_moksha
funnyvivek,chinagraffiti
funnyvivek,elizabethfung
funnyvivek,qbobo_bbq
funnyvivek,shotbyfong
funnyvivek,chanloktim
funnyvivek,hkwalls
funnyvivek,ilyashbk
funnyvivek,drjasonleong
funnyvivek,coffeebeachygamer
