garycheung,itsmeroj
garycheung,krystal_petrichor
garycheung,taylorjphillips
garycheung,chuamberr
garycheung,ozawareo
garycheung,seethewayisee
garycheung,tiny.breeze
garycheung,lifetravelogue
garycheung,twicetagram
garycheung,thesamlitv
garycheung,pnaryan
garycheung,bre_tiesi
garycheung,chelsealazkani
garycheung,chrishell.stause
garycheung,chrisappleton1
garycheung,eric_flowerboy
garycheung,junheiri
garycheung,quentinn__m
garycheung,tinghaodana
garycheung,angrymanicecream
garycheung,yamasaki.ten
garycheung,jason_lai96
garycheung,kotakawase4
garycheung,hazelleceleste
garycheung,s.chyz
garycheung,lamlamlam_1203
garycheung,livenationhk
garycheung,olivermuhl
garycheung,kaz._.too
garycheung,parco_shibuya_official
garycheung,bachbuquen
garycheung,atfrenchies
garycheung,strt_mame24
garycheung,theschoolofhardknockz
garycheung,benjamiinc
garycheung,sakurazaka46jp
garycheung,nogizaka46_official
garycheung,travelwithaaron
garycheung,joeshianggg
garycheung,lucaseelau
garycheung,wahchanchan0509
garycheung,saksaksaksack
garycheung,taehonest
garycheung,grapeintokyo
garycheung,cha.siu
garycheung,nyychung_
garycheung,tkwcara
garycheung,balkitsing
garycheung,lolion9487
garycheung,y_an_0729
garycheung,henryhsieh0404
garycheung,calvinsunnyday
garycheung,sakura_kaze_
garycheung,squarestudiotw
garycheung,lannesnyy
garycheung,stonejai
garycheung,ivancc2wan
garycheung,qyc_0407
garycheung,ivan.training_
garycheung,say_the_227
garycheung,leonnklr
garycheung,031.3c_
garycheung,ge2nie
garycheung,elmowongx
garycheung,corumchu
garycheung,minjae401
garycheung,hk.denman826
garycheung,lalalaahm
garycheung,sulinip
garycheung,joeyful_joey
garycheung,lky_0409
garycheung,bbysenpai
garycheung,murphywkchan
garycheung,mysugarbabe_official
garycheung,ifbb_jian
garycheung,hustle.prj
garycheung,by__lsm
garycheung,min9yu_k
garycheung,dm.leehw
garycheung,calvinshelwell
garycheung,keithwwh
garycheung,_ssh.99_
garycheung,pokjic_c
garycheung,double.k_seok
garycheung,taiwannick777
garycheung,nomkakaii
garycheung,imdanielsimmons
garycheung,chaoyigon
garycheung,pep.taisei
garycheung,jerryctravel
garycheung,kowlooncityboy
garycheung,kel.c02
garycheung,takada_higemegane
garycheung,rio_uchida
garycheung,jpark_fit
garycheung,7hiery
garycheung,danielxiaozx
garycheung,lamsailong
garycheung,chaparalian
garycheung,chungshunkos
garycheung,177.8kg
garycheung,tackhey
garycheung,mankatsun
garycheung,yamccl
garycheung,chialing_maze
garycheung,qichen_6
garycheung,creators
garycheung,kkyuwoo0
garycheung,leonlollipop
garycheung,pakhungjai
garycheung,nathanykl
garycheung,ndrew.yangg
garycheung,urfokm
garycheung,kaisei_1101
garycheung,hsin0126
garycheung,jenaissante
garycheung,iloveyogurtomg
garycheung,ming.ming.27
garycheung,toratana20
garycheung,dennisvanpeel
garycheung,aibeeka
garycheung,foodscience_oppa
garycheung,kaysley_hair
garycheung,yipmanyannn
garycheung,yuuki__kinchiku
garycheung,senryu_k
garycheung,nk_h.o
garycheung,iiiv_zaj
garycheung,vin.tf
garycheung,llkivan
garycheung,fool_charlie
garycheung,mcheung1201
garycheung,twxxii
garycheung,newjeans_official
garycheung,scarletyuen
garycheung,haileymhh
garycheung,ivan_ksl_
garycheung,niklinio
garycheung,raymonnddd
garycheung,tl_lthin
garycheung,justinsporty
garycheung,meladdiction
garycheung,mdmotivator
garycheung,kelvin_lai805
garycheung,lejoes_
garycheung,_godricleung
garycheung,zoecyl
garycheung,namico_gotohk
garycheung,kemmei0421
garycheung,yipyn
garycheung,issmen_hongkong
garycheung,agnesych_
garycheung,clumsycynthia
garycheung,blackqworld
garycheung,imsherryiz
garycheung,yy_hongggggg
garycheung,seijimatsumoto_arts
garycheung,keotsangxd
garycheung,malo.jam
garycheung,martincheunghimself
garycheung,mayaoo
garycheung,voguehongkong
garycheung,mett0606
garycheung,wongywww
garycheung,mrchunho
garycheung,alstonwuff
garycheung,deer_station
garycheung,ontungc
garycheung,willxlin
garycheung,nicboyhk
garycheung,imaginstation
garycheung,draw4yu
garycheung,penso
garycheung,reddyfriends
garycheung,25_intoxik3nt
garycheung,leoball
garycheung,loleung_studio
garycheung,derekchc_
garycheung,mr_n_mrs_moon
garycheung,holden.hkv
garycheung,heart.blush
garycheung,minimal_cafehk
garycheung,marcoyuennn
garycheung,lazybarista.coffee
garycheung,maxpoon_
garycheung,kaisei_1007
garycheung,oscarli_official
garycheung,joyjoy.1101
garycheung,brandonchai_
garycheung,white_cchocolate._
garycheung,bb_busboy
garycheung,alittleslate
garycheung,boeymmee
garycheung,sandyfungx
garycheung,wyc_wallace_v3v
garycheung,tung__zzang
garycheung,jeonsann
garycheung,fyfrancisyiu
garycheung,mylunchmeat
garycheung,hookwan
garycheung,tsz_hold
garycheung,currycheung___planet
garycheung,stevenyu_
garycheung,wuhoiyan.glary
garycheung,ch1k025
garycheung,coo_flower
garycheung,ronnywai
garycheung,lebenfen
garycheung,903yywong
garycheung,polly.cpl
garycheung,kikiandmaymay
garycheung,gordonsph
garycheung,chankitfu
garycheung,thomaebrenners
garycheung,isabellaaaaa
garycheung,tokiwtoki
garycheung,new_dellily
garycheung,uniqlo_jp
garycheung,ottopoon
garycheung,dofff1014
garycheung,andristune
garycheung,sanamiii
garycheung,socialmorehk
garycheung,lingmuk.hk
garycheung,jason__kh
garycheung,yautaitung
garycheung,cyrus_yuu
garycheung,whmemma
garycheung,903kitkit
garycheung,c.y_m.e
garycheung,bisou.mii
garycheung,frankakuku
garycheung,seungjuuuuuuu
garycheung,scaredieme
garycheung,im___momo
garycheung,3865.319.2515
garycheung,kaerusensei
garycheung,tedzted
garycheung,anthonywong___
garycheung,tao033
garycheung,isaac.spellman
garycheung,_nokl
garycheung,d2on
garycheung,see.by.chloee
garycheung,kei4gram
garycheung,en_doooo
garycheung,rna.t
garycheung,kouta_tanaka_
garycheung,majeh__
garycheung,basa__basa
garycheung,cnwong.hk
garycheung,myfataunt
garycheung,happyzeus
garycheung,jonjon_jonathannn
garycheung,cynbunny
garycheung,zoe_normalchic
garycheung,sakaguchikentaro
garycheung,nicolechtung
garycheung,vanwing
garycheung,moodmen_font
garycheung,water_mama_fish
garycheung,carrieb
garycheung,kingstonckt
garycheung,tielorspath
garycheung,ericsooo
garycheung,diontheeater
garycheung,haysonliu
garycheung,hemanssss
garycheung,timyeung_1
garycheung,cusonlo
garycheung,aliceinthedreamerland
garycheung,enoch70612
garycheung,flyingyungjai
garycheung,kelvin.0821
garycheung,lemonlemon_head
garycheung,vaniahk
garycheung,ian.gpt
garycheung,ersousaskl
garycheung,stephbeatles
garycheung,kingamanisme
garycheung,babyxshadow
garycheung,johnee_lau
garycheung,jimmyosaka666
garycheung,arhosunny
garycheung,creamyyick
garycheung,raymond.hou
garycheung,aumanyick
garycheung,__chelwx
garycheung,edwin_lcy
garycheung,jacklcp_lo
garycheung,juni_jai
garycheung,boris1027_
garycheung,missanaweird
garycheung,chankahim
garycheung,juliewonxx
garycheung,w.wingyi
garycheung,a4weekly
garycheung,and.the.sun
garycheung,cherrytaooo
garycheung,1115.akira
garycheung,lenus_ig
garycheung,curryfriends
garycheung,candies_wawa
garycheung,timmo_lsy
garycheung,katrinafufu
garycheung,damssss_____
garycheung,dangraphy_
garycheung,heewhm
garycheung,eg1212_
garycheung,samanthaluiii
garycheung,plong_poon
garycheung,iam.manson
garycheung,airisuzuki_official_uf
garycheung,kasumi_arimura.official
garycheung,53yfp
garycheung,orsqr
garycheung,siuyea_lo
garycheung,i_am_takahashi
garycheung,apt_shinpuku
garycheung,_leoho
garycheung,wai_lok
garycheung,ffranka_a
garycheung,ccherrylam
garycheung,hannasur
garycheung,watanabenaomi703
garycheung,pei0923
garycheung,woodylaulau
garycheung,kok.evelyn
garycheung,leemaishun
garycheung,cs.16
garycheung,aaalukkk
garycheung,mhaaa.l
garycheung,lui_lh
garycheung,hannahcyt
garycheung,tszctching
garycheung,chechecherrycheche
garycheung,ltching721
garycheung,frankie030
garycheung,jimmychanbhb
garycheung,christy_jc
garycheung,ason.liao
garycheung,siuandyfish
garycheung,frnuqbly
garycheung,nyanchan22
garycheung,edward_dlee
garycheung,hin_l
garycheung,tsangmeimei
garycheung,the_laughing_pnus
garycheung,piggkwan
