jlouofficial,sia.jewelry
jlouofficial,artipoppe
jlouofficial,mirandakerr
jlouofficial,prettymyadeco
jlouofficial,petelaverick
jlouofficial,katieebelly
jlouofficial,bsecharly
jlouofficial,ericliu0709
jlouofficial,whitesoldierr
jlouofficial,elannek930
jlouofficial,harpersbazaarus
jlouofficial,jane
jlouofficial,wrapworkzhk
jlouofficial,debra.yip
jlouofficial,thehkobserver
jlouofficial,natalie_waiiyii
jlouofficial,nanacheungg
jlouofficial,suki.daily_
jlouofficial,manifestomedia
jlouofficial,yeejonathan
jlouofficial,marlies.pia
jlouofficial,magicliwanag
jlouofficial,floranceyip
jlouofficial,fendi
jlouofficial,piawurtzbach
jlouofficial,tsljewellery
jlouofficial,hk.hoy
jlouofficial,sharonlee_makeup
jlouofficial,hilaryduff
jlouofficial,desertblossomhk
jlouofficial,jaydenma311
jlouofficial,sofiee_ng
jlouofficial,thebackyard_houseboat
jlouofficial,yim_chrisyim
jlouofficial,victorsanzdesign
jlouofficial,jupton2
jlouofficial,edrussell
jlouofficial,ohhowstrange
jlouofficial,koeyeet
jlouofficial,cheriecty
jlouofficial,nikki__min
jlouofficial,hiyasonya
jlouofficial,benjioo
jlouofficial,banksy
jlouofficial,hk01_hk
jlouofficial,shannonriches97
jlouofficial,sueyin216
jlouofficial,anniesibiza
jlouofficial,wong_kar_wai
jlouofficial,alyshamadd
jlouofficial,historyphotographed
jlouofficial,sallysbakeblog
jlouofficial,jeffreyngai
jlouofficial,cusonlo
jlouofficial,mingjai14
jlouofficial,lauyankay
jlouofficial,sailo.work
jlouofficial,withmeiying
jlouofficial,leeching_jiro
jlouofficial,honeymoon
jlouofficial,harrisoncheung
jlouofficial,alicemapy
jlouofficial,ponypong
jlouofficial,lebristolparis
jlouofficial,aiyanalo
jlouofficial,ambeautyhk
jlouofficial,lululemonhk
jlouofficial,cartier
jlouofficial,gwendolyn.spot
jlouofficial,mattography_video
jlouofficial,keulloe___
jlouofficial,shoplaparasian
jlouofficial,c.705
jlouofficial,daddydumpling
jlouofficial,c9medialtd
jlouofficial,purewowrecipes
jlouofficial,minayogagraphie
jlouofficial,quenyaya
jlouofficial,gemmachan
jlouofficial,shiatzychen
jlouofficial,jiiiiiiinhanzi
jlouofficial,rchlwngxx
jlouofficial,sergelutens
jlouofficial,simpsonmarine
jlouofficial,riyajain
jlouofficial,peternguyen
jlouofficial,jayfungmusic
jlouofficial,sazzzel
jlouofficial,rebeccang5
jlouofficial,manonlagreve
jlouofficial,rubylaw
jlouofficial,thebakermama
jlouofficial,louisa_mak
jlouofficial,me.stillalive
jlouofficial,q_gill
jlouofficial,asiayachtlife
jlouofficial,jacquemus
jlouofficial,charlottetilbury
jlouofficial,kpee
jlouofficial,shuuemura
jlouofficial,anjaylia
jlouofficial,americaferrera
jlouofficial,franceinhk
jlouofficial,angela.yuen
jlouofficial,kevinkwanbooks
jlouofficial,heyrozz
jlouofficial,candywong11111
jlouofficial,zeloswongz
jlouofficial,thetravelingqipao
jlouofficial,anishathai
jlouofficial,ctkkit
jlouofficial,aikotsangmakeup
jlouofficial,peduckk
jlouofficial,thestylingconcepts
jlouofficial,josedanielretrato
jlouofficial,danielmakeupartist_
jlouofficial,weekend.wardrobe
jlouofficial,theweddinggown_official
jlouofficial,donaldmuliawan
jlouofficial,monkeymonkeymit
jlouofficial,joannejosephinerhodes
jlouofficial,chillsolution
jlouofficial,india_amarteifio
jlouofficial,coreymylchreest
jlouofficial,heungheungeliza
jlouofficial,atfrenchies
jlouofficial,axspax
jlouofficial,chalmeta
jlouofficial,scotteastwood
jlouofficial,iamdaetienne
jlouofficial,momo.lky
jlouofficial,loveatfirstbitehk
jlouofficial,jobroseph
jlouofficial,mcdonaldshk
jlouofficial,channelchk
jlouofficial,clari.lc
jlouofficial,shizuka_niigata_hk852
jlouofficial,joyce.h0314
jlouofficial,chingyanfu
jlouofficial,claudiagarcia
jlouofficial,guywithamoviecamera
jlouofficial,fiuk
jlouofficial,felixchan5
jlouofficial,thanhdad
jlouofficial,cherryluii
jlouofficial,903ahjeng
jlouofficial,21kwanmoon
jlouofficial,itsmainguyen_
jlouofficial,willinvietnam
jlouofficial,blasiantw
jlouofficial,creators
jlouofficial,ninongry
jlouofficial,allarounddudut
jlouofficial,machelwie
jlouofficial,thaonhile
jlouofficial,joliechi
jlouofficial,dinovux
jlouofficial,arsyandwianto
jlouofficial,aliwong
jlouofficial,nkcuvelier
jlouofficial,georginagio
jlouofficial,evollove.wedding
jlouofficial,crabtastichk
jlouofficial,kimono_mom
jlouofficial,michelleyeoh_official
jlouofficial,pennbadgley
jlouofficial,yukimaryrosel
jlouofficial,tysonyoshi
jlouofficial,ryu_den0141
jlouofficial,koonella
jlouofficial,larryho_hairstylist
jlouofficial,henryli_makeup
jlouofficial,iamkingjer
jlouofficial,robertomadan
jlouofficial,puinam
jlouofficial,louischeung2013
jlouofficial,tat.gor
jlouofficial,howhowproductionshk
jlouofficial,bearbear1122
jlouofficial,billyonairphotography
jlouofficial,sohok
jlouofficial,drunkelephant
jlouofficial,zahr4
jlouofficial,bayoumiomar
jlouofficial,cheungluenb
jlouofficial,misshilarychan
jlouofficial,mings.hk
jlouofficial,bronte_wong
jlouofficial,sayidotome2023
jlouofficial,thealist.us
jlouofficial,honganc
jlouofficial,jilsander
jlouofficial,kinlongchan
jlouofficial,jamieleehair
jlouofficial,king.of_wagyu
jlouofficial,kittyyuen
jlouofficial,erikamcheung
jlouofficial,busybee.hk
jlouofficial,chimancheung
jlouofficial,derek_tch
jlouofficial,chrispolancoofficial
jlouofficial,chumichael
jlouofficial,veeceecheng
jlouofficial,drea_knowsbest
jlouofficial,miraplacehk
jlouofficial,derekho_
jlouofficial,mcheung1201
jlouofficial,jennaortega
jlouofficial,k.mbappe
jlouofficial,j.s.thom
jlouofficial,no7
jlouofficial,leeyufen
jlouofficial,mignonettetakespictures
jlouofficial,yuetyuetxx
jlouofficial,moonstyles_
jlouofficial,gareth_tong
jlouofficial,jiggie_boy
jlouofficial,fish331
jlouofficial,cceciliayeung
jlouofficial,apmmonaco
jlouofficial,maxwellwoolf
jlouofficial,stacey.snaps
jlouofficial,cedricgrolet
jlouofficial,polestarcars
jlouofficial,jeremy.franco
jlouofficial,porschecentrehongkong
jlouofficial,missy_rl
jlouofficial,stephenchow
jlouofficial,yiplinsum
jlouofficial,instagram
jlouofficial,maylee_hk
jlouofficial,sunrisepalacemerzouga
jlouofficial,yanyan_c
jlouofficial,thenotoriousziggy1302
jlouofficial,stxph.h
jlouofficial,kennyngsk
jlouofficial,jwchubz
jlouofficial,guudestboys
jlouofficial,hallebailey
jlouofficial,navinajoy
jlouofficial,fionamcl
jlouofficial,onliest.co
jlouofficial,sunainaajwanihowells
jlouofficial,cakeoclockhk
jlouofficial,decathlon.hk
jlouofficial,french.toons
jlouofficial,loic.suberville
jlouofficial,so2chun
jlouofficial,berryandtheboards
jlouofficial,coleman_wong
jlouofficial,kathyypm
jlouofficial,sharonchanmanchi
jlouofficial,lemetropolitanparis
jlouofficial,natasha.moor
jlouofficial,rahrahsong
jlouofficial,laparasian
jlouofficial,uyenninh
jlouofficial,sympatka
jlouofficial,skkn
jlouofficial,debbwie
jlouofficial,nattyiceofficial
jlouofficial,doughertydozen
jlouofficial,kkchiong
jlouofficial,radhikamodi96
jlouofficial,ikeahongkong
jlouofficial,marksandspencerhk
jlouofficial,netflixgolden
jlouofficial,plantbased.and.vino
jlouofficial,hampshirehometrends
jlouofficial,cyhkalson
jlouofficial,emmachamberlain
jlouofficial,yeunghatou
jlouofficial,shi_ga
jlouofficial,drinkinmoderation
jlouofficial,theheatherraeelmoussa
jlouofficial,wildwildwes
jlouofficial,kevincheng_official
jlouofficial,do_do_cheng
jlouofficial,houseofchen
jlouofficial,pamelacheung
jlouofficial,k_p0k1
jlouofficial,missjni
jlouofficial,chrissienana
jlouofficial,jenhomakeupartist
jlouofficial,wish.box.hk
jlouofficial,sam_han_hair
jlouofficial,lauracpontual
jlouofficial,indulgenteats
jlouofficial,soap.yummy
jlouofficial,casanomadabali
jlouofficial,ngaionchi_kathy
jlouofficial,estbysol
jlouofficial,sarcasm_only
jlouofficial,new_dellily
jlouofficial,kaylaiw
jlouofficial,indra.medard
jlouofficial,keshi
jlouofficial,hk.calisthenics
jlouofficial,sydney_sweeney
jlouofficial,myrooftopisgreen
jlouofficial,chzfung
jlouofficial,eileengu
jlouofficial,jkanyenke117
jlouofficial,chanuphigh
jlouofficial,alexhonnold
jlouofficial,kaytse
jlouofficial,madman.wong
jlouofficial,betches
jlouofficial,rozmuhree
jlouofficial,jvn
jlouofficial,martainstok
jlouofficial,_marifemarife_
jlouofficial,amauryguichon
jlouofficial,antonin_catering_hk
jlouofficial,clowcock_art
jlouofficial,ashaetc
jlouofficial,kayan9896
jlouofficial,aka_chio
jlouofficial,l_for_louise
jlouofficial,sophysophyw
jlouofficial,ansonbean
jlouofficial,oh_my_chrissy
jlouofficial,vforviviennn
jlouofficial,sunday.son
jlouofficial,by_mamacho
jlouofficial,tinyeyes39
jlouofficial,lilyjcollins
jlouofficial,voguehongkong
jlouofficial,_jojoyw
jlouofficial,wongbo
jlouofficial,sabrinapingping_
jlouofficial,lanecrawford
jlouofficial,lavonnli
jlouofficial,omarsyofficial
jlouofficial,iamsnowwhitewhite
jlouofficial,_timevans
jlouofficial,hugostiles
jlouofficial,heilo.tr
jlouofficial,wmhkinternational
jlouofficial,jess.images
jlouofficial,vivecakeboutique
jlouofficial,janice_vidal
jlouofficial,browniejorge
jlouofficial,dualipa
jlouofficial,mindyweiss
jlouofficial,teddysphotos
jlouofficial,phoebeaki
jlouofficial,wongkiyan
jlouofficial,_monicalau_
jlouofficial,aliceinthedreamerland
jlouofficial,hannavanharanta
jlouofficial,france24
jlouofficial,lefigaro
jlouofficial,artefr
jlouofficial,lemondefr
jlouofficial,from_jjlee
jlouofficial,maxw.94
jlouofficial,hoooooyeony
jlouofficial,peninsulahongkong
jlouofficial,jacechw
jlouofficial,numberonepr
jlouofficial,derek_hcc
jlouofficial,torres_pit
jlouofficial,georgiakategordon
jlouofficial,ansonlht
jlouofficial,mengerzhang
jlouofficial,addisonraee
jlouofficial,riccardopozzoli
jlouofficial,kayumbahuguette
jlouofficial,whosgadz
jlouofficial,djminou4real
jlouofficial,papaminouu
jlouofficial,siobhanhaughey01
jlouofficial,scmpnews
jlouofficial,jadelamm
jlouofficial,cheungkalonggggg
jlouofficial,loujacquess
jlouofficial,holefoodshongkong
jlouofficial,nadegerangira
jlouofficial,la_sinofrancaise
jlouofficial,mollymae
jlouofficial,kyliebaby
jlouofficial,dondonkeki.cake
jlouofficial,karenwsm
jlouofficial,goldenpighk
jlouofficial,pubity
jlouofficial,momothedoggiedoggie
jlouofficial,s_elizzabeth_
jlouofficial,chantelyiu
jlouofficial,cherrysavor
jlouofficial,courteneycoxofficial
jlouofficial,pretadress
jlouofficial,wish.beauty.bar
jlouofficial,itsmamaa_j
jlouofficial,itspapa_j
jlouofficial,keung_show
jlouofficial,tma68
jlouofficial,vanesamimiwong
jlouofficial,regejean
jlouofficial,bigdaddyglam
jlouofficial,utahlee
jlouofficial,alamfish
jlouofficial,hugo_chui
jlouofficial,alyssabeautyhk
jlouofficial,_harmonyhk_
jlouofficial,rebeccawychung
jlouofficial,jeenie.weenie
jlouofficial,tyreseakf
jlouofficial,shingheidavid
jlouofficial,alextamx
jlouofficial,yorkies.gram
jlouofficial,richardjuan
jlouofficial,oliviarodrigo
jlouofficial,glowagenofficial
jlouofficial,no5.bella
jlouofficial,laizas_
jlouofficial,lucy.is.good
jlouofficial,samishome
jlouofficial,wingwong_wingwong
jlouofficial,myos_ritzlam
jlouofficial,hinscheung
jlouofficial,harrystyles
jlouofficial,thegroundshk
jlouofficial,keith_liu
jlouofficial,surrealhk
jlouofficial,astonyang
jlouofficial,kej.jpeg
jlouofficial,yesiknowsofunnyhaha
jlouofficial,harmony_btd
jlouofficial,koraorganics
jlouofficial,highsocietyskinclinic
jlouofficial,ricequeen.jlou
jlouofficial,jloufp
jlouofficial,iluvjlou
jlouofficial,alexademie
jlouofficial,gwgurlie86
jlouofficial,jloulovers_canada
jlouofficial,lisamarie_tse
jlouofficial,alyssaedwards_1
jlouofficial,thewesleychan
jlouofficial,jloudiaries
jlouofficial,youtube
jlouofficial,falachenfala
jlouofficial,chrishell.stause
jlouofficial,slowood.hk
jlouofficial,ghlchan
jlouofficial,dearharley_
jlouofficial,jlou.hk
jlouofficial,mrnigelng
jlouofficial,kikitamkiki
jlouofficial,cathaypacific
jlouofficial,alissanguyen_
jlouofficial,greyandmama
jlouofficial,mayaoo
jlouofficial,kirstygador
jlouofficial,benefitcosmeticshk
jlouofficial,emmmaburns_
jlouofficial,shitideas
jlouofficial,jloumints
jlouofficial,j_lou_official
jlouofficial,jlou.fam
jlouofficial,agaseen
jlouofficial,ceri_payne
jlouofficial,jessyknighty
jlouofficial,_kenho
jlouofficial,alvaromorte
jlouofficial,thenavarose
jlouofficial,sephorahk
jlouofficial,chadcd_
jlouofficial,princejoyce
jlouofficial,brianimanuel
jlouofficial,subtleasianfeels
jlouofficial,growingupasian__
jlouofficial,ricefeed
jlouofficial,jackfroot
jlouofficial,taisaverasbaucum
jlouofficial,katerinajeng
jlouofficial,lucie.zhang
jlouofficial,ingatylam
jlouofficial,thejianhaotan
jlouofficial,tesla_hkmo
jlouofficial,taylorswift
jlouofficial,mattyperry4
jlouofficial,superkevintran
jlouofficial,gloriapuiyeetang
jlouofficial,summerha
jlouofficial,_oliviazds
jlouofficial,saxyphil
jlouofficial,yankidin
jlouofficial,stephaniehsau
jlouofficial,euphoria
jlouofficial,daviddobrik
jlouofficial,suechangg
jlouofficial,ricefam.official
jlouofficial,keirgilchristofficial
jlouofficial,kristenanniebell
jlouofficial,simuliu
jlouofficial,jenniferaniston
jlouofficial,coffee89921
jlouofficial,balenciaga
jlouofficial,elliekracken
jlouofficial,gaileofficial
jlouofficial,stromae
jlouofficial,mleblanc
jlouofficial,elly
jlouofficial,aikonari.art
jlouofficial,tabithanauser
jlouofficial,elliott_yip
jlouofficial,yukfoto.bali
jlouofficial,wult.wokeuplikethis
jlouofficial,netflix
jlouofficial,chanelofficial
jlouofficial,gucci
jlouofficial,louisvuitton
jlouofficial,dior
jlouofficial,britneyspears
jlouofficial,sitting
jlouofficial,dvoshansky
jlouofficial,heytylerjoe
jlouofficial,jeannelle_down
jlouofficial,sammy903
jlouofficial,joejonas
jlouofficial,jennierubyjane
jlouofficial,roses_are_rosie
jlouofficial,lalalalisa_m
jlouofficial,chaunog
jlouofficial,jeanjacquess
jlouofficial,ifanana
jlouofficial,sophielaight
jlouofficial,joonleecomedy
jlouofficial,waikinofficial
jlouofficial,jessjann
jlouofficial,lisakudrow
jlouofficial,sainthoax
jlouofficial,myip2
jlouofficial,fruitypoppin
jlouofficial,ibecairns
jlouofficial,kellymackenziee
jlouofficial,soimjenn
jlouofficial,e.g.kitchen
jlouofficial,rebeccajannee
jlouofficial,nickofferman
jlouofficial,yamtszman
jlouofficial,izzyluk
jlouofficial,slime3d
jlouofficial,walaagwa
jlouofficial,danbarwell
jlouofficial,sum.bean
jlouofficial,ballb.udon.almond
jlouofficial,youreverydayasian
jlouofficial,asiansneverdie
jlouofficial,ladygaga
jlouofficial,billieeilish
jlouofficial,elbowsan_xx
jlouofficial,arianagrande
jlouofficial,cantomando
jlouofficial,_jenniferfafa_
jlouofficial,jessicawong_wt
jlouofficial,charmainexhui
jlouofficial,daniellestx
jlouofficial,bellahercules
jlouofficial,yancy
jlouofficial,wenjoefong
jlouofficial,toby.down
jlouofficial,littlebodybigheart
jlouofficial,anfisanava_
jlouofficial,lindsaylohan
jlouofficial,tastyjapan
jlouofficial,henrygolding
jlouofficial,commentsbycelebs
jlouofficial,sacheu
jlouofficial,kyliesnapchat
jlouofficial,jackpeverelle
jlouofficial,keithhabs
jlouofficial,jordy_carey
jlouofficial,jachmanere
jlouofficial,yadavillaret
jlouofficial,fungro
jlouofficial,emiwong_
jlouofficial,jackiechowster
jlouofficial,tinawzq
jlouofficial,cron.dp
jlouofficial,andrewfronzdp
jlouofficial,elisabethmossofficial
jlouofficial,smogmia
jlouofficial,f.khnnt
jlouofficial,jordynwoods
jlouofficial,requiem84
jlouofficial,ohsonicole
jlouofficial,gigigorgeous
jlouofficial,olympiaohanian
jlouofficial,edwardkb
jlouofficial,gatenm123
jlouofficial,finnwolfhardofficial
jlouofficial,skinneedofficial
jlouofficial,ggtsoi
jlouofficial,misselvani
jlouofficial,johnlegend
jlouofficial,chrissyteigen
jlouofficial,milliebobbybrown
jlouofficial,f3_martin
jlouofficial,vikashautar
jlouofficial,iamcardib
jlouofficial,deantv
jlouofficial,marielleraiford_
jlouofficial,wysminnie
jlouofficial,thebabygirlo
jlouofficial,hiddie
jlouofficial,carminola
jlouofficial,alisoncthomas
jlouofficial,tangmup
jlouofficial,hanna.suchanya
jlouofficial,andrewjfung
jlouofficial,americaneaglehk
jlouofficial,jamjamlamlam
jlouofficial,mooomich
jlouofficial,v.ngyn
jlouofficial,adapcy
jlouofficial,ericstonestreet
jlouofficial,playfire
jlouofficial,esafung
jlouofficial,yeeting.lai
jlouofficial,megannjacques
jlouofficial,sophiet
jlouofficial,polerleon
jlouofficial,jimsiujim
jlouofficial,frenchwords
jlouofficial,mileycyrus
jlouofficial,emilia_clarke
jlouofficial,maisie_williams
jlouofficial,gabriellecaunesil
jlouofficial,fuckjerry
jlouofficial,emmawatson
jlouofficial,laura_mckeown
jlouofficial,f1nnnn
jlouofficial,wolfiecindy
jlouofficial,jameswnc
jlouofficial,hangriii
jlouofficial,ryanbergara
jlouofficial,nickiminaj
jlouofficial,jorgekento
jlouofficial,mauwrob
jlouofficial,yumiowin
jlouofficial,twostrawberrykisses
jlouofficial,lizakoshy
jlouofficial,barackobama
jlouofficial,kyliejenner
jlouofficial,pumpkinjenn
jlouofficial,catanacomics
jlouofficial,chanhooyan
jlouofficial,jordan_emilyb
jlouofficial,beeeeeeeny.boy
jlouofficial,dsloz
jlouofficial,yumiymyumi
jlouofficial,ohsheglows
jlouofficial,zayn
jlouofficial,janeydoeslife
jlouofficial,kardashianclips
jlouofficial,jamesgeeming
jlouofficial,nicoleeeslater
jlouofficial,nickstavris
jlouofficial,lauraiz
jlouofficial,maxshines
jlouofficial,ocjacob
jlouofficial,loulamarie
jlouofficial,blondekeely
jlouofficial,seexy
jlouofficial,antony_bunker
jlouofficial,the1travellinglibrarian
jlouofficial,justinbieber
jlouofficial,adamgatley
jlouofficial,colesprouse
jlouofficial,riverisland
jlouofficial,marksandspencer
jlouofficial,karenbongrain
jlouofficial,jessicaballinger
jlouofficial,kevinhart4real
jlouofficial,sephora
jlouofficial,makaelabowman
jlouofficial,randomturtle
jlouofficial,olliejbarwell
jlouofficial,liv_lo13
jlouofficial,chris_skube
jlouofficial,poopoojm9
jlouofficial,sriv_vikram
jlouofficial,hktastycrush
jlouofficial,kyliecosmetics
jlouofficial,tiffanyandco
jlouofficial,tracylongmw
jlouofficial,time
jlouofficial,bretmanrock
jlouofficial,dontskiptomylou
jlouofficial,sammyfreeman
jlouofficial,sfrvie2x
jlouofficial,zacefron
jlouofficial,selenagomez
jlouofficial,uzoaduba
jlouofficial,prattprattpratt
jlouofficial,azizansari
jlouofficial,x.marik
jlouofficial,samsmith
jlouofficial,zendaya
jlouofficial,chloemorello
jlouofficial,emrata
jlouofficial,bellahadid
jlouofficial,gordongram
jlouofficial,angelamenarin
jlouofficial,brooklynpeltzbeckham
jlouofficial,davidbeckham
jlouofficial,therock
jlouofficial,bo_wieee
jlouofficial,haileybieber
jlouofficial,hm
jlouofficial,cindaaylong
jlouofficial,gigihadid
jlouofficial,lilyrose_depp
jlouofficial,adamlevine
jlouofficial,annehathaway
jlouofficial,lorde
jlouofficial,xmellersx
jlouofficial,badgalriri
jlouofficial,colleen
jlouofficial,plopperfizz
jlouofficial,rebelwilson
jlouofficial,chelsealamcy
jlouofficial,georginacameron
jlouofficial,kateupton
jlouofficial,wenfayee
jlouofficial,remzabarquez
jlouofficial,itsmarleeka
jlouofficial,emilygervaise
jlouofficial,zoecookiee
jlouofficial,georgie_cairns
jlouofficial,fdl_ldn
jlouofficial,behatiprinsloo
jlouofficial,dylansprouse
jlouofficial,sarahhyland
jlouofficial,sofiavergara
jlouofficial,jessetyler
jlouofficial,camera_duels
jlouofficial,shaymitchell
jlouofficial,ashleybenson
jlouofficial,caradelevingne
jlouofficial,sashapieterse
jlouofficial,alexxleeds
jlouofficial,adrianalima
jlouofficial,doutzen
jlouofficial,asos
jlouofficial,3lli_e
jlouofficial,emmakleeds
jlouofficial,jamielees
jlouofficial,millsbourgeois
jlouofficial,shirleysha
jlouofficial,krispyleung
jlouofficial,rosie.reid
jlouofficial,jeromejarre
jlouofficial,vanessahudgens
jlouofficial,krisjenner
jlouofficial,mialouisef
jlouofficial,kourtneykardash
jlouofficial,khloekardashian
jlouofficial,kimkardashian
jlouofficial,chico_lachowski
jlouofficial,avrillavigne
jlouofficial,jesssfam
jlouofficial,channingtatum
jlouofficial,kendalljenner
jlouofficial,theacole
jlouofficial,johanprinsloo94
jlouofficial,sasagrape
jlouofficial,nadsh0
jlouofficial,brianhkchan
jlouofficial,silvanamenarin
jlouofficial,realbarbarapalvin
jlouofficial,candiceswanepoel
jlouofficial,alessaraiford_
jlouofficial,elainacayrouse
jlouofficial,lorraine_chew
jlouofficial,annabellehammond
jlouofficial,annasmythie
jlouofficial,erinnoconnor_
jlouofficial,aloserkwok
jlouofficial,hunglingtze
