kebbeth,rav1nderr
kebbeth,smileriles
kebbeth,theivanovlo
kebbeth,ben_kwok_
kebbeth,kevinyim_fitness
kebbeth,trevorrtam
kebbeth,jacked_chan
kebbeth,noiiigel
kebbeth,yipcazey
kebbeth,chinamac
kebbeth,jeffnippard
kebbeth,lesliiekwan
kebbeth,gmaggg
kebbeth,brycehaggett
kebbeth,charleykaramalis
kebbeth,hktaximelb
kebbeth,tedsthetics
kebbeth,nush_de_silva
kebbeth,troyrawmuscle
kebbeth,tongnian1997
kebbeth,chennylifestyle
kebbeth,henryyan.fun
kebbeth,lyanna_kea
kebbeth,_calbest
kebbeth,jasthewise
kebbeth,jayden__yin
kebbeth,_willili
kebbeth,saypookguy
kebbeth,malcolmlam_milky
kebbeth,michelette.jpg
kebbeth,chuamberr
kebbeth,loy_merch
kebbeth,nicoleip_
kebbeth,max_loy_assuh
kebbeth,rock.gor
kebbeth,itsthepeacocks
kebbeth,zazon_ong
kebbeth,jameswnc
kebbeth,mariohau_
kebbeth,chihowe
kebbeth,watchyungplay
kebbeth,harrisoncheung
kebbeth,mcheah_
kebbeth,younghysan
kebbeth,chong.sinna
kebbeth,alun_lui
kebbeth,corlisswhy
kebbeth,lamar_853
kebbeth,brianau_
kebbeth,m.estellee
kebbeth,jasonmkchan
kebbeth,gordonyeung314
kebbeth,jubbajym
kebbeth,brendon_.law
kebbeth,mario_pario_the_great
kebbeth,7hiery
kebbeth,lai_kei
kebbeth,raexlaw
kebbeth,therealmptg
kebbeth,sphiaau
kebbeth,flywithjohnnythai
kebbeth,jeffreyfok_224
kebbeth,vynscence
kebbeth,_jennytian
kebbeth,chris.tran.travels
kebbeth,levi_rowe
kebbeth,_blobber_fish
kebbeth,stephen.chxn
kebbeth,dinasaur_0_0_
kebbeth,cantodulin
kebbeth,edis.what
kebbeth,munchwhat
kebbeth,qcuts2024
kebbeth,7049.winnie
kebbeth,hoodcrimetv
kebbeth,nicolaspedis
kebbeth,trevorwallace
kebbeth,andrewschulz
kebbeth,akaashsingh
kebbeth,johnny_tsampazis
kebbeth,ravi_kamalakar
kebbeth,blasiantw
kebbeth,grentperez
kebbeth,desmondchai1
kebbeth,drmikeisraetel
kebbeth,davidgoggins
kebbeth,ronnychieng
kebbeth,zanoji
kebbeth,iksvoboss
kebbeth,thestevenhe
kebbeth,jobroseph
kebbeth,littlesaigon.official
kebbeth,denshiny
kebbeth,asiansneverdie
kebbeth,uuuglyvision
kebbeth,supdawk
kebbeth,nextshark
kebbeth,hoeyfarmer
kebbeth,1.2.phi
kebbeth,_fat_duck
kebbeth,notoriouschickenjoe
kebbeth,tim_cahill
kebbeth,fasttimes
kebbeth,sheldonhoho
kebbeth,apnaj
kebbeth,outcastsfromthe853
kebbeth,davidbfung
kebbeth,justkiddingnews
kebbeth,canto.britt
kebbeth,edwardkso
kebbeth,joeshan1234
kebbeth,jbs8five2
kebbeth,water_wild_month
kebbeth,phucmapvlog
kebbeth,dr.holic_
kebbeth,daddydumpling
kebbeth,vincentwanggogh
kebbeth,li_yehua
kebbeth,magmidt
kebbeth,sandyinausie
kebbeth,sedani.rupasinghe_
kebbeth,anaam_z
kebbeth,declan.boxshall
kebbeth,dennis_is_not_here_thank_u
kebbeth,ryanzuhoor
kebbeth,_mohameddali
kebbeth,thevincedao
kebbeth,yuhan_azura
kebbeth,mlbxmj
kebbeth,soniaa.li_
kebbeth,loucas_christou
kebbeth,nikieta__
kebbeth,mtn_0122
kebbeth,itsdreamsworl
kebbeth,sehasvirk
kebbeth,branch2015
kebbeth,russwole
kebbeth,markphillips
kebbeth,__liamtaylor__
kebbeth,coacheugeneteo
kebbeth,sammyfu_
kebbeth,eddiejowilliams
kebbeth,fatherhpp
kebbeth,noeldeyzel_bodybuilder
kebbeth,reech.dut05
kebbeth,dee.lamm
kebbeth,chrisrock
kebbeth,cbum
kebbeth,larrywheels
kebbeth,rhys.oconnor1
kebbeth,rinidawg
kebbeth,hfkjjfjthshakamnrbdhhxs
kebbeth,yve.yvie
kebbeth,abbey.pham
kebbeth,spanian.official
kebbeth,harshi_2712
kebbeth,ronniecoleman8
kebbeth,christine_koo.c.y
kebbeth,suhaaskataria
kebbeth,leightakemoto
kebbeth,dannyduncan69
kebbeth,_andrewarnold
kebbeth,niesh_24
kebbeth,eevee031104
kebbeth,jake_d_chambers
kebbeth,asaprocky
kebbeth,probighale
kebbeth,niko.stojkovski
kebbeth,lou_ratchett
kebbeth,abeyer_12
kebbeth,lovesitmate
kebbeth,skyqiqi
kebbeth,crimibi
kebbeth,9newsmelbourne
kebbeth,quanngn_2303
kebbeth,northside_hussle
kebbeth,traci_migration
kebbeth,iluvseals_09
kebbeth,kel3i
kebbeth,ben_kocev
kebbeth,djakadmikshairline
kebbeth,hueyhaha_
kebbeth,azza2410
kebbeth,yvonne.cayaban
kebbeth,george_vavlitis
kebbeth,tobacco_burns
kebbeth,alanwuhu
kebbeth,mahsan.inam
kebbeth,sebperson
kebbeth,yoav_____
kebbeth,sportscenter
kebbeth,he11o.kimi
kebbeth,m.adiblack
kebbeth,tristynleeofficial
kebbeth,fuwafuwa_d.i_i.b
kebbeth,rachel.kodua
kebbeth,emily_knee
kebbeth,gabriela.prifti
kebbeth,thejenniferbui
kebbeth,mxssaaa
kebbeth,_nicoleho
kebbeth,johnny_q_tran
kebbeth,yenarsae
kebbeth,fairuzrk_
kebbeth,willtenny
kebbeth,trangk0910
kebbeth,joshzhx
kebbeth,_selenaluu
kebbeth,shinlimmagic
kebbeth,chrisramsay52
kebbeth,baomagic
kebbeth,cam_haldy
kebbeth,corey_plk
kebbeth,jeenie.weenie
kebbeth,vindooly
kebbeth,elliotchoy
kebbeth,dumbfoundead
kebbeth,sne.chhetri
kebbeth,joyce.lam_
kebbeth,alyssa_sriii
kebbeth,nhuquynhlamm
kebbeth,growinupviet
kebbeth,beeple_crap
kebbeth,boeyy.w
kebbeth,nampaikid
kebbeth,mac.helena
kebbeth,adz_dougo
kebbeth,jerellware
kebbeth,tracey.phm
kebbeth,jonny_hill_skate
kebbeth,t.mac.3182
kebbeth,whale.pvt
kebbeth,dontaahill
kebbeth,dgronza
kebbeth,s.vnnix
kebbeth,margiekyriacou_
kebbeth,jayla.caps
kebbeth,johnhill
kebbeth,aprilskateboards
kebbeth,abhishek.chetty
kebbeth,nxadge
kebbeth,laoshu505000
kebbeth,felix.w_25
kebbeth,nick_karamitanis
kebbeth,prnz_ep.2
kebbeth,noahmonteeeee
kebbeth,matt_hall33
kebbeth,_kaikishi
kebbeth,sharuk.23
kebbeth,gurfatehmahal
kebbeth,maria.ysabella
kebbeth,hwgab
kebbeth,dom1n4nt_7th
kebbeth,qqquang
kebbeth,brucelee
kebbeth,ericssonsamuel
kebbeth,jackiechan
kebbeth,nuge666
kebbeth,zachking
kebbeth,anthonymapstone
kebbeth,tajpilapil
kebbeth,bigbizliz
kebbeth,vansskate
kebbeth,ben__aurelien
kebbeth,eminem
kebbeth,tommyfynn
kebbeth,littlejase
kebbeth,tgarn.911
kebbeth,linhpu.710
kebbeth,_kyonosuke_
kebbeth,mithil_2024
kebbeth,sora_shirai
kebbeth,marksuciu
kebbeth,jugandipapi
kebbeth,lisha_xx_02
kebbeth,erasedxproject
kebbeth,plink__plink
kebbeth,sirshnafi
kebbeth,everrrrrett
kebbeth,jimbaslice
kebbeth,q.waraich
kebbeth,luciano_olmedo
kebbeth,vivianpph
kebbeth,zakglen
kebbeth,streetmachineskate
kebbeth,keith.gesora
kebbeth,emily.ghoul
kebbeth,ausskateleague
kebbeth,authenticandyanderson
kebbeth,calebcity
kebbeth,ykveryanime
kebbeth,therealtarzann
kebbeth,neenwilliams
kebbeth,transworldskate
kebbeth,folkloreskateboards
kebbeth,rickyglaser
kebbeth,cantomando
kebbeth,ryandecenzo
kebbeth,davebachinsky
kebbeth,aureliengiraud
kebbeth,nycshawn
kebbeth,abdullah.aw.03
kebbeth,mccranker
kebbeth,241d31
kebbeth,despairgrlz
kebbeth,danieljamalian
kebbeth,habitatskateboards
kebbeth,ellisfrost
kebbeth,funimation
kebbeth,jonmagriplis
kebbeth,doublea.aron
kebbeth,matthew_abruzzese
kebbeth,ainskatedist
kebbeth,catherine.cakra
kebbeth,n.aveen
kebbeth,dalena.cake
kebbeth,lechonny
kebbeth,jono_drive
kebbeth,joshuanishimiya
kebbeth,mitchadoh
kebbeth,vasudevsapra
kebbeth,davidsocomedy
kebbeth,hayleykwilson
kebbeth,yasmin_hadi_
kebbeth,simonevrljic
kebbeth,matt_loz
kebbeth,darealdut_
kebbeth,steveaoki
kebbeth,martialsiah
kebbeth,mikexingchen
kebbeth,haveadumpling
kebbeth,longbeach_griffy
kebbeth,thescottadkins
kebbeth,officialmichaeljai
kebbeth,tonyjaaofficial
kebbeth,donnieyenofficial
kebbeth,jimmyoyang
kebbeth,hartajbirsingh
kebbeth,andyfeng12
kebbeth,kerrykerrychicken
kebbeth,35mm800
kebbeth,jamie_foy
kebbeth,jacinta_wang
kebbeth,james_daley18
kebbeth,g.h217
kebbeth,yutohorigome
kebbeth,vinniebanh
kebbeth,hypebeast
kebbeth,adidasoriginals
kebbeth,kevinhart4real
kebbeth,redbull
kebbeth,miketyson
kebbeth,worldstar
kebbeth,ufc
kebbeth,theprofessor
kebbeth,cristiano
kebbeth,robertdowneyjr
kebbeth,kamiya.yuto
kebbeth,aramis2hood
kebbeth,asapdony
kebbeth,nicoledrak
kebbeth,snoopgrog
kebbeth,shaunrodriguez
kebbeth,zvl_23
kebbeth,brianimanuel
kebbeth,abdullah_waraich
kebbeth,dr.baz
kebbeth,daniel_simjanoski
kebbeth,anthonylococo99
kebbeth,brandonbauce
kebbeth,blakeskinner32_priv
kebbeth,nintendoamerica
kebbeth,capcomusa
kebbeth,localitystore
kebbeth,luismoravids
kebbeth,hahadavis
kebbeth,denny.d.badmon
kebbeth,mitchell_323
kebbeth,kendricklamar
kebbeth,realcoleworld
kebbeth,mikey_whitehouse
kebbeth,gabecruz01
kebbeth,jonny_chinaski_giger
kebbeth,garrettginner
kebbeth,sewakroetkov
kebbeth,lamontholt
kebbeth,sugun.wadhwa
kebbeth,schwarzenegger
kebbeth,nicholas.faro
kebbeth,jonniz_
kebbeth,redbullskate
kebbeth,rentonmillar
kebbeth,hallofmeat
kebbeth,micky_papa
kebbeth,adidasskateboarding
kebbeth,almostskateboards
kebbeth,jamiethomas
kebbeth,theotisbeasley
kebbeth,guymariano
kebbeth,brad.saunders
kebbeth,riverslideskatepark
kebbeth,lincoln_square
kebbeth,gordonfeng03
kebbeth,mathewneyland
kebbeth,globebrand
kebbeth,skateparkleagues
kebbeth,ludacris
kebbeth,snoopdogg
kebbeth,drdre
kebbeth,chimaferguson
kebbeth,chrisjoslin_
kebbeth,ishodwair
kebbeth,peterchao
kebbeth,joey_de_angelis
kebbeth,bailey_miliani
kebbeth,rodneymullen
kebbeth,icecube
kebbeth,coreydixon02
kebbeth,abhishek_chetty
kebbeth,independenttrucks
kebbeth,____anthonylococo____
kebbeth,11ashishrawat
kebbeth,zionwright
kebbeth,madina.bashigwa
kebbeth,shanedameshghi
kebbeth,thrashermag
kebbeth,luanomatriz
kebbeth,berrics
kebbeth,kingbach
kebbeth,andrewreynolds
kebbeth,daewon1song
kebbeth,aaronjawshomoki
kebbeth,fgustavoo
kebbeth,christian_deli
kebbeth,mikemo
kebbeth,pbnjammmmmmm
kebbeth,wakeupill_dp80
kebbeth,rayne.harrison
kebbeth,andrevou555
kebbeth,yeton.salievski
kebbeth,superwog_
kebbeth,joshkatz
kebbeth,jasonparksucks
kebbeth,etniesskateboarding
kebbeth,flipskateboards
kebbeth,adidas
kebbeth,aliyah501
kebbeth,jim_timonidis
kebbeth,dennykalajdzic
kebbeth,sls
kebbeth,chrischann
kebbeth,jfwong
kebbeth,fwong
kebbeth,thomastseros
kebbeth,joel.marmara
kebbeth,isaacdeangelis
kebbeth,yankaii.w
kebbeth,50cent
kebbeth,nike
kebbeth,nikesb
kebbeth,neymarjr
kebbeth,nicktucker
kebbeth,seanmalto
kebbeth,ericsurf6
kebbeth,notryanhiga
kebbeth,mcdonaldsau
kebbeth,basedgod_brandon
kebbeth,leomessi
kebbeth,melaniee.bennett
kebbeth,abdullah__waraich2
kebbeth,ronaldinho
kebbeth,thomas.stefou
kebbeth,claudia.addamo
kebbeth,shanejoneill
kebbeth,therealdeezy
kebbeth,noahnayef
kebbeth,toreypudwill
kebbeth,prod
kebbeth,erickoston
kebbeth,nyjah
kebbeth,brookewalsh7
kebbeth,jeelam
kebbeth,chriscobracole
kebbeth,chazortiz
kebbeth,timchantarangsu
kebbeth,reviveskateboards
kebbeth,andyschrock
kebbeth,tonyhawk
