megannjacques,rebekahbean
megannjacques,am730hk
megannjacques,jinathegorgeous
megannjacques,tressuni
megannjacques,reece_christinee
megannjacques,kelcey_w
megannjacques,victoriakalina
megannjacques,doughbroshk
megannjacques,ariellesays
megannjacques,douniabomba
megannjacques,stylecarousel
megannjacques,kylenutt
megannjacques,ilonamaher
megannjacques,soulsisternail
megannjacques,mamaj.rae
megannjacques,charlyannec
megannjacques,alissanguyen_
megannjacques,sharmainesnacks
megannjacques,corysworlddd
megannjacques,cookingforlevi
megannjacques,bonsaimax8
megannjacques,xbettigramx
megannjacques,hongkongmadethis
megannjacques,theta.living
megannjacques,bonjour.mate
megannjacques,7hiery
megannjacques,louie.karen
megannjacques,yourfriendalanna
megannjacques,logansfewd
megannjacques,iz.roach
megannjacques,leotdjss
megannjacques,capucineremise
megannjacques,vmmlam
megannjacques,siobhanhaughey01
megannjacques,botanibloom
megannjacques,hkscda
megannjacques,vkblantau
megannjacques,melrobbins
megannjacques,itsthepeacocks
megannjacques,tsudaniel
megannjacques,openrice_hk
megannjacques,terramontis_adventures
megannjacques,charlenemfilm
megannjacques,mamie_et_math
megannjacques,zoelle.s
megannjacques,137pillarshotelsandresorts
megannjacques,willxlin
megannjacques,bread_bulubulu
megannjacques,talkfood
megannjacques,zoesungwm
megannjacques,attokurovnm
megannjacques,ponypong
megannjacques,millyg_fit
megannjacques,yewwooi
megannjacques,shotbyleo
megannjacques,immichellez
megannjacques,torres_pit
megannjacques,bellagraceweems
megannjacques,lielaine
megannjacques,mrkootattoo
megannjacques,heidibibe
megannjacques,gwgurlie86
megannjacques,plasweunydd
megannjacques,honganc
megannjacques,maisyma1999
megannjacques,yuduck
megannjacques,sohyeon_sharing
megannjacques,emma_lauren
megannjacques,juanmarcelandrhylan
megannjacques,rhylanclark
megannjacques,jaydenma311
megannjacques,daigasikfaan
megannjacques,matchali_hk
megannjacques,bambidoesbeauty
megannjacques,ambardriscoll
megannjacques,gumdoughduck.tv
megannjacques,_megantang_
megannjacques,lucy.is.good
megannjacques,ashaetc
megannjacques,lenkalul
megannjacques,casetify
megannjacques,casetify_hk
megannjacques,annaxsitar
megannjacques,casetify_colab
megannjacques,jacyo__
megannjacques,blondieinchina
megannjacques,anna_paullie
megannjacques,purenewzealand
megannjacques,angelamiuz
megannjacques,charleskeith_hk
megannjacques,ulifestylehk
megannjacques,eyecharlene
megannjacques,french_take_out
megannjacques,elanakh_photography
megannjacques,wongrel
megannjacques,blairwalnuts
megannjacques,lestreetfoodist
megannjacques,mingbridges
megannjacques,ansheles_artem
megannjacques,yisa_faguoyisa
megannjacques,bbybhum
megannjacques,valentinepanpan
megannjacques,hurtingbombz
megannjacques,alix_earle
megannjacques,youarexyz
megannjacques,kimichelle0123
megannjacques,yoyoyipmakeup
megannjacques,kennyngsk
megannjacques,raexlaw
megannjacques,karinalbertovna
megannjacques,chungeats
megannjacques,eatchofood
megannjacques,baby.emmachan
megannjacques,hayi0501
megannjacques,kelliefennellfitness
megannjacques,arnoldkwokk
megannjacques,pakhungjai
megannjacques,andy1994x
megannjacques,pigkaploy
megannjacques,anishathai
megannjacques,emiwong_
megannjacques,pierreliupei
megannjacques,rachelenergyx
megannjacques,markodea8
megannjacques,arshiethromycin
megannjacques,takechi0318
megannjacques,jeremy.mob
megannjacques,jiyongskorean
megannjacques,theacole
megannjacques,harmony_btd
megannjacques,jesschamilton
megannjacques,amber.tcy
megannjacques,laparasian
megannjacques,marta__sierra
megannjacques,abigailchin.co
megannjacques,alexcentomo
megannjacques,weekendweekly
megannjacques,veggiempr
megannjacques,hkigfoodie
megannjacques,jeffphancy
megannjacques,wishbonekitchen
megannjacques,emilymariko
megannjacques,chloe.medeiros
megannjacques,dest.okay
megannjacques,derek_tch
megannjacques,hhazelsdaily
megannjacques,dr.candiselin
megannjacques,no7
megannjacques,meagan.c__
megannjacques,starbuckshk
megannjacques,ashercheng
megannjacques,playeateasy
megannjacques,sistersnfood
megannjacques,jordentually
megannjacques,dor_imthekungs
megannjacques,eatwithjmoney
megannjacques,aoi___fashion
megannjacques,lovebonitohkg
megannjacques,gu.hongkong
megannjacques,lavonnli
megannjacques,catharina.cheung
megannjacques,zbd.mzn
megannjacques,somethingsteffi
megannjacques,meg.ofitness
megannjacques,mat_huang
megannjacques,eat.with.kels
megannjacques,aliwoodsgigs
megannjacques,joannejosephinerhodes
megannjacques,chasekphotos
megannjacques,spencer.barbosa
megannjacques,polkadotpassport
megannjacques,georgiamay
megannjacques,seedlang_french
megannjacques,kichibeee
megannjacques,lap.org.hk
megannjacques,chefhanbao
megannjacques,ghlchan
megannjacques,tatlerhongkong
megannjacques,makeup_societyxx
megannjacques,joeie_foodie
megannjacques,thehkobserver
megannjacques,always.elin
megannjacques,madebyrumah
megannjacques,learnfrenchwithmaud
megannjacques,timeouthk
megannjacques,_janman_
megannjacques,rachelwong0204
megannjacques,rozmuhree
megannjacques,duffyfanstasy_hkdl
megannjacques,discoverhongkong
megannjacques,nelson_yong
megannjacques,hkfood_station
megannjacques,iam.chungry
megannjacques,michaelcrawbuck
megannjacques,kissty_chan
megannjacques,worksbyjlg_
megannjacques,khengchan_
megannjacques,hellofrenchnyc
megannjacques,alexteachesfrench
megannjacques,karissadumbacher
megannjacques,nom_life
megannjacques,ilv_ever_
megannjacques,7elevenhk
megannjacques,sharonchanmanchi
megannjacques,dimsimlim
megannjacques,elleme
megannjacques,vivianjasmineyuu
megannjacques,ikeahongkong
megannjacques,moorrgs
megannjacques,jincommunications
megannjacques,iamdho
megannjacques,sallarina_hl12
megannjacques,arvowine
megannjacques,thanya
megannjacques,vanessaalamm
megannjacques,hotelscombined.hk
megannjacques,joleenchy
megannjacques,kyliiekyliie
megannjacques,veryverav
megannjacques,jameswnc
megannjacques,tinawzq
megannjacques,kayla.lau
megannjacques,federicopatelli
megannjacques,scaredieme
megannjacques,timmy727
megannjacques,wysminnie
megannjacques,purplepr
megannjacques,saulee
megannjacques,tinted.hk
megannjacques,cookie.dpt
megannjacques,oinkoinkpr
megannjacques,gabbiegolfs
megannjacques,barkada.hk
megannjacques,plughk
megannjacques,rubison_mkt
megannjacques,sixdegreesprhk
megannjacques,albertauuu
megannjacques,rey_nahhh
megannjacques,christywtwong
megannjacques,leahmonson
megannjacques,monadicque
megannjacques,lainelaudico
megannjacques,maylee_hk
megannjacques,the_lazyfoodie
megannjacques,calvinkeano
megannjacques,jazziesillona
megannjacques,sparklesandjoy.co
megannjacques,vera_kim86
megannjacques,ersousaskl
megannjacques,hildas.thyme
megannjacques,siiiena
megannjacques,ashley_ellabel
megannjacques,travelwithpersian
megannjacques,leticiabishop
megannjacques,vinnys.creativity
megannjacques,3xcvelez
megannjacques,lalaa.lalaland
megannjacques,daddydumpling
megannjacques,sophieklam
megannjacques,wong_jy
megannjacques,xiewren
megannjacques,sannahbajj
megannjacques,s.tongli
megannjacques,eqbrown
megannjacques,flarecommunications
megannjacques,itsjustasha
megannjacques,spicemarketingasia
megannjacques,laneigehk
megannjacques,shiseidohk
megannjacques,cliniquehk
megannjacques,sulwhasoo.hongkong
megannjacques,ipsa_hk
megannjacques,glamglowhk
megannjacques,lamerhkofficial
megannjacques,izzychowy
megannjacques,cassandra.chiu
megannjacques,francais_avec_nelly
megannjacques,princessfion
megannjacques,mia.matayoshi
megannjacques,sarahvee.asia
megannjacques,hkdisneyland
megannjacques,yagalterry
megannjacques,100laurencandy
megannjacques,mcdonaldshk
megannjacques,hannahchengbradshaw
megannjacques,lindasunyt
megannjacques,cara_du_preez
megannjacques,sophia4698
megannjacques,indulgenteats
megannjacques,whitehk_
megannjacques,vancouverfoodie
megannjacques,benefitcosmeticshk
megannjacques,marcus.toniandguyhk
megannjacques,franzi_amalia
megannjacques,benontheroad
megannjacques,arianxlucas
megannjacques,xoy
megannjacques,thezeliabee
megannjacques,alanali
megannjacques,soha.kabbaj
megannjacques,plumerooftophk
megannjacques,852prints
megannjacques,foodiett
megannjacques,ricefam.official
megannjacques,cruisehk
megannjacques,_rhiannonbird
megannjacques,cherrrby
megannjacques,professeurfrancais_guillaume
megannjacques,stxph.h
megannjacques,itsjanicefung
megannjacques,ilikefishballs
megannjacques,hkfunfoodrecord
megannjacques,sketchykarr
megannjacques,uyenninh
megannjacques,doobydobap
megannjacques,claireandpeter
megannjacques,annapaul
megannjacques,eatingwithkirby
megannjacques,poorjjfoodie
megannjacques,hongkong.explore
megannjacques,sauves_par_le_kong
megannjacques,explore_hongkong
megannjacques,paris.explore
megannjacques,aiii_foodie
megannjacques,foodjiwara
megannjacques,taytay_xx
megannjacques,sephorahk
megannjacques,lydsheppard
megannjacques,charlieharry
megannjacques,bec_clarke95
megannjacques,louisaapuzzo
megannjacques,hannavanharanta
megannjacques,maxwellwoolf
megannjacques,plumvalleyrestaurant
megannjacques,rehanaharif
megannjacques,debra.yip
megannjacques,ratzstuff
megannjacques,forkwithadrian
megannjacques,iamkareno
megannjacques,aimeechengbradshaw
megannjacques,hugo_chui
megannjacques,christyyungg
megannjacques,blairsugarman1
megannjacques,sunday.son
megannjacques,leedeegood
megannjacques,afhongkong
megannjacques,moveyobodytoday
megannjacques,jorgekento
megannjacques,caitsteel
megannjacques,hyattcentrichongkong
megannjacques,aiteina_
megannjacques,clowcock_art
megannjacques,walaagwa
megannjacques,hong.kongais
megannjacques,jeremymarkfermin
megannjacques,goodjobjess
megannjacques,clevistam
megannjacques,__christophermurray
megannjacques,catmckay88
megannjacques,kelly.hcw
megannjacques,dono.photographs
megannjacques,borkyfawdry
megannjacques,myfxnwy
megannjacques,royalcaribbeanhk
megannjacques,restaurant_petrus
megannjacques,sassymamahk
megannjacques,ceri_payne
megannjacques,jessyknighty
megannjacques,emmmaburns_
megannjacques,mads.hk
megannjacques,timofermin
megannjacques,stefhakan
megannjacques,mikan_t
megannjacques,kimberlea7
megannjacques,joshyyeung
megannjacques,ifathindes
megannjacques,jasmineehlh
megannjacques,elisaharca
megannjacques,jacobandsophiahk
megannjacques,utahlee
megannjacques,chloe_glvs
megannjacques,asiayachtlife
megannjacques,swtttt_
megannjacques,ohmyloksin
megannjacques,doris.ay
megannjacques,gonzaleserica
megannjacques,laulaiiz
megannjacques,davidgoodtime
megannjacques,carminola
megannjacques,krissicristina
megannjacques,georgiakategordon
megannjacques,winnie211
megannjacques,the.reynolds.family.hk
megannjacques,xtrahaze
megannjacques,stephaniethr_
megannjacques,feliceee.w
megannjacques,peonyyss
megannjacques,daddy.dono
megannjacques,youbinnie
megannjacques,mark97lee
megannjacques,voltagex.agency
megannjacques,drinkbubbleme
megannjacques,myrooftopisgreen
megannjacques,mchaelchoi
megannjacques,paul_bu10
megannjacques,chairman.chow
megannjacques,littlekrystle
megannjacques,andrewlihk
megannjacques,kelsfeng
megannjacques,sonia.khatwani
megannjacques,barbieeeel
megannjacques,cecejg
megannjacques,hk_datfoodlife
megannjacques,peninsulahongkong
megannjacques,kylie.c.b
megannjacques,teqrocomer
megannjacques,vicdumans
megannjacques,imjennim
megannjacques,zoesugg
megannjacques,sinpatrick
megannjacques,vanesamimiwong
megannjacques,holefoodshongkong
megannjacques,bonnie.sun_
megannjacques,cher.maltese
megannjacques,thatlittleguru
megannjacques,eunibeee
megannjacques,thearchbishopofbanterbury
megannjacques,debbie.li
megannjacques,jlouofficial
megannjacques,boboandlun
megannjacques,moonieckm
megannjacques,hkcovsa
megannjacques,maitreguigsh
megannjacques,hashtag_legend
megannjacques,tanguysicard
megannjacques,jinna_mld
megannjacques,alexajoyg
megannjacques,ingrid.bd
megannjacques,valuefoodhongkong
megannjacques,saikung_to_septieme
megannjacques,yumiowin
megannjacques,oldhkincolour
megannjacques,hanrids
megannjacques,kzkzhang
megannjacques,dorotheelanes
megannjacques,itspapa_j
megannjacques,itsmamaa_j
megannjacques,aurelieliu
megannjacques,zurgalicious
megannjacques,brokehkfoodie
megannjacques,jloulovers_canada
megannjacques,lisamarie_tse
megannjacques,subtleasiantraits
megannjacques,asiansneverdie
megannjacques,theinsidebite
megannjacques,localiiz
megannjacques,zoejour
megannjacques,sophie.marrie
megannjacques,kathamuller
megannjacques,veeceecheng
megannjacques,cheng_enzo
megannjacques,janicemooo
megannjacques,fifi.gif
megannjacques,stephmiu_
megannjacques,delvinwu
megannjacques,zomgitschristie
megannjacques,adrian_tse
megannjacques,gosia__orlowska
megannjacques,christie.chung
megannjacques,briyeung
megannjacques,jackllau
megannjacques,samishome
megannjacques,furellie
megannjacques,kingsleyts17
megannjacques,mitchiew111
megannjacques,nikkilam5
megannjacques,fionnnlee
megannjacques,d.ori.s
megannjacques,megan_cst
megannjacques,ohjaimeeeee
megannjacques,hello.tiffo
megannjacques,k.leen_music
megannjacques,leahshiu
megannjacques,sophie.hafner
megannjacques,toniandguyhk.official
megannjacques,jjjanefly
megannjacques,piratagrouphk
megannjacques,viviansiu28
megannjacques,annabellevanden
megannjacques,nastiacopin
megannjacques,shevaunsekhri
megannjacques,scmpnews
megannjacques,hpkfoodexperiments
megannjacques,imjustbait
megannjacques,mollymae
megannjacques,niaothefurryprop
megannjacques,becs.wong
megannjacques,__chrismurray
megannjacques,cathytsecy
megannjacques,bitsofmi
megannjacques,ooorenee
megannjacques,barryth3b3ar
megannjacques,rob_sl_
megannjacques,sallyyyy_w
megannjacques,habin_j
megannjacques,calhawker
megannjacques,olliegorrigan
megannjacques,dkzafar
megannjacques,wxrner
megannjacques,00sophiet
megannjacques,georgekirkham
megannjacques,gjlinehan
megannjacques,rebeccahurn
megannjacques,dennis_tang96
megannjacques,jakenuere
megannjacques,jasakindaplant
megannjacques,monicdelucia
megannjacques,djiangounchained
megannjacques,kenchuwai
megannjacques,nastaciak
megannjacques,derek_0309
megannjacques,jvst_olly
megannjacques,kellywongkh
megannjacques,thetimothylam
megannjacques,eddy_tope
megannjacques,michaelll_7
megannjacques,memes.hk
megannjacques,hi_callmealice_
megannjacques,ifaizy
megannjacques,vanessaaa_202
megannjacques,isyoufunny
megannjacques,kkkafan
megannjacques,ellievevers
megannjacques,isobelgriffith
megannjacques,mickeyswiftie
megannjacques,tiffanyx__
megannjacques,cata.lifestyle
megannjacques,yejinash724
megannjacques,stephwonganie
megannjacques,isaac.y_
megannjacques,katieemjones
megannjacques,xoliviacatherinex
megannjacques,elodie_vincendeau
megannjacques,koroniskk
megannjacques,anoeshkakrijnen
megannjacques,rozzyroowho
megannjacques,jackanthonyanthony
megannjacques,shirley_lammy
megannjacques,sharabok
megannjacques,joyce_to1
megannjacques,katemcguirex
megannjacques,emmagodfreyx
megannjacques,boris_heiyiu
megannjacques,rachel_fantini
megannjacques,joseph_tsui
megannjacques,thebetterfei
megannjacques,lasau
megannjacques,tofuandgingerhuo
megannjacques,jenniferszeto
megannjacques,courtney_mir
megannjacques,lecxsy
megannjacques,0101.emily
megannjacques,leeahlam_
megannjacques,camiloescuderobespoke
megannjacques,div.yah
megannjacques,swetster
megannjacques,subhadra_nunez
megannjacques,camilothelatino
megannjacques,abbiegkn
megannjacques,sum.bean
megannjacques,aaronnlit
megannjacques,elthamakmur
megannjacques,jyeunicepark
megannjacques,iannlam
megannjacques,selah_lsh
megannjacques,agnestse02
megannjacques,joeyll_
megannjacques,jennhemmz
megannjacques,dawncheung
megannjacques,elliott_yip
megannjacques,linlsy_
megannjacques,tamchloe_tkw
megannjacques,saraahorr
megannjacques,a.sakhiyeva___
megannjacques,kamshat_kumarova
megannjacques,michaelsuen_
megannjacques,katezzk
megannjacques,__sel.inac
megannjacques,hee_crush
megannjacques,sassyhongkong
megannjacques,sunny___ssi
megannjacques,karennijsen
megannjacques,piccolo_martin
megannjacques,alimbayevakamila
megannjacques,tomuddin
megannjacques,phoebewtwang
megannjacques,justinmak_5
megannjacques,humblescapex
megannjacques,nforning
megannjacques,pavithra_senevirathne_
megannjacques,pierhk
megannjacques,noel_coyyy
megannjacques,mouse6634
megannjacques,kaikaibow
megannjacques,raywwwl
megannjacques,blacksheeprestaurants
megannjacques,hati_hati6
megannjacques,yeesyy
megannjacques,xflexxo
megannjacques,angelalin0218
megannjacques,la_diegz
megannjacques,chingwing0423
megannjacques,lavina_0814
megannjacques,mdwn__
megannjacques,hychkk
megannjacques,millie.sla66
megannjacques,cmherren
megannjacques,devs_mg
megannjacques,lightning_ej
megannjacques,max9304
megannjacques,toanjrnr
megannjacques,ale.grop
megannjacques,ngbrando
megannjacques,danbarwell
megannjacques,yoojun.cho
megannjacques,nam970520
megannjacques,youngda0
megannjacques,f_firewater
megannjacques,cristiennes
megannjacques,sherry_mii
megannjacques,sandykkkkk_
megannjacques,britxhkfam
megannjacques,g_jellyboy
megannjacques,pollyycheng
megannjacques,marina.choy
megannjacques,dayoung0918
megannjacques,dearmanon
megannjacques,phgovernment
megannjacques,jovianm
megannjacques,doriandv_
megannjacques,jenniferykli
megannjacques,liam.herbertt
megannjacques,rachelhei
megannjacques,vivien_li_
megannjacques,charlie_walton
megannjacques,eggsplorewithme
megannjacques,michelle8135
megannjacques,monica_g_morville
megannjacques,miichael_ma
megannjacques,anabellleee
megannjacques,andrew.ham1
megannjacques,aaarilee
megannjacques,fuckjerry
megannjacques,hkmehmeh
megannjacques,toby.plo
megannjacques,emileeeaster
megannjacques,ellainecheng
megannjacques,ericaji_
megannjacques,amander99
megannjacques,helen.ng.c
megannjacques,mkayy53
megannjacques,e.mws
megannjacques,inesostheim
megannjacques,jill.kligler
megannjacques,alyoneal
megannjacques,lizzyradoczy
megannjacques,inezzkoo
megannjacques,kj_jhangiani
megannjacques,upbeat_croquette
megannjacques,kikideeekss
megannjacques,haeeee_96
megannjacques,colin.fung
megannjacques,jasongxx
megannjacques,a.c.liu
megannjacques,neo_fade
megannjacques,ahwonee__
megannjacques,sabellerina
megannjacques,852_82_1
megannjacques,celiatty
megannjacques,kamilla.kky
megannjacques,kellylawww
megannjacques,zoe_a_r
megannjacques,niamilenova
megannjacques,eunjinnyx
megannjacques,jessqlane
megannjacques,nick.yang8
megannjacques,yangalex1081
megannjacques,skrrt.sof
megannjacques,mrehddad
megannjacques,saloneesux
megannjacques,melodyn_a
megannjacques,matsnaj
megannjacques,saanaldeshpande
megannjacques,nanajamain
megannjacques,chirpingcrickets
megannjacques,miichael.gao
megannjacques,christina.yang24
megannjacques,jennavollebregt
megannjacques,jackjonesss
megannjacques,anoushkaweiley
megannjacques,crystalllwuuu
megannjacques,marlenegarnreitt
megannjacques,catrionafz
megannjacques,vicjooris
megannjacques,josephine.ellis
megannjacques,valentinapirie
megannjacques,aliyapenn
megannjacques,heynicoleheyy
megannjacques,natashaswallow
megannjacques,nathalieroschmann
megannjacques,adarchivess
megannjacques,camille__do
megannjacques,mimi8miaou
megannjacques,chloeharrox
megannjacques,anishaturner
megannjacques,mintytiger
megannjacques,wenfayee
megannjacques,ciciizhang
megannjacques,mickeysantana
megannjacques,maymzh
megannjacques,bessmertnaiia
megannjacques,valeriecornet
megannjacques,inescastagnet
megannjacques,justine_schipper
megannjacques,rioualjean
megannjacques,ellentvshow
megannjacques,zoecookiee
megannjacques,aileba.mat
megannjacques,saskiathequeen
megannjacques,charlenemarrie
megannjacques,sarcasm_only
megannjacques,gabbiedhk
megannjacques,9gag
megannjacques,kimkardashian
megannjacques,crys.tsekiu
megannjacques,kyliejenner
megannjacques,vivienneeso
megannjacques,kellymackenziee
megannjacques,madelinejd
megannjacques,natmalins
megannjacques,annasmythie
megannjacques,jamielees
megannjacques,laurawoodroww
megannjacques,sunnymat
megannjacques,isabella_strapp
megannjacques,lorraine_chew
megannjacques,tatumstiles
megannjacques,abirowland
megannjacques,meliwhoissmelly
megannjacques,sophieyeung_
megannjacques,sybil.y
megannjacques,georginacameron
megannjacques,daniellawilson_
megannjacques,georgie_cairns
