niclawc,chiuchiu.studio
niclawc,sprinkle_my_tinkle
niclawc,rubylaw
niclawc,reggietheleaf
niclawc,rollingloud.mia
niclawc,kelynyuen
niclawc,janetungsten
niclawc,moynat
niclawc,hongyungyo
niclawc,adrianneho
niclawc,camillelcheng
niclawc,lindseyhongkong
niclawc,hocedric
niclawc,viviennetam
niclawc,janegoodallinst
niclawc,amulettos
niclawc,windmillgrass
niclawc,loracheel
niclawc,eileengu
niclawc,philbbankss
niclawc,chromeheartsofficial
niclawc,shordieshordie
niclawc,hernameisbanks
niclawc,glassanimals
niclawc,jamie___xx
niclawc,st_vincent
niclawc,acr.a4
niclawc,rmivisuallab
niclawc,wakeupf1lthy
niclawc,kerryoakie
niclawc,tsunari
niclawc,bktherula
niclawc,mimitheindian
niclawc,denzelcurryph
niclawc,stephanie_amanda
niclawc,mymigueta
niclawc,djk.scott
niclawc,310babii
niclawc,mtvasia
niclawc,anothermona
niclawc,ch2flexingsohard
niclawc,ianlim.co
niclawc,starboyzwrld
niclawc,greyoct
niclawc,wakaflocka
niclawc,badbitchbkk
niclawc,sashalame
niclawc,thomas_pho
niclawc,livebase
niclawc,youngsavagecoco
niclawc,garyy612
niclawc,akon
niclawc,laphontmontreal
niclawc,blaqlyte
niclawc,lagalclone
niclawc,jicoupmeow
niclawc,joycehk
niclawc,benjamin_museo
niclawc,yelovaness
niclawc,hanumankind
niclawc,jamesorsau
niclawc,kayfung_
niclawc,thefiglobby
niclawc,feelsgoodinnit
niclawc,nathalieroschmann
niclawc,miranowt
niclawc,siumay.cheung
niclawc,robertmorgenrothjr
niclawc,lifesolutionshk
niclawc,junheiri
niclawc,ngaionchi_kathy
niclawc,phuckitol
niclawc,puma.usa
niclawc,karenhahaha
niclawc,rickyywong_official
niclawc,_chouchou727_
niclawc,vincentbs0200
niclawc,jasonlamjasonlam
niclawc,clarencelau
niclawc,redemptive_official
niclawc,sofayweiwei
niclawc,chenbolin
niclawc,leungmo
niclawc,maryjoeytse
niclawc,winwan
niclawc,parkx
niclawc,_yantilee
niclawc,edenviolett
niclawc,leeeeeetoy
niclawc,penelopecruzoficial
niclawc,norris_wong_lyricist
niclawc,whitneypeak
niclawc,angele_vl
niclawc,emmachamberlainsupdates
niclawc,chanmingho
niclawc,josephinelausauwah
niclawc,baronmoonnnnnnn
niclawc,microwave__official
niclawc,cheunghotung
niclawc,gchew_
niclawc,a.s.s_tattoo
niclawc,seoiseoiseoi
niclawc,millasfizz
niclawc,mariahthescientist
niclawc,amadiakilah
niclawc,themarcjacobs
niclawc,converse
niclawc,kinyan_lam
niclawc,fashionfarmfoundation
niclawc,3.17
niclawc,ellehongkong
niclawc,ck.notok
niclawc,pabepabeofficial
niclawc,nilmance
niclawc,aenrmous
niclawc,uiaawoon
niclawc,8enneth
niclawc,aarrghhhhhhhhhhh
niclawc,shotonfilmtho
niclawc,insideoutrestorativespa
niclawc,jpnuge
niclawc,lhoyii
niclawc,offtrendhq
niclawc,humanmade
niclawc,lui_ka_chun
niclawc,_jvrmz_
niclawc,sparkesexybull
niclawc,v.musichk
niclawc,paristexas
niclawc,waikeunglam
niclawc,brun_c
niclawc,chuckyching
niclawc,thecanvasdon
niclawc,hon_the_shou
niclawc,harpersbazaarus
niclawc,snakedenton
niclawc,mei.wo.leng
niclawc,tylerupdated
niclawc,c.syresmith
niclawc,chromakopia
niclawc,tszshanmonastery
niclawc,wmag
niclawc,nicolechewy
niclawc,layer2.0
niclawc,jasonlkk
niclawc,sleeplessclubhk
niclawc,unibay98
niclawc,nkwan713
niclawc,charlidamelio
niclawc,harilelareyna
niclawc,leticia_0liveira
niclawc,cataloghk
niclawc,lilyrose_depp
niclawc,happyplaceig
niclawc,ambertsui_
niclawc,honganc
niclawc,scumfuckflowerboy
niclawc,trickiebonnie
niclawc,_m0chi.bae
niclawc,lalamichmich
niclawc,chungyingtheatre
niclawc,eastwindgoodart
niclawc,242stone
niclawc,mrkootattoo
niclawc,pearlizedtam
niclawc,jaqchak
niclawc,room_s_hair
niclawc,cosmovibrators
niclawc,thefacemagazine
niclawc,oonefivenine
niclawc,reecetuffs
niclawc,janjanfafa
niclawc,missy_rl
niclawc,footloosetycoon.style
niclawc,chanpikki
niclawc,meta
niclawc,hayleychans
niclawc,wongkinpan
niclawc,eugene.jyj
niclawc,wysminnie
niclawc,jameswnc
niclawc,danilonini
niclawc,casual.grains
niclawc,lampson
niclawc,huber0203
niclawc,carrieyuuuu
niclawc,sampson_wong
niclawc,chiman_
niclawc,moon.cytt
niclawc,hannavanharanta
niclawc,theminimalistduo
niclawc,marcusaurelium
niclawc,jazziesillona
niclawc,mosseri
niclawc,etjusticepourtous
niclawc,caloritaaa
niclawc,moncler
niclawc,becarefullee
niclawc,cheronna
niclawc,kikicheungg
niclawc,nogaerez
niclawc,ccchoice
niclawc,vinspoon
niclawc,suuurri
niclawc,_watttty
niclawc,kaening
niclawc,joslausw
niclawc,ke11yleung
niclawc,karmuelyoung_official
niclawc,_personsoul_
niclawc,zohosquare
niclawc,ugg
niclawc,ibkamara
niclawc,cc_evie_
niclawc,tl_ling
niclawc,en_raged
niclawc,t_rexglobal
niclawc,utaha.89
niclawc,stillz
niclawc,a_damp_owl
niclawc,starmorni_ng_g
niclawc,by_jum_
niclawc,kieranho
niclawc,patrickfongg
niclawc,drewcorruptedmind
niclawc,charliefatchoi
niclawc,corrupttheyouth
niclawc,bosco_0702
niclawc,itsnotjesssica
niclawc,5gishere
niclawc,augu8tleung
niclawc,beckybecky_k
niclawc,henrrryho
niclawc,tarasobti
niclawc,imqueman
niclawc,_editecture_
niclawc,prod_sake
niclawc,siuti
niclawc,anguslobean
niclawc,0026_vintage
niclawc,pinkdothk
niclawc,avavav
niclawc,hongkong.edm
niclawc,summmlm
niclawc,montyarchieminglui
niclawc,sweattour
niclawc,_foonfoontsang
niclawc,hana_coffeebread
niclawc,natalie_lck
niclawc,ly.as
niclawc,sarahkentnews
niclawc,xiaolongdp
niclawc,slowthai
niclawc,retro.futuristic_
niclawc,therealmikedean
niclawc,thottwat
niclawc,thxto_klk
niclawc,seito__official
niclawc,bok_._bok_._bok
niclawc,harrydanshan
niclawc,andytang212
niclawc,soldmateisland
niclawc,izumi.studio_
niclawc,aliearchives
niclawc,angooose
niclawc,wrongtime_antiques
niclawc,brinelui
niclawc,zcharlie_
niclawc,aka__alyssa
niclawc,yuettungchinaworks_official
niclawc,roomdickson
niclawc,yanyanknits
niclawc,hypefest
niclawc,repulsebayvillage_rbv
niclawc,akiandkoichi
niclawc,therow
niclawc,thabluee
niclawc,troyesivan
niclawc,woahvix
niclawc,qiaoenagram
niclawc,hkdi_hongkongdesigninstitute
niclawc,skullsrulemyhead
niclawc,oreon3x
niclawc,kelvinvuyiu
niclawc,xxtilldawn
niclawc,offlinefriendsbynic
niclawc,a.nn_a.nn___
niclawc,yaw_majesty
niclawc,margaretzhang
niclawc,chappellroan
niclawc,kiukayee
niclawc,hailunma
niclawc,dexternavy
niclawc,dazed
niclawc,dazedfashion
niclawc,pinkminy
niclawc,ppuuuyyy__
niclawc,gehendervogel
niclawc,confidenceheist
niclawc,fashionally_ydc
niclawc,fml_law
niclawc,ve_nusssss_
niclawc,litingfung
niclawc,roroxan_
niclawc,carsondelange
niclawc,tigerstrolling
niclawc,khykam
niclawc,tatlerasia
niclawc,creators
niclawc,zedleets
niclawc,antoniradziwinski
niclawc,chinly_baby
niclawc,hmad.official_
niclawc,naomi
niclawc,footloose.tycoon
niclawc,isseymiyakeofficial
niclawc,fashionally_com
niclawc,clarewaightkeller
niclawc,dw._kk
niclawc,xxxibgdrgn
niclawc,jasmineyen
niclawc,byjoshuajamal
niclawc,fershootsometimes
niclawc,coffee_dumbo
niclawc,mujin.no.furugiya
niclawc,betsyjohnson_
niclawc,pin_chun7
niclawc,super19991232
niclawc,im.guava
niclawc,kenyiplam
niclawc,polo1u
niclawc,whx26_
niclawc,chalisawela
niclawc,robbie.perez
niclawc,thibautgrevet
niclawc,shelterathletics
niclawc,nicoleissatisfied
niclawc,fayewebster
niclawc,smehkinternational
niclawc,96.423
niclawc,paulinpaulinpaulin
niclawc,carter5ive
niclawc,yunglean2001
niclawc,pcccchu
niclawc,heavn
niclawc,chocolatexol
niclawc,rock.gor
niclawc,anishathai
niclawc,lung925jacobchi
niclawc,foolish08
niclawc,adidashk
niclawc,crewcoffee.hk
niclawc,ubjaicreamy
niclawc,kkiwab
niclawc,aab.room
niclawc,dedejaee
niclawc,luandonchun
niclawc,kris_li_film
niclawc,pokahuang
niclawc,d.3b4
niclawc,closetxcx
niclawc,wolfacejoeyy
niclawc,tongtong.stuff
niclawc,louie.jaubere
niclawc,eddiechanghk
niclawc,ethan_sien
niclawc,cheriedeer
niclawc,imongrindr
niclawc,myleshendrik
niclawc,henryhwu
niclawc,ammydrammeh
niclawc,gracieabrams
niclawc,oliviadeano
niclawc,softest.hard
niclawc,busybee.hk
niclawc,ch111oe
niclawc,tsangheitung
niclawc,mariohau_
niclawc,sss_lan0
niclawc,itsshacarri
niclawc,ooh_li_via
niclawc,reika1116
niclawc,lovemiihuang
niclawc,siobhanhaughey01
niclawc,elsonhochun
niclawc,maddog.made
niclawc,stephaniehsau
niclawc,cheungkalonggggg
niclawc,vmwkong
niclawc,wakeefansclub
niclawc,mellow_vk
niclawc,djfai
niclawc,benwongkeepwriting
niclawc,thebeuter
niclawc,taion_coffee_and_tea
niclawc,alexconsani
niclawc,arknhck
niclawc,kvnloverboy
niclawc,lbuddy22
niclawc,kennyngsk
niclawc,marcjimmychu
niclawc,theonlyjayc
niclawc,nono_boyz
niclawc,papimanhattan
niclawc,raven_huang
niclawc,mitty_goods
niclawc,wmhkinternational
niclawc,bootsncatsrecords
niclawc,erykahbadu
niclawc,woomiiofficial
niclawc,amylo_lqamy
niclawc,ygafilm
niclawc,oliviayaojewellery
niclawc,vetements_official
niclawc,veindals
niclawc,vishallkharga
niclawc,maisonoceanique
niclawc,nelson.htoo
niclawc,this.is.chichi
niclawc,vaquera.nyc
niclawc,fedekortez
niclawc,iamlamlamtsui
niclawc,alixlefebvre
niclawc,yauhoyi
niclawc,alexandre.diani
niclawc,quavohuncho
niclawc,sunset_pablo
niclawc,carolinedemaigret
niclawc,heangjay
niclawc,bakerr.c
niclawc,on
niclawc,nadet__
niclawc,kate.tokyo.official_jp
niclawc,femikidjo
niclawc,hieu.experiment
niclawc,lf.pvnirvana
niclawc,midwestvintage
niclawc,edbanger
niclawc,maintwosg
niclawc,willhaiam_
niclawc,babyflo27
niclawc,leaiiina
niclawc,_advisorycouncil
niclawc,vivil0
niclawc,melissabon
niclawc,gabbriette
niclawc,weirdandwinderful
niclawc,emmaxwinder
niclawc,dionlee
niclawc,kennyxli
niclawc,morf.today
niclawc,tungtungdess
niclawc,re_attach
niclawc,glass_beams
niclawc,camila_cabello
niclawc,alewya11
niclawc,thealexisstone
niclawc,area02_official
niclawc,vanvanli
niclawc,levioi
niclawc,postclimate
niclawc,lf.tlinh
niclawc,salina_lol
niclawc,hibyefriend.online
niclawc,pumahk
niclawc,jeremyscott
niclawc,adidasoriginals
niclawc,harpersbazaarhk
niclawc,nemonte.nenquimo
niclawc,thepalmtreeoffice
niclawc,hendersonlandhk
niclawc,thehenderson_hk
niclawc,mreasonchan
niclawc,hkkicksgram
niclawc,baobiedoll
niclawc,sir_ghostboy
niclawc,mads.hk
niclawc,katietky
niclawc,oliluk
niclawc,herrrraaa_
niclawc,shigeotattoo
niclawc,awgenization
niclawc,temsbaby
niclawc,portmanrich
niclawc,jo__th__
niclawc,waichistreetplayground
niclawc,joshualeetattoo
niclawc,hahamanyu
niclawc,feedinghk
niclawc,foodangel_hk_official
niclawc,impacthkcharity
niclawc,apple
niclawc,wearestd
niclawc,undergr00ves
niclawc,yzy
niclawc,shih6336
niclawc,iamzzzyyy
niclawc,angelhuihoikiu
niclawc,starbuckshk
niclawc,mattzingler
niclawc,jquanli
niclawc,itsnthabim
niclawc,lukeximply
niclawc,implyofficial
niclawc,thejustinjim
niclawc,coralgardeners
niclawc,1ttl6
niclawc,katrinahungk
niclawc,theoffline_club
niclawc,c.705
niclawc,connerives
niclawc,siujongyau
niclawc,arkantyne
niclawc,mayaoo
niclawc,lepetitjoce
niclawc,shakeshackhongkong
niclawc,chopovalowena
niclawc,forklore.asia
niclawc,fentyhair
niclawc,home1nvasion
niclawc,lavenwong
niclawc,merrylamblamb
niclawc,aka.rubii
niclawc,ennyintegrity
niclawc,sabrinacarpenter
niclawc,primavera_sound
niclawc,rayasianboy_
niclawc,mintznathan
niclawc,jerry_chowson
niclawc,ram2isflat
niclawc,zeloswongz
niclawc,hayli.png
niclawc,fumilau
niclawc,zenokoo
niclawc,agcook404
niclawc,khloekardashian
niclawc,kourtneykardash
niclawc,krisjenner
niclawc,erl
niclawc,olaoluslawn
niclawc,fish331
niclawc,i_am_jameslau
niclawc,the_company_tattoo
niclawc,anchoi.hk
niclawc,ann.bug
niclawc,marlisechu
niclawc,jaredellner
niclawc,tate_mok
niclawc,fugazi
niclawc,pinknwk
niclawc,puma
niclawc,shawnlam
niclawc,nantuck3t
niclawc,novisuals
niclawc,kaicenat
niclawc,simonjakops
niclawc,roshanmelwanisamstailor
niclawc,fungyungyung
niclawc,mafarnsimon
niclawc,sampepper
niclawc,lirisaw
niclawc,itskarencici
niclawc,pbygunna
niclawc,leegardenshk
niclawc,disneynature
niclawc,min.hee.jin
niclawc,ladygaga
niclawc,yuyumoffline
niclawc,fedtan
niclawc,djspooon
niclawc,louischeung2013
niclawc,kireyung
niclawc,buakaw1
niclawc,9m88
niclawc,honeymoon
niclawc,gwendolyn.spot
niclawc,austinbutler
niclawc,popularjewelry
niclawc,laurentsai
niclawc,morezain
niclawc,nathalieemmanuel
niclawc,bellahadid
niclawc,athenaeum_m
niclawc,_cvizz_
niclawc,laufey
niclawc,mur.mursound
niclawc,case.kenny
niclawc,jenyw
niclawc,maxinengps
niclawc,swirled.world
niclawc,luxurylaw
niclawc,robertwun
niclawc,ftodah
niclawc,gvasalia
niclawc,ozpurple
niclawc,musique_chienne
niclawc,samo__wong
niclawc,the_belgerian
niclawc,ateliersjeannebarret
niclawc,amelbishop
niclawc,manonlefebure
niclawc,iemi
niclawc,nicolaandnicola
niclawc,cochloe
niclawc,purplefashionmagazine
niclawc,nixofficial
niclawc,holaandreamoreno
niclawc,ateliermontex
niclawc,simonepheulpin
niclawc,como_claude
niclawc,thelivewildcollective
niclawc,maisonmere.marseille
niclawc,driss745
niclawc,angela.yuen
niclawc,_constancec_
niclawc,amandine.gachet
niclawc,samtang1111
niclawc,kolen128
niclawc,hungmc
niclawc,karenpaint
niclawc,sadiesink_
niclawc,missfrros
niclawc,drjdidtheteeth
niclawc,susiebubble
niclawc,natanoonoo
niclawc,lucasinhk
niclawc,meladdiction
niclawc,madamefigarofr
niclawc,taylorswift
niclawc,akulshinasonya
niclawc,__bonbom
niclawc,lanecrawford
niclawc,7hiery
niclawc,suenholly
niclawc,sarahespeute
niclawc,winnietsangg
niclawc,kelly_notjelly
niclawc,rickysham
niclawc,ansonlaucf1107
niclawc,constanclee
niclawc,jolenelin
niclawc,madebyrumah
niclawc,soft_castle_
niclawc,crocs_hongkong
niclawc,jan1nei4_
niclawc,ccnyan
niclawc,lagaleriedu19m_marseille
niclawc,anyataylorjoy
niclawc,tommyboi________
niclawc,jessicawt
niclawc,kalun_ng
niclawc,rubyrubymerry
niclawc,byebyebyejack
niclawc,imperfect_mag
niclawc,ssamtso
niclawc,waiiyann
niclawc,pumpkinjojoinstagram
niclawc,khengchan_
niclawc,interviewmag
niclawc,melzy917
niclawc,phoebephilo
niclawc,elephantdee
niclawc,tiingggg_
niclawc,mings.hk
niclawc,chanel.beauty
niclawc,chanelofficial
niclawc,madamefigarohk
niclawc,missfashioncloud
niclawc,kityantk
niclawc,heyukno
niclawc,laimattmatt
niclawc,sunglys
niclawc,create.repeat
niclawc,davidchochi
niclawc,ktinhoi
niclawc,kendrakohyr
niclawc,tuffleung
niclawc,hamcus
niclawc,marrrz23
niclawc,shoumethemoneyxx
niclawc,lancey
niclawc,concreteboys
niclawc,gabrielomoses
niclawc,tms.site
niclawc,kencarson
niclawc,bad.times.records
niclawc,partynextdoor
niclawc,pointdedepart_official
niclawc,madeinisalie
niclawc,sang_roastery
niclawc,gong2gu2
niclawc,ziva.wingkiu
niclawc,ghetschoi
niclawc,joecolewong
niclawc,lamar_853
niclawc,boogieonnon_
niclawc,peteryeedesign
niclawc,dadudeterry
niclawc,twentyonepilots
niclawc,tyla
niclawc,gladysyee
niclawc,design.by.samuelross
niclawc,virgilabloh
niclawc,dany2times
niclawc,hennysunn
niclawc,mike_lamartina
niclawc,darrenvongphakdy
niclawc,baronscho
niclawc,toyoki_tanizaki
niclawc,chito.international
niclawc,phoebechan914
niclawc,vandythepink
niclawc,bobby.ymmt
niclawc,lennonblack_blindcat
niclawc,nomkakaii
niclawc,sizzlingkingprawns
niclawc,ttluitt
niclawc,3thisisye
niclawc,catallactics
niclawc,thug_min
niclawc,limjaeryn
niclawc,say_touche
niclawc,thug_club
niclawc,aequaandco
niclawc,karentso
niclawc,raykccheung
niclawc,jyutsze
niclawc,watchingnewyork
niclawc,simpsons__meme
niclawc,boris1027_
niclawc,lews.z
niclawc,hongkongballet
niclawc,hennesyyy
niclawc,mindly.journal
niclawc,galaxyman
niclawc,enam.t
niclawc,hustledontplay
niclawc,chankitki
niclawc,yeungwinggki
niclawc,victor_dixneuf
niclawc,auroralamm
niclawc,itsaudreychow
niclawc,yenisounds
niclawc,groovyq
niclawc,fqx3x
niclawc,whoisachi
niclawc,shahiiniishant
niclawc,mothagency
niclawc,sia.jewelry
niclawc,muin_bangkok
niclawc,keraer
niclawc,kareem
niclawc,westk.hk
niclawc,kiano___
niclawc,ron.jj
niclawc,eeveeplz
niclawc,satsun_night
niclawc,i_d
niclawc,charlotteinwhite
niclawc,jasperr
niclawc,chenayders
niclawc,angelfromabove.makeup
niclawc,minhngoc.d
niclawc,syanleung
niclawc,rafsimons
niclawc,adultswim
niclawc,to.be.frank.design
niclawc,loucido
niclawc,skateboard
niclawc,audreynuna
niclawc,aracarrr
niclawc,declanchan
niclawc,nkid_d
niclawc,josie_ho_chiu
niclawc,hidden.ny
niclawc,aidanzamiri
niclawc,laikwongsang_sang
niclawc,yamadesignltd
niclawc,sang_interiordesign
niclawc,biulamofficial
niclawc,rawtattoo_joker
niclawc,i_am_kiko
niclawc,1of1skittles
niclawc,ancutasarca
niclawc,bnyx
niclawc,cochise
niclawc,finneas
niclawc,mowalola
niclawc,pellepelleus
niclawc,alexmoss
niclawc,liltunechi
niclawc,tydollasign
niclawc,ausssssssssssssssssss
niclawc,umami.events
niclawc,kimletgordon
niclawc,smino
niclawc,tildax_x_
niclawc,hedoesntgiveashit
niclawc,neoyau19
niclawc,drewscorruptedpics
niclawc,riotusa
niclawc,yoleendadong
niclawc,kellxlau.official
niclawc,davidbeckham
niclawc,cardinalpointhk
niclawc,sphcfr
niclawc,itsjustasha
niclawc,longlongyu
niclawc,xxx_hk
niclawc,iampib
niclawc,culted
niclawc,4batz
niclawc,chefwestt
niclawc,shadrinsky
niclawc,xxl
niclawc,service95
niclawc,1310s._
niclawc,chimancheung
niclawc,ipyi
niclawc,jpegmafia
niclawc,tszlungakadragc
niclawc,tatslauyeetat
niclawc,annahisbbur
niclawc,velvetelvis_official
niclawc,wdattt666
niclawc,vdubl
niclawc,licca.inn
niclawc,lisa1nn
niclawc,hy_dra
niclawc,viki.lemke
niclawc,alexandra_gavronska
niclawc,thoughtwefriends
niclawc,carmen_ng123
niclawc,pitchfork
niclawc,6y_day
niclawc,yanniyellow
niclawc,avexasia
niclawc,cloudwann
niclawc,jamiez_
niclawc,sofiamcoelho
niclawc,bonfilsrangira
niclawc,yoyokwans
niclawc,torres_pit
niclawc,jessichloe
niclawc,032c
niclawc,sheng.rain
niclawc,zenegeist
niclawc,_leshing23
niclawc,wingki.1118
niclawc,c_nga.k
niclawc,safespacemo
niclawc,boyschoirboys
niclawc,b.noly
niclawc,fungmadeit
niclawc,mrjlcc
niclawc,sonjacheng_
niclawc,ahuramazdathe
niclawc,icqmetonight
niclawc,cantonmambo
niclawc,troublegirlmi
niclawc,y5_is_meme
niclawc,chimmandychim
niclawc,natgeo
niclawc,domsfz
niclawc,summersonic_official
niclawc,wilfcho.pdf
niclawc,ensobaby
niclawc,voel_808
niclawc,hksuhiphop
niclawc,theworld_is_youroyster
niclawc,missrazavi
niclawc,rickowensonline
niclawc,acoldwall
niclawc,lilycashchan
niclawc,karlmojo
niclawc,the.sselected
niclawc,srhchan
niclawc,jazzicabbx
niclawc,perks.production
niclawc,tedltm
niclawc,aaronc9292
niclawc,keung.jai
niclawc,innsvx
niclawc,janlamb_09
niclawc,ikeahongkong
niclawc,thesundropgarden
niclawc,matthewmwilliams
niclawc,darcom.agency
niclawc,rrraaeeeeeeeee
niclawc,haileybieber
niclawc,opium_00pium
niclawc,cococlairclair
niclawc,badcoffeeliquorclub
niclawc,denisara
niclawc,tao3yan4
niclawc,chankwaihojames
niclawc,kenya_boya
niclawc,_petpet_shawn_
niclawc,chashiubae
niclawc,masiwei1993
niclawc,zarahcheng
niclawc,kissingcat
niclawc,wizkhalifa
niclawc,swaelee
niclawc,chamberlainpaintings
niclawc,maglamm
niclawc,honorroller
niclawc,_wayaway
niclawc,anuntat2
niclawc,kun_adipta
niclawc,lifted.asia
niclawc,59tattoo
niclawc,kingpush
niclawc,loisey__
niclawc,aleviarecords
niclawc,606.mov
niclawc,the808studio
niclawc,lofficielhongkong
niclawc,tinhua__
niclawc,hashtag_legend
niclawc,maybetomorrow
niclawc,thearcahotel
niclawc,rogue___studios
niclawc,artisans.never.stop
niclawc,houseoferrors
niclawc,phillipischillin
niclawc,nanyangpaidui
niclawc,nerd
niclawc,chilldous
niclawc,andre3000
niclawc,thejackp
niclawc,d4vddd
niclawc,campfloggnaw
niclawc,rae.hersey
niclawc,iluvurfit
niclawc,bohanphoenix
niclawc,lauheungking
niclawc,shiroflowerrs
niclawc,070shake
niclawc,farada.co
niclawc,ivanlui_
niclawc,melovemealot
niclawc,weavipedia
niclawc,juujuu.official
niclawc,lissyroddyy
niclawc,alexryantan
niclawc,8_10_0
niclawc,piri.io_
niclawc,nadialeecohen
niclawc,realcoleworld
niclawc,sean_wotherspoon
niclawc,zaazaaaa_collective
niclawc,sophysophyw
niclawc,aamber903
niclawc,kiriadonatelli
niclawc,megannjacques
niclawc,dvk.98
niclawc,tru3lov3kiss
niclawc,artbyhollywood__
niclawc,lok_lokyii
niclawc,lilyvml
niclawc,papermagazine
niclawc,voguehongkong
niclawc,carharttwip_hk
niclawc,jaredmuros
niclawc,fiber_productions
niclawc,readandrisee
niclawc,radii_media
niclawc,morgantat2
niclawc,reselleruniverse
niclawc,cashmerepullover
niclawc,elliee.rob
niclawc,elijahanonuevo
niclawc,jv.jarvis
niclawc,1314kayan
niclawc,kachan95
niclawc,yat_pit
niclawc,chivasregal
niclawc,thenotoriouskia
niclawc,parcelsmusic
niclawc,neonlitmusichk
niclawc,txmiyama
niclawc,manao_almond_walnut
niclawc,do_do_cheng
niclawc,k_k_x_t_t
niclawc,fffwld
niclawc,thepalmtreepantry
niclawc,chrislam1007
niclawc,vsloria
niclawc,ppc_records
niclawc,shan_miu
niclawc,nebulangus
niclawc,fatho317
niclawc,fernethunter
niclawc,zsuythowc
niclawc,blohkparty
niclawc,_her.official_
niclawc,weareasterisk
niclawc,loadingcrew
niclawc,stylenotcom
niclawc,sarajaneho
niclawc,gluesticksg
niclawc,discoveringartists.irl
niclawc,kaytse
niclawc,vestiaireco
niclawc,gro_grocery
niclawc,milkxhk
niclawc,lorenaschi_
niclawc,_olhirst_
niclawc,yepyepmag
niclawc,oilshenzhen
niclawc,metagirl.studio
niclawc,shingshing852
niclawc,________wolfe
niclawc,chinkyeyesss
niclawc,luke___casey
niclawc,ddtstore
niclawc,jo.meh.ah
niclawc,steve.lacy
niclawc,carocnn
niclawc,bboyet
niclawc,originalgoldsmith
niclawc,dinaayada
niclawc,arr.allrightsreserved
niclawc,joannetototo
niclawc,notasmartbean
niclawc,hoyeekong
niclawc,k11musea
niclawc,nelsonye
niclawc,shermkwansman
niclawc,pantherchan
niclawc,eilidh.mackenzie
niclawc,langlosangeles
niclawc,lorry0708
niclawc,kapassioner
niclawc,tan__suan
niclawc,lexieliu_
niclawc,martine_rose
niclawc,rowisroom
niclawc,cement.werkstatt
niclawc,aimeleondore
niclawc,jackbegert
niclawc,a24
niclawc,sognohk
niclawc,walesbonner
niclawc,irisolympia
niclawc,pee6gy
niclawc,ango9_
niclawc,boeymmee
niclawc,jazzysworldtv
niclawc,teezotouchdown
niclawc,arielsy.sy
niclawc,hvisk
niclawc,hkdi_fmd
niclawc,dinothedinosaurrrrr
niclawc,yakh27
niclawc,alicew_0324
niclawc,agnesckh
niclawc,kaio_wu
niclawc,matthewsiu
niclawc,wonderfruitfestival
niclawc,teomarcella
niclawc,harajukuchicago_official
niclawc,sumiremak
niclawc,james.deanfung
niclawc,genius
niclawc,nananacchi
niclawc,murmur.ams
niclawc,benelux.bar
niclawc,arcteryx
niclawc,songryh
niclawc,louy_lam
niclawc,cityhowwhy
niclawc,mmacayres
niclawc,gigisyc12_9
niclawc,rosema.ese
niclawc,dabeedos
niclawc,emmarogue
niclawc,roguegarms
niclawc,orangeterry
niclawc,theatrepeptalk
niclawc,thuggerthugger1
niclawc,sadhguru
niclawc,_commonchaos
niclawc,gunna
niclawc,theweeknd
niclawc,destroylonely
niclawc,yeat
niclawc,sza
niclawc,playboicarti
niclawc,riccardagreco
niclawc,thaimay_spicy
niclawc,dagna.kills
niclawc,kg._.boom
niclawc,southbayvintage_
niclawc,chaleedaxgilbert
niclawc,tattoosays
niclawc,mayangazlan
niclawc,asafeplacepod
niclawc,cobnobler
niclawc,chaosrareclothing
niclawc,p3ri0dpaint
niclawc,stayneutral
niclawc,chilottery
niclawc,_soundbwoy_
niclawc,lmf_lazy_clan
niclawc,taku.ncw
niclawc,laichingkaitlyn
niclawc,tronzguy
niclawc,tobilou
niclawc,stephen__mok
niclawc,wingyinwooooooo
niclawc,hoteldust
niclawc,spamandeggs.radio
niclawc,timmynotummy
niclawc,bayou_gq
niclawc,mud.walter
niclawc,postmalone
niclawc,lendme1gram
niclawc,asonnnn
niclawc,kinnyawbarlow
niclawc,eaton_radio
niclawc,dj_kade
niclawc,lonelygirlsclub.bkk
niclawc,chris_too_smoove
niclawc,djlorryhk
niclawc,phygmus
niclawc,terristerio
niclawc,toyomijahmira
niclawc,sun___1001
niclawc,brooklyn_yas
niclawc,atsukoholic
niclawc,casanova_ginza
niclawc,kowga_
niclawc,suzuki.rika
niclawc,futurefcc
niclawc,r1ku22
niclawc,nails___mayu
niclawc,nail.sucre
niclawc,placesplusfaces
niclawc,livenationhk
niclawc,lemag.kr
niclawc,multiverse_music
niclawc,bbbchapin
niclawc,damnitvintage
niclawc,ploypailin
niclawc,pawnshop_taipei
niclawc,jean_jean125
niclawc,lazy_der_select_shop
niclawc,aliciahsu7
niclawc,flowerchenme
niclawc,chiangchenwei
niclawc,canteen302
niclawc,hacken07jrw
niclawc,longhumen.hiphop
niclawc,1955beforethedawn
niclawc,mchotdogmusic
niclawc,mess_age.taiwan
niclawc,niclelin
niclawc,mjfceo
niclawc,nowhereashes
niclawc,keo_taipei
niclawc,vivianxchoi
niclawc,seventhstores
niclawc,untitledattirement
niclawc,streetvoice_tw
niclawc,overdope_com
niclawc,mens.reader.club
niclawc,2naughtyy
niclawc,cotaboii
niclawc,thecatnamedshelby
niclawc,tontonyau
niclawc,marissa_pelly
niclawc,empire.asia
niclawc,mm.millmilk
niclawc,thatchiksteph
niclawc,juksy_mag
niclawc,gqtaiwan
niclawc,nancykwai
niclawc,taipeifleamarket
niclawc,ruby.cherry.rose
niclawc,lyricalemonade
niclawc,spotifypodcasts
niclawc,yara_nahas
niclawc,sportyandrich
niclawc,louisvuitton
niclawc,ninachuba
niclawc,fckthatsdelicious
niclawc,glennmartens
niclawc,hundi___
niclawc,be_annna
niclawc,keez_ie
niclawc,timemachinevintage
niclawc,sacha_ink1
niclawc,coileray
niclawc,kobewch
niclawc,everylastsecond
niclawc,super73
niclawc,cavone1
niclawc,maggiechowcm
niclawc,kenneviaphotography
niclawc,be4nju
niclawc,kofeflowers
niclawc,juicestore
niclawc,spotifyforcreators
niclawc,elainewailing
niclawc,felix_nlm69
niclawc,mesudayuma
niclawc,katherinehosw
niclawc,neoboyyy
niclawc,kerrytachau
niclawc,zma.lau
niclawc,__post__up
niclawc,inagakinana
niclawc,clawlau
niclawc,carchancar
niclawc,fred_die
niclawc,gaugaugaupage
niclawc,pmantang
niclawc,edith.pong
niclawc,emicoyoco
niclawc,glisten_cosmetics
niclawc,somethingwongwithalex
niclawc,thegr8jess
niclawc,bravaiscrystal
niclawc,yidiartgallery
niclawc,muddydirtywater
niclawc,deer.delilah
niclawc,cahau
niclawc,roxwai
niclawc,jun.makita
niclawc,than.ie
niclawc,ohpri_____
niclawc,hannah.pischedda
niclawc,kimono_mom
niclawc,wendy_wu05
niclawc,greytonemusic
niclawc,cheriii.l
niclawc,lil_volcano
niclawc,blink_by_us
niclawc,kasumi.kouga
niclawc,en.shu_
niclawc,cecilia_pakchi_cheung
niclawc,tsun_kit
niclawc,by_wavyboys
niclawc,samdongpen
niclawc,sickingof
niclawc,lilyachty
niclawc,guillaumepichois
niclawc,cut
niclawc,samsonjrcdg
niclawc,colleenmcyu
niclawc,goodkidbadstudent
niclawc,junelee_uknow
niclawc,miggichi
niclawc,allansmeira
niclawc,wadism
niclawc,blondyoda
niclawc,yoshirotten
niclawc,niicolelaw
niclawc,angelica_cheung
niclawc,eisweinwong
niclawc,yuyuzhangzou
niclawc,miakong999
niclawc,jumbo_jiang
niclawc,ryanputrant0
niclawc,cakeshopseoul
niclawc,casetify_hk
niclawc,chloe.n.g_
niclawc,mirannnnnnni
niclawc,alexmalism
niclawc,jamestmorley
niclawc,raexlaw
niclawc,simihaze
niclawc,edwardjohnsebastian
niclawc,themcheung
niclawc,awtler
niclawc,thomaebrenners
niclawc,hwimmm
niclawc,mschf
niclawc,tariqcherif
niclawc,voguemagazine
niclawc,nessabarrett
niclawc,raye
niclawc,eye___opening
niclawc,esdras8a
niclawc,tiffanyandco
niclawc,wingshya
niclawc,deejayono
niclawc,djaybuddah
niclawc,shuiwong
niclawc,heisanhung
niclawc,2ectohandle
niclawc,zzzac_
niclawc,hunterschafer
niclawc,dayatheyehhh
niclawc,esteloong
niclawc,foxla.c
niclawc,cherrymuii
niclawc,tiab97s
niclawc,chonkkdud
niclawc,nardwuar
niclawc,hagangan
niclawc,sid22___
niclawc,simba.is.goldenshaded
niclawc,deanbryce
niclawc,djcza
niclawc,gentlemonster
niclawc,ching_monbiella_mon
niclawc,kae.linh
niclawc,loooveca
niclawc,yuki_tsang
niclawc,frank_garcon
niclawc,kaliuchis
niclawc,pradaa.official
niclawc,andrewngo23
niclawc,ifiily
niclawc,wilson.chowchunkit
niclawc,jojowhosoldtheworld
niclawc,soldtheworlds
niclawc,yungraja
niclawc,alyphland
niclawc,corywrightphoto
niclawc,midogtn
niclawc,theslumpgod
niclawc,kenyanarmitage
niclawc,nickiminaj
niclawc,fionamcl
niclawc,therubirose
niclawc,hooshgtn
niclawc,secret_signals
niclawc,spacejamthepilot
niclawc,asapferg
niclawc,missranie
niclawc,handz1987
niclawc,taekosaito
niclawc,sorry_wavy
niclawc,habush.jp
niclawc,bensonviews
niclawc,ppppsir
niclawc,offsetyrn
niclawc,nakedbibi
niclawc,verbal_ambush
niclawc,thatsnail_studio
niclawc,donaldglover
niclawc,wailoke__
niclawc,bbrightvc
niclawc,brendandunne
niclawc,ogbobbywarner
niclawc,socialwatch_club
niclawc,rawemotions_official
niclawc,kaytramine
niclawc,ho.is.hope
niclawc,_.ml_.ml_.ml
niclawc,kcku
niclawc,leewingyiu
niclawc,grey_waters
niclawc,stuff.yea
niclawc,fuckingbrian_
niclawc,paulithepsm
niclawc,thecobacola
niclawc,shootingwhy
niclawc,alanchan127
niclawc,sowandtailor
niclawc,chaimingjai
niclawc,n.o.r
niclawc,beeflauys
niclawc,bing0606
niclawc,roar28
niclawc,boms_boming_here
niclawc,jaedenpodcaster
niclawc,fionatam1
niclawc,librarymindset
niclawc,evie_youmetheworldx_carice
niclawc,colorpang
niclawc,splashmanlv
niclawc,mrstarcity
niclawc,pipilotti_rist_studio
niclawc,li.wutelse
niclawc,virginelkm
niclawc,sukixx
niclawc,tsenicola
niclawc,sangmit_st
niclawc,e_for_edmond
niclawc,dddlwin
niclawc,yo.htyo
niclawc,wwgladys
niclawc,paulowallo
niclawc,michael_lamjc
niclawc,angela_goh
niclawc,oii_iio_oii
niclawc,humothy
niclawc,s2._____________
niclawc,jennaortega
niclawc,trevornoah
niclawc,scienceism
niclawc,emptygallery.hk
niclawc,shuna3faith
niclawc,dylanhing
niclawc,emilyoberg
niclawc,rowisingh
niclawc,song10.hk
niclawc,rattt_raceee
niclawc,bubblewave1
niclawc,carteltoys
niclawc,laiyingdesu
niclawc,squid.licker
niclawc,nas__an
niclawc,peternguyen
niclawc,sambypen
niclawc,newave.club
niclawc,aka.apekay
niclawc,simkycheung
niclawc,rza
niclawc,altmc_____
niclawc,mylesinthesky
niclawc,venusyan
niclawc,miki.by.miki
niclawc,6lack
niclawc,vascometais
niclawc,danielarsham
niclawc,tatlerhongkong
niclawc,fuckjerry
niclawc,viceasia
niclawc,officemagazinenyc
niclawc,meprajwal
niclawc,mikebotha7
niclawc,flamin_amy
niclawc,mthroc
niclawc,jasonyaoyaoyao
niclawc,parklife_festival
niclawc,hypebeastuk
niclawc,futuremoodstudios
niclawc,tessjavu.c
niclawc,reelsnob
niclawc,rice.hk
niclawc,alpacaaaaaaaa
niclawc,aidangalassetti
niclawc,mimikatx
niclawc,keem
niclawc,wutangclan
niclawc,karyphoto
niclawc,feicien.feng
niclawc,_leslielez__
niclawc,sacaiofficial
niclawc,cole
niclawc,balmingtiger
niclawc,b.hov
niclawc,youngqueenz
niclawc,kingjames
niclawc,saltyegg
niclawc,artbasel
niclawc,phoeberighteye
niclawc,heath_hk
niclawc,taylahelaine
niclawc,_rwhk_
niclawc,ohcomeon_nikita
niclawc,xgofficial
niclawc,_mr_koo_
niclawc,tongkillyou
niclawc,charmainenyw
niclawc,hirokimuraoka
niclawc,artsy
niclawc,salehebembury
niclawc,saint.roze
niclawc,stephenchow
niclawc,james_component
niclawc,themagusproject
niclawc,jeanpaulgaultier
niclawc,worstskater
niclawc,tate.archive
niclawc,colebennett
niclawc,jameskhan17
niclawc,miakhalifa
niclawc,ariesarise
niclawc,eggding_wedding
niclawc,rono.non
niclawc,_novak_tea
niclawc,rebekck
niclawc,duchessontheroad
niclawc,demi_kimee
niclawc,shawnstussy
niclawc,salon10hk
niclawc,ali.cia.chn
niclawc,trnlanvy
niclawc,aota.asia
niclawc,patwenko
niclawc,futuradosmil
niclawc,sklamallrightsreserved
niclawc,1angkukueh
niclawc,benwhyyou
niclawc,johnnietay0911
niclawc,r3bellia
niclawc,noir.tatts
niclawc,shiggashay
niclawc,aiadriano
niclawc,feedthedragon_
niclawc,djhealthy
niclawc,gso
niclawc,mtrboomin
niclawc,dianaboier
niclawc,christinapaik
niclawc,cehryl
niclawc,benny_is_han
niclawc,social.nerd.co
niclawc,j0ycekan
niclawc,e.z.snaps
niclawc,fineprint.hk
niclawc,lucienclarke
niclawc,i9vanchan
niclawc,humanrace
niclawc,itsjustnicolette
niclawc,earnchen
niclawc,kilacheung_art
niclawc,newjeans_official
niclawc,kpee
niclawc,m4gang_official
niclawc,liluzivert
niclawc,natalia_maczek
niclawc,zanelowe
niclawc,tom___bray
niclawc,ganjitaandco
niclawc,nickoletsgo
niclawc,lelecheung_
niclawc,edwhyyou
niclawc,exactly.the.sam
niclawc,windytsoiii
niclawc,viviennewestwood
niclawc,brettcrawfordinc
niclawc,harakakohk
niclawc,skepta
niclawc,kentish82
niclawc,kingwun
niclawc,shopatyears
niclawc,jydoggie
niclawc,shannenbuxani
niclawc,stetica_3d
niclawc,justinbieber
niclawc,dillonkuniyoshi
niclawc,jahan_
niclawc,dj.fergus
niclawc,ms.paint.album.covers
niclawc,lennatmak
niclawc,leomessi
niclawc,ai.clothingmedia
niclawc,nelis_vansia
niclawc,1chichan
niclawc,sirberwick
niclawc,sophia.ifbbpro
niclawc,ubbyibby
niclawc,pantheracats
niclawc,gr8boihere
niclawc,tinnic_
niclawc,akasounds
niclawc,edrolston
niclawc,kasinglung
niclawc,michelleyeoh_official
niclawc,asocietyofficial
niclawc,gudiii
niclawc,leeyatding
niclawc,travisgoood
niclawc,billy._.choi
niclawc,eastcity_
niclawc,g_styles_852
niclawc,djkeepintouch
niclawc,lai_kei
niclawc,bebemaklm
niclawc,novel.flash
niclawc,gabriele_g
niclawc,rose_wanna_sleep
niclawc,heatherwarning
niclawc,annie8five2
niclawc,adriancheng
niclawc,radvxz
niclawc,maddymakk
niclawc,nix.w
niclawc,pixwnix
niclawc,goodboybadart
niclawc,fx_scha
niclawc,69.chui
niclawc,rosalia.vt
niclawc,metroboomin
niclawc,kristiefann
niclawc,maggiechao
niclawc,briankkwan
niclawc,wc_johnny
niclawc,liyoeo
niclawc,chaotic.pavilion
niclawc,alexnude
niclawc,magicroom.hk
niclawc,shifumiz
niclawc,justinlimcx
niclawc,jody_187
niclawc,chamberlaincoffee
niclawc,danielleozil
niclawc,debbby
niclawc,warnermusichk
niclawc,stevenwang_official
niclawc,easternmargins
niclawc,cherry_coke_zero
niclawc,iworklikeadog
niclawc,wootwootvisual
niclawc,siu_car
niclawc,natashalexis_
niclawc,vashtie
niclawc,__.delf
niclawc,banksy
niclawc,alvinajng
niclawc,phat24herbs
niclawc,hanleychu
niclawc,no7
niclawc,tammyau_makeup
niclawc,lamdee
niclawc,natasha_3lee
niclawc,luisperezdop
niclawc,on9eatword
niclawc,crystalpurple
niclawc,yorickho
niclawc,zitaccy
niclawc,burnaboygram
niclawc,clockenflap
niclawc,jc_zing
niclawc,demzoart
niclawc,rollingloud.th
niclawc,anythinggoes
niclawc,emmachamberlain
niclawc,therealvannda
niclawc,sushitrash
niclawc,gemmmmmmmmmaa
niclawc,inggradwantmagic
niclawc,jeanbaptiste_soulliat
niclawc,tough_crybaby
niclawc,erickotofficial
niclawc,nprmusic
niclawc,kingmiyachi
niclawc,feltatelier
niclawc,bad__yoyo
niclawc,gwencxco
niclawc,icespice
niclawc,cactusplantfleamarket
niclawc,gwenco.co
niclawc,venustst
niclawc,itsveert
niclawc,innim
niclawc,audreyongy
niclawc,xxthaodan
niclawc,sapphirerunway
niclawc,sooperstaryilin
niclawc,21savage
niclawc,kara__chung
niclawc,deonasaurus
niclawc,poke_ahontas
niclawc,okicl
niclawc,freedomgum
niclawc,streetartglobe
niclawc,annakoblish
niclawc,perfect_angelgirl
niclawc,jinsolwoo
niclawc,oliviaxiaolin
niclawc,archives.nia
niclawc,damianlillard
niclawc,offtrack.sg
niclawc,absolutkenny
niclawc,karengalloway
niclawc,wingstso
niclawc,jidsv
niclawc,silverstrike_13
niclawc,tommygrooves
niclawc,gregitooo
niclawc,ron.nie55
niclawc,joopiterofficial
niclawc,wrongkonger
niclawc,alexiarautter
niclawc,dmgmusicofficial
niclawc,woawgallery
niclawc,artgrove
niclawc,sthosay
niclawc,fabriclondonofficial
niclawc,thatdilettante
niclawc,hypebeaststyle
niclawc,bape_us
niclawc,takashipom
niclawc,kaws
niclawc,carlostello.io
niclawc,themuseumofmodernart
niclawc,blonded
niclawc,balenciaga
niclawc,reignjudge
niclawc,loriharvey
niclawc,malikzainali
niclawc,kwunlokchan
niclawc,regina.makeup.arena
niclawc,sapphireketchup
niclawc,tlris
niclawc,gideondk1
niclawc,yolobuttrill
niclawc,romesinhere
niclawc,parano0dle
niclawc,ian.cuiyi
niclawc,lukdapoet
niclawc,ur2slow_isa
niclawc,brentfaiyaz
niclawc,aleberaco
niclawc,jfungmusic
niclawc,coperni
niclawc,edgaresteves
niclawc,cococoralcorona
niclawc,final_taipei
niclawc,yoon_ambush
niclawc,eastwindgoodfortune
niclawc,ohtnyc
niclawc,rollingloud
niclawc,andreakcurtis
niclawc,pingpong129
niclawc,shannnenkyle
niclawc,chiaradugo99
niclawc,clot
niclawc,milkyleeman
niclawc,shabisou
niclawc,kayan9896
niclawc,rolan.tattooer
niclawc,watashiwanoodle
niclawc,ourgenerationmusic
niclawc,ines.fung
niclawc,yyl626
niclawc,jiggie_boy
niclawc,halftalkyan
niclawc,tedmanleee
niclawc,bengal.banter
niclawc,ameliadimz
niclawc,thedorothylau
niclawc,mplusmuseum
niclawc,wgsn
niclawc,kellymaddieluk
niclawc,__juan_juan__
niclawc,edisonchen
niclawc,nebublikk
niclawc,juntsang
niclawc,kiddsph
niclawc,crue.hk
niclawc,future
niclawc,leungjulian
niclawc,ming_apex
niclawc,jdacz
niclawc,rine.cortez
niclawc,whoabanana
niclawc,vivvvvvvvvvvvvvvvvv
niclawc,siinlui
niclawc,oceanarucci
niclawc,ajtracey
niclawc,21kwanmoon
niclawc,skv7
niclawc,aaronfdesign
niclawc,abyss.852
niclawc,darkmetaz
niclawc,triplehappinessclub
niclawc,lalalalisa_m
niclawc,misscarriebebe
niclawc,offgod.tate
niclawc,lilithnoah
niclawc,felipepantone
niclawc,trialanderror924
niclawc,official_huiyin
niclawc,official_sochiho
niclawc,applemusic
niclawc,jorjasmith_
niclawc,conductauk
niclawc,beckalyfranks
niclawc,ri.mon
niclawc,juliejjun
niclawc,shizukajasmin
niclawc,littlesimz
niclawc,veeeeeeeeeehk
niclawc,robynvzr
niclawc,heavyhongkong
niclawc,hotones
niclawc,brckhmptn
niclawc,novelfergus
niclawc,daishin___927
niclawc,sowhat_are
niclawc,yackstudiohk
niclawc,rosepophalf
niclawc,liveysnothome
niclawc,omniagency.asia
niclawc,waratong_
niclawc,nightlittlefox
niclawc,_rvzr
niclawc,phoebelefthand
niclawc,harrietlam
niclawc,shanda_dj
niclawc,badass_sab
niclawc,sassyhongkong
niclawc,verdy
niclawc,bakumae
niclawc,firstwefeast
niclawc,pigsandplans
niclawc,seanseaevans
niclawc,jlp
niclawc,neweryork
niclawc,anunknownbutterfly
niclawc,lykkeli
niclawc,irisloveunicorns
niclawc,sihirpenyihir
niclawc,jtdilettante
niclawc,petticoatlanehk
niclawc,dprian
niclawc,veneti.a
niclawc,tysonyoshi
niclawc,wackomaria_guiltyparties
niclawc,baycman
niclawc,bcohsemaj
niclawc,azconjee
niclawc,qzzhang
niclawc,sandrangky
niclawc,jimyan
niclawc,donaldtong
niclawc,mattforce21
niclawc,mostlyharmlessbar
niclawc,lepidoptoria
niclawc,novelfriday
niclawc,getredressed
niclawc,lifestyleasiahk
niclawc,nikizefanya
niclawc,69ranch
niclawc,shishi.san
niclawc,boilerroomtv
niclawc,issa_rusty
niclawc,fredagainagainagainagainagain
niclawc,aglkbpm
niclawc,muvahsa
niclawc,tigaroc__
niclawc,manjidungwahlong
niclawc,kimberly_cheer
niclawc,pinkpantheress
niclawc,kaylaiw
niclawc,muthapuaka
niclawc,queenkongroar
niclawc,zsazsa_who
niclawc,mainlyentrepreneur
niclawc,marvelstudios
niclawc,midoriillusion
niclawc,macmiller
niclawc,alareiks
niclawc,centralcee
niclawc,riccardotisci17
niclawc,zeyaanah
niclawc,cactusjack
niclawc,molotow_hk
niclawc,gem0816
niclawc,kiri_thy
niclawc,djanguswong
niclawc,moxeb
niclawc,oslawsk.jpg
niclawc,priyaraguofficial
niclawc,mattchung
niclawc,samgellaitry
niclawc,boskiboskiboski
niclawc,leftythegriff
niclawc,somewherexnowhere
niclawc,palaceskateboards
niclawc,thur.thur.thur
niclawc,pitarau
niclawc,irisashannon
niclawc,tma1023
niclawc,streetsnap.portrait
niclawc,jan1nei4w_
niclawc,ash0.6
niclawc,jayy.ma
niclawc,i_am_illuu
niclawc,hilaryxtsui
niclawc,kaleidolacy
niclawc,nately
niclawc,wesleyjamison_
niclawc,6yanho
niclawc,kho.cm
niclawc,sinceref
niclawc,zoyi.lokyi
niclawc,karmatattoonpiercing
niclawc,fentyskin
niclawc,thomasalanng
niclawc,hypebeasthk
niclawc,jadedldn
niclawc,leoconstantine
niclawc,oliver_mee
niclawc,lokjai
niclawc,alicialk
niclawc,josychanls
niclawc,chriseldatan
niclawc,thesatishkandal
niclawc,nokiamansion
niclawc,gorillaz
niclawc,thefujyut
niclawc,kofibeam.music
niclawc,artificial__dust
niclawc,joanemo
niclawc,byejackk
niclawc,bao.bao.lam
niclawc,riconasty
niclawc,domz
niclawc,roddyricch
niclawc,chansinyan
niclawc,fentybeauty
niclawc,tatemcrae
niclawc,jacquemus
niclawc,sirjoancornella
niclawc,hayden.wch
niclawc,franks.music.hk
niclawc,stephaniechoy
niclawc,bretmanrock
niclawc,jbs8five2
niclawc,nnnoise_
niclawc,utahlee
niclawc,erinyan0418
niclawc,golow.exe
niclawc,panter13_ink
niclawc,fuwa.wav
niclawc,chrisss12_tattoo
niclawc,cultkeyhongkong
niclawc,mikelowingchun
niclawc,kendricklamar
niclawc,canyaon
niclawc,bee.rollfilm
niclawc,kalaiyuu
niclawc,jiujiedecor
niclawc,phumviphurit
niclawc,justmelines
niclawc,pickyjournalist
niclawc,zarefkhan_
niclawc,maisyma1999
niclawc,biancahabana
niclawc,fukurou_station
niclawc,youthgrillzworldwide
niclawc,shibani
niclawc,dojacat
niclawc,lyon_shorttail
niclawc,davidshrigley
niclawc,gu.lin.lin
niclawc,xanderpale
niclawc,omar.apollo
niclawc,_callmesydney_
niclawc,liltobyy666
niclawc,heidihaha
niclawc,pookleecallkie_
niclawc,ngantonioni
niclawc,celmatique
niclawc,ambush_official
niclawc,alyxstudio
niclawc,tobieornotobie
niclawc,chunchai
niclawc,hleung13
niclawc,lulubepbep
niclawc,jusinktattoo
niclawc,xander.cutz
niclawc,_hoooooray
niclawc,isthattoby666
niclawc,rivawrites
niclawc,warrenhue
niclawc,yalocaloffgod
niclawc,ios.human
niclawc,lauwinglamm
niclawc,romanndedicated
niclawc,pharrell
niclawc,_nyyt
niclawc,bagel_from_pan
niclawc,issa_adamc
niclawc,anaismak_
niclawc,valentinaploy
niclawc,complexstyle
niclawc,ssean_lll
niclawc,gluestickent
niclawc,mlletendre
niclawc,nhysari
niclawc,mindillm
niclawc,newbottega
niclawc,bryan_lsy
niclawc,wildstylerecords
niclawc,dominicfike
niclawc,gyyps
niclawc,alexademie
niclawc,jennierubyjane
niclawc,labrinth
niclawc,burberry
niclawc,bia
niclawc,misbhv
niclawc,szesze2015
niclawc,bbvdoll
niclawc,aniphoebe
niclawc,mitsukokubota
niclawc,bby.diwata
niclawc,shirleyhiranand
niclawc,asaprocky
niclawc,kidcudi
niclawc,haromi
niclawc,raveena_aurora
niclawc,vincestaples
niclawc,hbxhongkong
niclawc,nigo
niclawc,tash_lovehairhk
niclawc,jerrylorenzo
niclawc,complexmusic
niclawc,hellomardy
niclawc,kimkardashian
niclawc,theestallion
niclawc,hermusicofficial
niclawc,parentsparents
niclawc,annieleibovitz
niclawc,bbtinglwt
niclawc,gucci
niclawc,halftalk
niclawc,jakeaaronmorton
niclawc,savagexfenty
niclawc,kee.lkh
niclawc,jessierita
niclawc,therealmikestewart
niclawc,denny_bo_le
niclawc,mmmorganxz
niclawc,pascalsnelling
niclawc,moonstyles_
niclawc,88rising
niclawc,fiercestudio
niclawc,awich098
niclawc,the_dan_dada
niclawc,aplanting
niclawc,adri_currently_offline_zfdgabh
niclawc,chenyuen1314
niclawc,tze.long
niclawc,irenellau
niclawc,oshosdaughter
niclawc,jerryhahaa
niclawc,madamoonchild
niclawc,fkatwigs
niclawc,_coleharper
niclawc,cheungtzewai
niclawc,kehlani
niclawc,dearjanejackal
niclawc,yyongying
niclawc,leejung_lee
niclawc,captainkeyz
niclawc,suyonis
niclawc,lefleur
niclawc,_marifemarife_
niclawc,forceparkbois
niclawc,kmcflat
niclawc,rachyssa
niclawc,pinky_poonsuklai
niclawc,j__auyeung
niclawc,nathancornish_
niclawc,robinchi
niclawc,still_woozy
niclawc,gamorrison
niclawc,gracelandmk
niclawc,eleanorchau
niclawc,omacke
niclawc,leahputn4m
niclawc,mmeeofficialmusic
niclawc,justbeehk
niclawc,jboescobar
niclawc,soulfulvoicess
niclawc,synthetica.a.i
niclawc,matthewmee
niclawc,ollierodgers1
niclawc,chaucharliechau
niclawc,christywtw
niclawc,soapmanwun
niclawc,likew1se
niclawc,muggatu
niclawc,shivjjwala
niclawc,natashamariaw
niclawc,smileywor1d
niclawc,meangurlsclub
niclawc,badtimesdisco
niclawc,8lack_tattoo
niclawc,claireishuman
niclawc,southcantonsoultrain
niclawc,murphycheung
niclawc,souljaboy
niclawc,y2k_hk
niclawc,baggyboyfilm
niclawc,jochiu509
niclawc,stxph.h
niclawc,joce.____
niclawc,iamsowing
niclawc,_____3___5
niclawc,moksquare
niclawc,silvypavida
niclawc,ruthjanss
niclawc,petebritos
niclawc,0bsrvr0n3
niclawc,youngsoygallery
niclawc,anthony.wsy
niclawc,littlejlovediving
niclawc,secret.london
niclawc,_prodig_
niclawc,hoooooyeony
niclawc,dangerousdavejohn
niclawc,_giafu
niclawc,iamcardib
niclawc,immunohknz
niclawc,adele
niclawc,windywildly
niclawc,the.simpsons.siblings
niclawc,simonmillerusa
niclawc,isaiahrashad
niclawc,dontoliver
niclawc,wendyswokworld
niclawc,posterjournal
niclawc,sohohousememes
niclawc,stephdshaw
niclawc,domgerardgill
niclawc,gelatomessinahk
niclawc,yeahvee
niclawc,issa_beans
niclawc,danicesoriano
niclawc,arthur.bray
niclawc,thequalitygoodsclub
niclawc,warnergochan
niclawc,kimshuistudio
niclawc,kendalljenner
niclawc,beyonce
niclawc,sakshiog
niclawc,tszwahchim
niclawc,amiamalissa
niclawc,islawilson
niclawc,deidaraanissa
niclawc,luke.leader
niclawc,charli_xcx
niclawc,champagnepapi
niclawc,pleromac
niclawc,angelfromabove.hk
niclawc,junyachoi
niclawc,a.mimasu
niclawc,tionwayne
niclawc,alexanderwangny
niclawc,kyliejenner
niclawc,ambergilmore55
niclawc,alealimay
niclawc,crete__co
niclawc,fatasslovesfood
niclawc,jumpman23
niclawc,theeditldn
niclawc,travisscott
niclawc,kristen_lcf
niclawc,homer
niclawc,keiganlee
niclawc,lizzobeeating
niclawc,amine
niclawc,cart3r_ng
niclawc,goat
niclawc,_cjvillanuevax
niclawc,vvvvnho
niclawc,telfarglobal
niclawc,naomiosaka
niclawc,8shinsta8
niclawc,chungsaid
niclawc,zamarvelez
niclawc,homeng77
niclawc,gerald_ang
niclawc,justbrayden
niclawc,ye
niclawc,julian_l
niclawc,pia.ric
niclawc,bof
niclawc,daddyeddy
niclawc,mtymad
niclawc,fatboyzine
niclawc,riyachandiramani
niclawc,thevenuscheung
niclawc,complex
niclawc,theraggedpriest
niclawc,effybabington
niclawc,abc.dora
niclawc,petramgreening
niclawc,annieyhm
niclawc,shayannechang
niclawc,aaronanthonytattoo
niclawc,crystalchau2
niclawc,shivigoenka
niclawc,sauce.hkg
niclawc,sallyssneakers
niclawc,saweetie
niclawc,meanven
niclawc,zendaya
niclawc,ramengvrl
niclawc,yeojol
niclawc,marcheng
niclawc,boeaerika
niclawc,justice_kawuma
niclawc,ronnyychung
niclawc,judetsang
niclawc,janice_vidal
niclawc,jillvidal
niclawc,meannbike
niclawc,yi.c.k
niclawc,carmlkm
niclawc,andychiu
niclawc,sheisjoya
niclawc,djfu1
niclawc,theparadisealley
niclawc,cordae
niclawc,wildwildwes
niclawc,hazimfaiz1
niclawc,sohohouse
niclawc,golfwang
niclawc,ofwgkta
niclawc,thedaipaidon
niclawc,tashmaenewman
niclawc,sagethe0thergemini
niclawc,danielmurraystudio
niclawc,jdembski
niclawc,hellohonne
niclawc,karenckarenc
niclawc,wongkailan
niclawc,astoldbyher
niclawc,belowground.hk
niclawc,hypetrak
niclawc,susierizacapon
niclawc,rap
niclawc,carnebollente
niclawc,trumanoshow
niclawc,i_m_balldavy
niclawc,spacbar_
niclawc,chrisw.97
niclawc,lisanlah
niclawc,terencelam0903
niclawc,henryl606
niclawc,huichongkee
niclawc,auntjunes
niclawc,younghysan
niclawc,doughboybeatsyou
niclawc,fotanlaiki
niclawc,djmengzy
niclawc,joesnotdead
niclawc,dbhl__
niclawc,vvnhoho
niclawc,bourkes.hk
niclawc,fmbelowground
niclawc,fuckyeahnoms
niclawc,originalrose
niclawc,ogilvy
niclawc,farfetch
niclawc,the_bomber_barber
niclawc,nobilemario
niclawc,wiffygriffy
niclawc,peteryuill
niclawc,constantliltraveller
niclawc,yeekiitattoo
niclawc,was
niclawc,taytay_xx
niclawc,emerson_steinberg
niclawc,prada
niclawc,anderson._paak
niclawc,justgennady
niclawc,apr_ily
niclawc,sidrakwok
niclawc,mixmagasia
niclawc,sarahismails
niclawc,lindsayjang
niclawc,oldpal
niclawc,cogey
niclawc,nickvarg
niclawc,victoria.hk
niclawc,bauhiniaxblack
niclawc,louisabezza
niclawc,clzlyeonsoo
niclawc,nghokyee
niclawc,anglechiu
niclawc,gareth_tong
niclawc,adamstarrgram
niclawc,nicholascheung
niclawc,oliverchy
niclawc,onlypyra
niclawc,diet_prada
niclawc,ahhjoan
niclawc,lianna___c
niclawc,dstouck
niclawc,hiryanpun
niclawc,yetiout
niclawc,dtby_
niclawc,dindint
niclawc,kaonaaaaaaa
niclawc,itsbrianyung
niclawc,ta_x_ka
niclawc,j8521930
niclawc,kitty.wongg
niclawc,isis.______
niclawc,charlotte_tia
niclawc,put.me.in.the.dirt
niclawc,benthehat
niclawc,beamingdesign
niclawc,artfromjapan
niclawc,tsesaipei
niclawc,adobecreativecloud
niclawc,peopleiveloved
niclawc,lucy.is.good
niclawc,bonniechanwoo
niclawc,alexkimchiii
niclawc,bunkaya_zakkaten
niclawc,yeyeweller
niclawc,streetsignhk
niclawc,patta_nl
niclawc,hillkirsten
niclawc,npcll
niclawc,coffeenow.today
niclawc,peggygoods_
niclawc,politekidney
niclawc,kelvinfokk
niclawc,zadayeung
niclawc,claudiachanhoi
niclawc,brainxeyes
niclawc,ndmccormack
niclawc,elliotisacoolguy
niclawc,elvis.paper
niclawc,jwyc__
niclawc,danieljlee
niclawc,adachchim
niclawc,rr1s.o
niclawc,wandalng
niclawc,fubiz
niclawc,moodmatters.asia
niclawc,carolkgtam
niclawc,ohbeerhk
niclawc,bodhichak
niclawc,2timesperday
niclawc,wanderlus__
niclawc,ckarina___
niclawc,years.hk
niclawc,thesimpsonsig
niclawc,thesimpsons
niclawc,rosaluna
niclawc,feliciathegoat
niclawc,najanlau
niclawc,miznegi
niclawc,egor.lyfar
niclawc,williamchan_bs
niclawc,halfwaycoffee
niclawc,itsalicewang
niclawc,foongleung
niclawc,warnermusic
niclawc,timeauction
niclawc,kcazuil
niclawc,shityoushouldcareabout
niclawc,bluesupremehk
niclawc,doughbroshk
niclawc,mrsimple2024_
niclawc,cynthia.chui
niclawc,alphachanneling
niclawc,doughboxhk
niclawc,metmuseum
niclawc,f.onleung
niclawc,lammaria
niclawc,wontonmeen_
niclawc,avisha_91
niclawc,badboi
niclawc,karmagawa
niclawc,jzap83
niclawc,by_cgm
niclawc,koreen
niclawc,earthrise.studio
niclawc,bandits_bandanas
niclawc,bandanaofthemonthclub
niclawc,cenitch
niclawc,calvinklein
niclawc,treehouse.eco
niclawc,kay.gum
niclawc,jpong2
niclawc,hipdict
niclawc,olivia.cotes.james
niclawc,naomiroestel
niclawc,surrealhk
niclawc,dualipa
niclawc,peggygou_
niclawc,awaken_healers
niclawc,baggu
niclawc,whatsinjesssteeth
niclawc,kickpunch.se
niclawc,amber_vittoria
niclawc,adobe
niclawc,designershumor
niclawc,urbanoutfittershome
niclawc,_ccccath
niclawc,gregwilliamsphotography
niclawc,yunnliu
niclawc,nytimes
niclawc,annabearcheung
niclawc,eleephante
niclawc,8fact
niclawc,chickenmanduboo
niclawc,wookiehehe
niclawc,hkmoa
niclawc,manzucci
niclawc,land
niclawc,madremezcal
niclawc,b_h_lok
niclawc,rainyl_blue
niclawc,nnartixcx
niclawc,pubity
niclawc,joeyyuen
niclawc,giuliajrosa
niclawc,wensoniatu
niclawc,cckennywong
niclawc,tanzyznat
niclawc,leontkc
niclawc,husasworld
niclawc,hj_vanburen
niclawc,gfda.co
niclawc,claytonwohc
niclawc,timit711
niclawc,karkooks
niclawc,amymariat
niclawc,boky_lainyc
niclawc,holyeatshk
niclawc,werenotreallystrangers
niclawc,byestherng
niclawc,nilscrusius
niclawc,billieeilish
niclawc,irenetiu
niclawc,accidentallywesanderson
niclawc,josieng
niclawc,graysondrake
niclawc,crystalllam
niclawc,daveryolau
niclawc,vilda.az
niclawc,mikespn_
niclawc,joviantse
niclawc,kkhh1__
niclawc,prashasti6
niclawc,ratscave_sfz
niclawc,charisyccc
niclawc,gwenjibillie
niclawc,blacksheeprestaurants
niclawc,edgafackinrito
niclawc,maximusmmc
niclawc,shirleyshammm
niclawc,instagram
niclawc,hayger.c
niclawc,thecrankycoder
niclawc,kirstenmclennan
niclawc,aannie_wu
niclawc,jordyymiles
niclawc,mawhinney22
niclawc,chanlok13
niclawc,takata0213
niclawc,wework
niclawc,socialroomhk
niclawc,circleofidiots
niclawc,jananavu
niclawc,lumps
niclawc,hawthorne
niclawc,phillipwong.co
niclawc,deepbedi
niclawc,shortfung
niclawc,miss_lala_rose
niclawc,stephyskk
niclawc,eaton.hk
niclawc,okrajewelry
niclawc,na_sail
niclawc,bimbaylola
niclawc,hugomedcalf
niclawc,thetravelone1
niclawc,terriblebaby
niclawc,ohmiiiga
niclawc,stephinitely.tengy
niclawc,amytingtong
niclawc,rtl.creations
niclawc,hamishglianos
niclawc,teresa_lum
niclawc,nikehkg
niclawc,princessbuddha3000
niclawc,thealex_g
niclawc,rianne.meijer
niclawc,summerwongg
niclawc,paull.paul16
niclawc,picihk
niclawc,chingwen945945
niclawc,_kevin_yang_
niclawc,yukiiiii0921___
niclawc,alanclee
niclawc,janet_ko
niclawc,jiwoninhongkong
niclawc,hellomsfith
niclawc,katyyin022
niclawc,deardanielbooboo
niclawc,zofi.jpg
niclawc,90sperspective
niclawc,pinktingf
niclawc,jesycawan
niclawc,mr_ber
niclawc,kearenpang
niclawc,matthew_au
niclawc,whysoblk
niclawc,sunnyaucs
niclawc,will.matters
niclawc,mihnclub
niclawc,sharikakaul
niclawc,tris10wu
niclawc,rebeccatlin
niclawc,carolmuiii
niclawc,nxxnette
niclawc,whosedotstudio
niclawc,itscovl
niclawc,kaytranada
niclawc,ricardocavolo
niclawc,torihu
niclawc,feelthefomo
niclawc,efdot
niclawc,kayperofficial
niclawc,tweetyfab
niclawc,adrianalica
niclawc,luuk_luka
niclawc,subez.yeti
niclawc,phoebephsw
niclawc,baudesign
niclawc,gdesmine
niclawc,nathan1ai
niclawc,kakakaruna
niclawc,meepquest
niclawc,jojongai
niclawc,chamani.wong
niclawc,chancindyhk
niclawc,mannyliiii
niclawc,1cekream
niclawc,leeyuetting
niclawc,jenniferchongpug
niclawc,thierrychow
niclawc,viennnne
niclawc,alliegeeezy
niclawc,janeyesbutwhy
niclawc,valentinediez
niclawc,glitter.jelly
niclawc,kathe_ho
niclawc,adage
niclawc,msfayegao
niclawc,mimitomtommimi
niclawc,peta
niclawc,nomilkshakenolife
niclawc,regzsazsa
niclawc,rivah
niclawc,angelll__chen
niclawc,anna.rromag
niclawc,xememex
niclawc,mikobborje
niclawc,mooncasket
niclawc,lousylousy
niclawc,ahoyvisualart
niclawc,lolita
niclawc,miguelmckelvey
niclawc,stefano.c.fst
niclawc,jlouofficial
niclawc,flightno.327
niclawc,thistownneeds
niclawc,fridakahlo
niclawc,hbxwm
niclawc,hxwxhxw
niclawc,dearjamesss
niclawc,rubbish_b
niclawc,jaewho
niclawc,strangerthingstv
niclawc,toiletpapermagazineofficial
niclawc,t.l.w
niclawc,jadeplai
niclawc,nike
niclawc,ginneynoa
niclawc,jynt
niclawc,cplchung
niclawc,leonlollipop
niclawc,soowailan
niclawc,lo_jackie
niclawc,lui.trash
niclawc,kooking_alex
niclawc,cocodavez
niclawc,kaylor_chauying
niclawc,invaderwashere
niclawc,hypebae
niclawc,littlethunder
niclawc,netflix
niclawc,chowciaochow
niclawc,iamsummm
niclawc,chiu_tsz_tsun
niclawc,ko______b
niclawc,tungggnut
niclawc,sandytooooo
niclawc,yikccc
niclawc,ching_29
niclawc,preston_dodson
niclawc,camillamengstrom
niclawc,waiyan_chan
niclawc,hkstreetart
niclawc,yoanaho
niclawc,jennayimlokyan
niclawc,smithccn
niclawc,bfyy
niclawc,vivienchubi
niclawc,lielaine
niclawc,kammmm_oo
niclawc,polaroid
niclawc,adweek
niclawc,tbwabackslash
niclawc,nicolitaaxo_
niclawc,harrylok
niclawc,hkwalls
niclawc,frentee
niclawc,selinacwy
niclawc,allanrayman
niclawc,gloriatanggg
niclawc,kafkakakaka
niclawc,feidoucoffee
niclawc,boundkowloon
niclawc,supremenewyork
niclawc,discoverhongkong
niclawc,drmartensofficial
niclawc,medelifecrisis
niclawc,woketina
niclawc,asatpulat
niclawc,gpsix
niclawc,mieny611k
niclawc,nasa
niclawc,beautifuldestinations
niclawc,bobotany
niclawc,tbruno10
niclawc,m.pushkarev
niclawc,kiravaya
niclawc,pp.rk
niclawc,ppompoko
niclawc,lmile_
niclawc,liwan_____
niclawc,blacksugar_coffee_hk
niclawc,lilydaiii
niclawc,jacechw
niclawc,snapbyjvn
niclawc,amcyy_
niclawc,dd.pan
niclawc,issatiina
niclawc,shyparrot
niclawc,rxckh
niclawc,justinxx
niclawc,streetartnews
niclawc,worldwidewalls
niclawc,elinbsvensson
niclawc,malinvh
niclawc,kelseycks
niclawc,chummyhui
niclawc,weronicaa_
niclawc,barackobama
niclawc,cck_k
niclawc,pantone
niclawc,alliekhat
niclawc,mumsnothome
niclawc,__ansta__
niclawc,im.lkf
niclawc,urbancoffeeroaster
niclawc,sandrabellamine
niclawc,barto_silaf
niclawc,piawehling
niclawc,zoezoesoso
niclawc,_chanpuipui
niclawc,stern_rockwell
niclawc,meganlwl
niclawc,kinghei
niclawc,teeth.mavis
niclawc,ivvysunn
niclawc,ffejc
niclawc,melodyyuen_
niclawc,tinyee_n
niclawc,thegoodquote
niclawc,badgalriri
niclawc,khara.yu
niclawc,tonghoiman
niclawc,colettenotnot
niclawc,jacobzzz41
niclawc,9gag
niclawc,karenwsm
niclawc,annchih
niclawc,vinvincent
niclawc,vani.kacha
niclawc,loisfung
niclawc,iriskwokyy
niclawc,urbanoutfitters
niclawc,manwalo
niclawc,elainexchang
niclawc,evelui
niclawc,lokyiu
niclawc,reginecwc
niclawc,shatinpomelo
niclawc,fiwong_
niclawc,chenchenchenchen0311
niclawc,chankakaaaa
niclawc,monki
niclawc,stussy
niclawc,elephantgrounds
niclawc,rebeccatamhy
niclawc,kylettc
niclawc,hypebeast
niclawc,ziliao_joy
niclawc,happydayan1
niclawc,candicetangkw
niclawc,tinawzq
niclawc,fishoooball
niclawc,jane.tangg
niclawc,_yanyanchan
niclawc,815a.m
niclawc,wongchisum
niclawc,fon.aries
niclawc,makaa0325
niclawc,adelie_mhw
niclawc,kankitman
niclawc,ttwxyz
niclawc,keikei73l
niclawc,linyikhei
niclawc,pansylam10
niclawc,jwongjanny
niclawc,ahchingz
niclawc,csk_alison
niclawc,jessess
niclawc,lclcynthia
niclawc,stephenmalbon
niclawc,tunestty
niclawc,laiyiului
niclawc,katyc706
niclawc,mildredhui
niclawc,eleelizw
niclawc,vivian.still.life
niclawc,thomasthchan
niclawc,siuchunhin
niclawc,ngyeewing
niclawc,jannahvelma
niclawc,moniqueng
niclawc,kaheilam
niclawc,yaukally
niclawc,gigiicheung
niclawc,tifffyu
niclawc,joeythelam
niclawc,onhoiching
niclawc,winayeung
niclawc,pearlykwong
niclawc,jessssicatang
niclawc,sabrinasa
niclawc,kayyiu
