outcastsfromthe853,jwomusic
outcastsfromthe853,aliwong
outcastsfromthe853,echoechowu
outcastsfromthe853,chelseasik
outcastsfromthe853,interiorchinatownhulu
outcastsfromthe853,okosasports
outcastsfromthe853,that.hk.pinup
outcastsfromthe853,nikls.hl
outcastsfromthe853,jessyhennessy
outcastsfromthe853,maviiis93
outcastsfromthe853,yamphoto
outcastsfromthe853,sou.good
outcastsfromthe853,real_tiff
outcastsfromthe853,cheukwanchi
outcastsfromthe853,zero_jai
outcastsfromthe853,ourlittlemando
outcastsfromthe853,annawhatscooking
outcastsfromthe853,chachatangnyc
outcastsfromthe853,kayjaiiii
outcastsfromthe853,yaokuo
outcastsfromthe853,turismo_de_macau
outcastsfromthe853,salielei
outcastsfromthe853,ashley_ellabel
outcastsfromthe853,jamessitou_
outcastsfromthe853,instacart
outcastsfromthe853,awkwafina
outcastsfromthe853,donniewong72.0
outcastsfromthe853,itsthepeacocks
outcastsfromthe853,cavin_creations
outcastsfromthe853,lesliiekwan
outcastsfromthe853,feelgoodlabpod
outcastsfromthe853,suuhleena
outcastsfromthe853,fruitypoppin
outcastsfromthe853,iamlefil
outcastsfromthe853,thespanishacademy
outcastsfromthe853,imdavidwong
outcastsfromthe853,menminmade
outcastsfromthe853,asianandloud
outcastsfromthe853,ilikefishballs
outcastsfromthe853,matrixibanez
outcastsfromthe853,jeccachantilly
outcastsfromthe853,mikekim
outcastsfromthe853,speakoftheangel
outcastsfromthe853,joejitsukawa
outcastsfromthe853,justkiddingnews
outcastsfromthe853,lyanna_kea
outcastsfromthe853,dandumbrell
outcastsfromthe853,netflixisajoke
outcastsfromthe853,netflix
outcastsfromthe853,thatfoodiejess
outcastsfromthe853,adamizzy
outcastsfromthe853,funwithdumb
outcastsfromthe853,mixme_mocktails
outcastsfromthe853,cloegivelin
outcastsfromthe853,xoxoannakwan
outcastsfromthe853,onwaverly
outcastsfromthe853,aquabestnyc
outcastsfromthe853,raexlaw
outcastsfromthe853,ayto.photo
outcastsfromthe853,manuelaaa0907
outcastsfromthe853,dillonjevans
outcastsfromthe853,peccapeccapecca
outcastsfromthe853,banhbylauren
outcastsfromthe853,barbleung
outcastsfromthe853,lilyiann
outcastsfromthe853,yunhaishop
outcastsfromthe853,propertyshots360
outcastsfromthe853,maxi1228
outcastsfromthe853,tien.camille
outcastsfromthe853,lblossomfoxl
outcastsfromthe853,jwhaley2040
outcastsfromthe853,wilsonlee_visuals
outcastsfromthe853,itslittlerivy
outcastsfromthe853,melissahuangwei
outcastsfromthe853,piawurtzbach
outcastsfromthe853,soul.munchie_
outcastsfromthe853,pearlrivermartfoods
outcastsfromthe853,vivian_but
outcastsfromthe853,kikifunnymama
outcastsfromthe853,tedmannn
outcastsfromthe853,callme.veii
outcastsfromthe853,chanjason_
outcastsfromthe853,miiasoey
outcastsfromthe853,velvetturtleevents
outcastsfromthe853,itsceliaau
outcastsfromthe853,collextives.mo
outcastsfromthe853,msjojokwong
outcastsfromthe853,essexpearl
outcastsfromthe853,seandrinkslunar
outcastsfromthe853,annaakana
outcastsfromthe853,ankizavala
outcastsfromthe853,xdinogx
outcastsfromthe853,sheldon_lo
outcastsfromthe853,hodyyim
outcastsfromthe853,theveryasianfoundation
outcastsfromthe853,yoleendadong
outcastsfromthe853,netflixgolden
outcastsfromthe853,saweetie
outcastsfromthe853,wongfuphil
outcastsfromthe853,kidsmentalhealthfoundation
outcastsfromthe853,victoriachanfrazier
outcastsfromthe853,maitreyiramakrishnan
outcastsfromthe853,goldhouseco
outcastsfromthe853,pearlrivermart
outcastsfromthe853,benyim33
outcastsfromthe853,bartkwan
outcastsfromthe853,itsjenniboop
outcastsfromthe853,hotelmimosany
outcastsfromthe853,canalstreetmarket
outcastsfromthe853,chinfongart
outcastsfromthe853,poppy__jay__
outcastsfromthe853,inkclothing
outcastsfromthe853,ck.heiyi
outcastsfromthe853,saraannk1
outcastsfromthe853,7hiery
outcastsfromthe853,dzingaigiulio
outcastsfromthe853,iamfelisiag
outcastsfromthe853,olliekendal
outcastsfromthe853,koreanenglishman
outcastsfromthe853,vaneatsout
outcastsfromthe853,ryanalexh
outcastsfromthe853,hwuwu
outcastsfromthe853,asianbossgirl
outcastsfromthe853,jimmyoyang
outcastsfromthe853,vvinonacx
outcastsfromthe853,juleslastforever
outcastsfromthe853,megannjacques
outcastsfromthe853,alexdwong
outcastsfromthe853,maxisnoodle
outcastsfromthe853,milckmusic
outcastsfromthe853,blink_and_ink
outcastsfromthe853,dimsimlim
outcastsfromthe853,sabinehuichinese
outcastsfromthe853,jiggie_boy
outcastsfromthe853,life.of.yes
outcastsfromthe853,angelahuii
outcastsfromthe853,conscious_cooking
outcastsfromthe853,wongrel
outcastsfromthe853,urbanhawker
outcastsfromthe853,nushickles
outcastsfromthe853,discoverwithjadebooks
outcastsfromthe853,mykristinalao
outcastsfromthe853,bigmikeleeder
outcastsfromthe853,lilmissfoodie
outcastsfromthe853,itsyoboyivannn
outcastsfromthe853,lindseyhongkong
outcastsfromthe853,jkjpot0.8
outcastsfromthe853,funnyvivek
outcastsfromthe853,elisabeth_sorrentino
outcastsfromthe853,asianmapleleaf
outcastsfromthe853,misshannahxo
outcastsfromthe853,cassandra.chiu
outcastsfromthe853,mimles
outcastsfromthe853,akbk_404
outcastsfromthe853,gobbleandsipuk
outcastsfromthe853,thumbelulu
outcastsfromthe853,lecpa_plus
outcastsfromthe853,stellasun111
outcastsfromthe853,dylan_lu_1
outcastsfromthe853,kungfugadgetsu
outcastsfromthe853,yumyumartist
outcastsfromthe853,aprilynnealter
outcastsfromthe853,andresthedesigner
outcastsfromthe853,smxne
outcastsfromthe853,shinkongo
outcastsfromthe853,vinvinyung.music
outcastsfromthe853,chem_scrapes
outcastsfromthe853,dopepickwan
outcastsfromthe853,andrewjfung
outcastsfromthe853,funo729
outcastsfromthe853,shrrycola
outcastsfromthe853,dejashu
outcastsfromthe853,19may1
outcastsfromthe853,ephemeralpic
outcastsfromthe853,macaonews
outcastsfromthe853,helena1014
outcastsfromthe853,madewithlau
outcastsfromthe853,eunoiia.mo
outcastsfromthe853,luuna.care
outcastsfromthe853,deejayatl
outcastsfromthe853,themacaubarbershop
outcastsfromthe853,dayday430
outcastsfromthe853,mistahislah
outcastsfromthe853,bayarea.foodies
outcastsfromthe853,wattphoto
outcastsfromthe853,joanamariya
outcastsfromthe853,cantodulin
outcastsfromthe853,thegabionsisters
outcastsfromthe853,hongkongmomslife
outcastsfromthe853,michael.p.chiu
outcastsfromthe853,thecreatorsattorney
outcastsfromthe853,3milialau
outcastsfromthe853,irene.chen.chen
outcastsfromthe853,lydia.sheridan
outcastsfromthe853,womenofhongkong
outcastsfromthe853,vinvinyung
outcastsfromthe853,simplygilded
outcastsfromthe853,sickofitallnyc
outcastsfromthe853,herson_si
outcastsfromthe853,hellojillybing
outcastsfromthe853,donaldtong
outcastsfromthe853,misdirectionsmagic
outcastsfromthe853,toritsui_
outcastsfromthe853,ana__gomes
outcastsfromthe853,youngposthk
outcastsfromthe853,princess.yummi
outcastsfromthe853,jonlamart
outcastsfromthe853,bloodbrosbbq
outcastsfromthe853,coreondu
outcastsfromthe853,michelleyutv
outcastsfromthe853,wongfupro
outcastsfromthe853,thewesleychan
outcastsfromthe853,kat_talks_thai
outcastsfromthe853,yasminsung
outcastsfromthe853,irisyangg
outcastsfromthe853,racerbia
outcastsfromthe853,lindsayluvzu
outcastsfromthe853,hello.asian.fusion
outcastsfromthe853,sandralemonon
outcastsfromthe853,drmarkcheng
outcastsfromthe853,bretmanrock
outcastsfromthe853,asianmunchies
outcastsfromthe853,miakang
outcastsfromthe853,mister_vi
outcastsfromthe853,christina_chia_
outcastsfromthe853,teacherbannai
outcastsfromthe853,tabithaywm
outcastsfromthe853,jameswnc
outcastsfromthe853,scmp_lifestyle
outcastsfromthe853,werkhaus_to
outcastsfromthe853,christophersin
outcastsfromthe853,thezolas
outcastsfromthe853,thecornershopnetwork
outcastsfromthe853,linarudman
outcastsfromthe853,cyy.sophia
outcastsfromthe853,beyonkz
outcastsfromthe853,sescomusic
outcastsfromthe853,lee.chan.x
outcastsfromthe853,denthew
outcastsfromthe853,ersousaskl
outcastsfromthe853,trevorlui
outcastsfromthe853,lvc_c0llection
outcastsfromthe853,palettepuzzles
outcastsfromthe853,baisuncandleco
outcastsfromthe853,irvingcheung
outcastsfromthe853,popmyth
outcastsfromthe853,edwinghui
outcastsfromthe853,naomibowiesmith
outcastsfromthe853,sunshiineriiiiwho
outcastsfromthe853,flowerieong56
outcastsfromthe853,guruhung
outcastsfromthe853,bunchofbananaspod
outcastsfromthe853,lohdown
outcastsfromthe853,official_huiyin
outcastsfromthe853,thebeat.mac
outcastsfromthe853,thebastospodcast
outcastsfromthe853,kebbeth
outcastsfromthe853,kaoruutada
outcastsfromthe853,willnyc
outcastsfromthe853,ivymere_the_yoobee
outcastsfromthe853,prettyinpalm
outcastsfromthe853,jtse1215
outcastsfromthe853,patrickng
outcastsfromthe853,evalja
outcastsfromthe853,neighbourhoodfm
outcastsfromthe853,mrscolam
outcastsfromthe853,_helloqueenie_
outcastsfromthe853,iwalkutake
outcastsfromthe853,hypefoodies
outcastsfromthe853,kirsty.liu
outcastsfromthe853,chinalay_
outcastsfromthe853,glasgow_gourmet
outcastsfromthe853,jesyka.official
outcastsfromthe853,thebeat.hkg
outcastsfromthe853,pennywisetraveler
outcastsfromthe853,itskitlee
outcastsfromthe853,phucmapvlog
outcastsfromthe853,levelasianpod
outcastsfromthe853,sarahhuangbenjamin
outcastsfromthe853,ridetowander
outcastsfromthe853,davidbfung
outcastsfromthe853,karyan0204
outcastsfromthe853,ronnychieng
outcastsfromthe853,henry_princemak
outcastsfromthe853,contourcube
outcastsfromthe853,jaredtaylorshum
outcastsfromthe853,daigasikfaan
outcastsfromthe853,_lotsofbutter
outcastsfromthe853,ofmillenial
outcastsfromthe853,jucejucejuce
outcastsfromthe853,barstoolsports
outcastsfromthe853,balasa_balasa
outcastsfromthe853,annietoni
outcastsfromthe853,jessicajliu
outcastsfromthe853,asianwomeninpodcasting
outcastsfromthe853,nomnompaleo
outcastsfromthe853,_dai_lo
outcastsfromthe853,nanzy.eva
outcastsfromthe853,jonathanjaylee
outcastsfromthe853,intentionally_kat
outcastsfromthe853,sheldonhoho
outcastsfromthe853,theboiisco
outcastsfromthe853,hongkonger_station
outcastsfromthe853,nelson_eats
outcastsfromthe853,zitawong_chinese
outcastsfromthe853,djoeyyap
outcastsfromthe853,senor_johnny
outcastsfromthe853,ikiwisicanada
outcastsfromthe853,katlieu
outcastsfromthe853,worstasianpod
outcastsfromthe853,subtleasian.baking
outcastsfromthe853,sparklecakerie
outcastsfromthe853,_themightymunchkin_
outcastsfromthe853,isabelwongtv
outcastsfromthe853,msveeproductions
outcastsfromthe853,guanne
outcastsfromthe853,jessicawkw
outcastsfromthe853,manyunmelanieyau
outcastsfromthe853,cheronna
outcastsfromthe853,missuzy
outcastsfromthe853,cindywongnolan
outcastsfromthe853,daddydumpling
outcastsfromthe853,asianlitforkids
outcastsfromthe853,rudy.visual
outcastsfromthe853,thepinoyclothingmacau
outcastsfromthe853,claudiachan.co
outcastsfromthe853,rosskurtle
outcastsfromthe853,paperandriceco
outcastsfromthe853,yehyan426
outcastsfromthe853,inspirlang
outcastsfromthe853,_tingtingng
outcastsfromthe853,olivia.thai
outcastsfromthe853,grillaxinbbq
outcastsfromthe853,kwantky
outcastsfromthe853,mottstreetgirls
outcastsfromthe853,myplasticheart
outcastsfromthe853,jambodragon
outcastsfromthe853,gummy_retriever
outcastsfromthe853,angelatongdesigns
outcastsfromthe853,brightsidedoodles
outcastsfromthe853,leerahcosplays
outcastsfromthe853,the_sf_food_analyst
outcastsfromthe853,andrew_guo_stay_happy
outcastsfromthe853,lachong88
outcastsfromthe853,yegventures
outcastsfromthe853,allanallanallan_
outcastsfromthe853,rikognition
outcastsfromthe853,melissastreet_
outcastsfromthe853,erinkostudios
outcastsfromthe853,mariesuazoauthor
outcastsfromthe853,tina.say.makes
outcastsfromthe853,francis_lam
outcastsfromthe853,jcchris
outcastsfromthe853,emocandy
outcastsfromthe853,jazheiman
outcastsfromthe853,teaphilelife
outcastsfromthe853,sfchinatown.today
outcastsfromthe853,daniellameans
outcastsfromthe853,venus.onthego
outcastsfromthe853,elleme
outcastsfromthe853,nelson_yong
outcastsfromthe853,djghostbear
outcastsfromthe853,samanthacorrie18
outcastsfromthe853,kinglirgo
outcastsfromthe853,852go
outcastsfromthe853,sonyaleeofficial
outcastsfromthe853,dimsumnyc
outcastsfromthe853,homecook206
outcastsfromthe853,daveygeeee
outcastsfromthe853,kevin_the_refugee
outcastsfromthe853,cherrycindyy
outcastsfromthe853,languagemagazine
outcastsfromthe853,ellensu.tv
outcastsfromthe853,des._.des
outcastsfromthe853,cantonesehub
outcastsfromthe853,savecantonese
outcastsfromthe853,poeticcantonese
outcastsfromthe853,icelee64
outcastsfromthe853,xt1n3fun9
outcastsfromthe853,papergangtheatre
outcastsfromthe853,claytreats
outcastsfromthe853,chop_stick_n_poke
outcastsfromthe853,vesta_ko
outcastsfromthe853,bayareashitpeople_
outcastsfromthe853,tckglobal
outcastsfromthe853,timchan_origami
outcastsfromthe853,hansumlum
outcastsfromthe853,vinccird
outcastsfromthe853,chaoshongkong
outcastsfromthe853,trishwoohoo
outcastsfromthe853,fumichun
outcastsfromthe853,bauzatau
outcastsfromthe853,bb_sway
outcastsfromthe853,cantoneseconnection
outcastsfromthe853,memes.hk
outcastsfromthe853,oriana_wong12
outcastsfromthe853,gobigboi
outcastsfromthe853,growingupbananas
outcastsfromthe853,hongkongggag
outcastsfromthe853,talktherapy.with.vera
outcastsfromthe853,lottie.shiba
outcastsfromthe853,pixofnix
outcastsfromthe853,unlockdancingplaza
outcastsfromthe853,jojoadventurebooks
outcastsfromthe853,tranliagraphy
outcastsfromthe853,abcmamareads
outcastsfromthe853,asktheduopodcast
outcastsfromthe853,twin.voices.chinese
outcastsfromthe853,nora.healthy_life
outcastsfromthe853,alleyable
outcastsfromthe853,mamabearcantonese
outcastsfromthe853,anishathai
outcastsfromthe853,cantomando
outcastsfromthe853,phoebeallan.gm
outcastsfromthe853,koan_handmade
outcastsfromthe853,itblikethattravel
outcastsfromthe853,sarahvee.asia
outcastsfromthe853,lecpamacau
outcastsfromthe853,caitlyn_luong
outcastsfromthe853,kenstanciljr
outcastsfromthe853,9gag
outcastsfromthe853,soufitel
outcastsfromthe853,debora.ldo
outcastsfromthe853,nycgirlsdineout
outcastsfromthe853,marswhatna.podcast
outcastsfromthe853,jlouofficial
outcastsfromthe853,insightouthk
outcastsfromthe853,imjoaoconz
outcastsfromthe853,infatuasianpodcast
outcastsfromthe853,vvisualx
outcastsfromthe853,jessiejerseyy
outcastsfromthe853,whatkindofasianpod
outcastsfromthe853,fungbros
outcastsfromthe853,thebaobaeshop
outcastsfromthe853,ninzo__
outcastsfromthe853,rudyszeto
outcastsfromthe853,dan_napa
outcastsfromthe853,lostintranslationclub
outcastsfromthe853,canto.britt
outcastsfromthe853,macaudreamcafe
outcastsfromthe853,wtfihpodcast
outcastsfromthe853,soanichka
outcastsfromthe853,belbrosasfaustino
outcastsfromthe853,88tumble
outcastsfromthe853,proudly.asian
outcastsfromthe853,sketchykarr
outcastsfromthe853,scfsaint
outcastsfromthe853,pioa218
outcastsfromthe853,giuliana_fellini
outcastsfromthe853,_stonersloth_
outcastsfromthe853,fabiosilva_853
outcastsfromthe853,daemonarko
outcastsfromthe853,femininepurpose
outcastsfromthe853,purpledreams.ubecakesmacau
outcastsfromthe853,sasaki_aze
outcastsfromthe853,joolscal
outcastsfromthe853,silver.kings
outcastsfromthe853,cheskaplease
outcastsfromthe853,leongkakei
outcastsfromthe853,nikkigabion
outcastsfromthe853,itsxyxy
outcastsfromthe853,idgafjulian
outcastsfromthe853,vividanielaa
outcastsfromthe853,oscar_hong
outcastsfromthe853,leisansan
outcastsfromthe853,ineszamaral
outcastsfromthe853,gloriaoliveira07
outcastsfromthe853,jayfromthe853
outcastsfromthe853,quepasailana
outcastsfromthe853,scottieeeboii
outcastsfromthe853,lukealx_
outcastsfromthe853,srpl.44
outcastsfromthe853,ohmypaulo
outcastsfromthe853,mriafatima
outcastsfromthe853,captainalsh
outcastsfromthe853,_iasminnnnj
outcastsfromthe853,dianaguerreiro
outcastsfromthe853,nottapplicabl3
outcastsfromthe853,kateeotd
outcastsfromthe853,itscholosahm
outcastsfromthe853,unmastered_fantasy
outcastsfromthe853,darthn1cz
outcastsfromthe853,rona.mhel
outcastsfromthe853,mariafigueira
outcastsfromthe853,dlchno.mp3
outcastsfromthe853,rupzrayem
outcastsfromthe853,siobhancarruthers
outcastsfromthe853,thenicolesousa
outcastsfromthe853,dcngalves
outcastsfromthe853,lykaland
outcastsfromthe853,daniellvelasco
outcastsfromthe853,meow_meooow_
outcastsfromthe853,djbrunoricci
outcastsfromthe853,joelfesalbon
outcastsfromthe853,whoisjrd
outcastsfromthe853,ourfoodietreats
outcastsfromthe853,tashamariewv
outcastsfromthe853,s0up.dumpling
outcastsfromthe853,sarakei4
outcastsfromthe853,kerrryxx
outcastsfromthe853,_kylecamacho
outcastsfromthe853,mytraveltreats
outcastsfromthe853,lifewithpaji
