secondhome.artisland,sietyenuerjanaeh
secondhome.artisland,jessssisreall
secondhome.artisland,kyrralam
secondhome.artisland,pondokhongkong
secondhome.artisland,bryhan_bryhan02
secondhome.artisland,gla_x_iness
secondhome.artisland,smalltunepress
secondhome.artisland,timocick
secondhome.artisland,hubchurchhk
secondhome.artisland,francis_catedral
secondhome.artisland,enrich_hk
secondhome.artisland,helpfordomesticworkershk
secondhome.artisland,chanmeitung
secondhome.artisland,goldmtn
secondhome.artisland,biggirls_dont_cry
secondhome.artisland,noskypower
secondhome.artisland,endlesslilin
secondhome.artisland,sucirezmi
secondhome.artisland,lo4nerve4
secondhome.artisland,light.logistics
secondhome.artisland,belleberrry
secondhome.artisland,werky_hkoutdoors
secondhome.artisland,lecliza5555
secondhome.artisland,vir_go2987
secondhome.artisland,jhazmine777
secondhome.artisland,vhi_dwita
secondhome.artisland,diyana_inside.out
secondhome.artisland,nimfasoria
secondhome.artisland,chechemaecuentes
secondhome.artisland,cheche_03_
secondhome.artisland,palacpacmicaela06
secondhome.artisland,mrs.hazelyagin
secondhome.artisland,mftmbls.rn
secondhome.artisland,ronalynsolarte
secondhome.artisland,murillo2018
secondhome.artisland,kimber862
secondhome.artisland,pink_joy35
secondhome.artisland,trihapsari61
secondhome.artisland,maryenahj.meneses
secondhome.artisland,aisyah15296
secondhome.artisland,niru_nembang
secondhome.artisland,danilocollado123456
secondhome.artisland,daodawn5
secondhome.artisland,danica_faith23
secondhome.artisland,inabe_weavers
secondhome.artisland,florenceocden
secondhome.artisland,shanelaltoog
secondhome.artisland,concepcion_akistal_abnasan
secondhome.artisland,jazzlynnebautista
secondhome.artisland,donnalynemasillem
secondhome.artisland,ravengarizon
secondhome.artisland,florbcasio
secondhome.artisland,juliedalilis
secondhome.artisland,abundominguez
secondhome.artisland,matotpasngadan
secondhome.artisland,laurencebigasan
secondhome.artisland,pongas_baang
secondhome.artisland,ginalynmacasieb
secondhome.artisland,ferreraskanongkong
secondhome.artisland,nicatabaoican
secondhome.artisland,tarakisway
secondhome.artisland,manuelfagsao
secondhome.artisland,phemiamartin
secondhome.artisland,josephines.tangey
secondhome.artisland,shy.rj
secondhome.artisland,viahoctz
secondhome.artisland,smariadiane
secondhome.artisland,kaydodsulangkeeg
secondhome.artisland,shanelhi
secondhome.artisland,banakenmichelle
secondhome.artisland,bambipalangyos
secondhome.artisland,balisme1982
secondhome.artisland,myahcawait
secondhome.artisland,krysbatong
secondhome.artisland,wangbushop
secondhome.artisland,kizzyc65
secondhome.artisland,guimon96
secondhome.artisland,annbalisme
secondhome.artisland,glennsagsagap
secondhome.artisland,norvyabellanes
secondhome.artisland,sarahpalangyos
secondhome.artisland,good7330
secondhome.artisland,gucejennelynllanes
secondhome.artisland,janicerayossa
secondhome.artisland,rheemmoscoso
secondhome.artisland,shielamaenorel
secondhome.artisland,mang_alis19
secondhome.artisland,ghiervin1
secondhome.artisland,mamerto_suarez_millendez_jr
secondhome.artisland,gedaliahrufon
secondhome.artisland,marychris3750
secondhome.artisland,simplyneth015
secondhome.artisland,yanghy207
secondhome.artisland,lymie2126
secondhome.artisland,cttcforeveryoung7894
secondhome.artisland,loren_sagitarrius23
secondhome.artisland,evelynbiyo
secondhome.artisland,mye_yah0102
secondhome.artisland,melecio.teresa
secondhome.artisland,jhana_officialph
secondhome.artisland,flortuquero
secondhome.artisland,cruzmajennifer
secondhome.artisland,emarijacer
secondhome.artisland,krist_yle
secondhome.artisland,pedro4334henrique
secondhome.artisland,naddddy_10
secondhome.artisland,c_ucumber3
secondhome.artisland,jhokath
secondhome.artisland,marites.soria
secondhome.artisland,dadahhh3
secondhome.artisland,sheyl1aaa
secondhome.artisland,qtqttintin
secondhome.artisland,vezhenskov9
secondhome.artisland,meisuyendra
secondhome.artisland,bi.bi1708
secondhome.artisland,barredo_ezel
secondhome.artisland,tazeem_butt
secondhome.artisland,ariyah_rics
secondhome.artisland,iin_ya_indri
secondhome.artisland,nana_mamoru90
secondhome.artisland,anjocalosa
secondhome.artisland,gvns_mria
secondhome.artisland,ft__vxrzz
secondhome.artisland,diyan_nil
secondhome.artisland,__nicolejoy
secondhome.artisland,raffyignacio4
secondhome.artisland,learnedabbay
secondhome.artisland,kimangel670
secondhome.artisland,reyn_avril
secondhome.artisland,shanieees
secondhome.artisland,venvenlegaspi
secondhome.artisland,thatguylarence
secondhome.artisland,enicarnita_guardia_fx
secondhome.artisland,urbandecahomes705
secondhome.artisland,jefflyncatz
secondhome.artisland,mhmd27jn
secondhome.artisland,mrs.rhealcohol
secondhome.artisland,vangie_rimaso
secondhome.artisland,cristinemaecanlas
secondhome.artisland,ratijahratijah766
secondhome.artisland,labis_mong_sinaktan
secondhome.artisland,bbbvvv_90
secondhome.artisland,rifaqatalbadry
secondhome.artisland,ngsjewellery
secondhome.artisland,thy.dhe
secondhome.artisland,sachiko_kawaii
secondhome.artisland,jhazs_mine
secondhome.artisland,chit_libed_
secondhome.artisland,marinavelasco22
secondhome.artisland,allynalatan
secondhome.artisland,bellahlifestyle
secondhome.artisland,rlplabatan
secondhome.artisland,sitihamid20
secondhome.artisland,zhellbueno
secondhome.artisland,veenadansinghani
secondhome.artisland,claudemir_claromadio
secondhome.artisland,wandering.emz
secondhome.artisland,janrhealapuz
secondhome.artisland,chingbarcee
secondhome.artisland,ai20gallery
secondhome.artisland,kriweltulungagung
secondhome.artisland,samara.7245
secondhome.artisland,ganalangie
secondhome.artisland,chinyhin
secondhome.artisland,jhovilhyn
secondhome.artisland,jenniferjoyserrano
secondhome.artisland,inday_ahente
secondhome.artisland,mgracesanggalang
secondhome.artisland,j_o_y_t_a_g_87
secondhome.artisland,madeeha_awais_
secondhome.artisland,rosedimplesmee
secondhome.artisland,sexylady_inred
secondhome.artisland,estimulyati962
secondhome.artisland,mariatheresatablada
secondhome.artisland,rahmsanny
secondhome.artisland,maryglocelo
secondhome.artisland,kikhi_96
secondhome.artisland,jordanlhey
secondhome.artisland,cristinamame
secondhome.artisland,lanieabiera
secondhome.artisland,galaraglaiza
secondhome.artisland,angeltazzy11
secondhome.artisland,chariz_0521
secondhome.artisland,nadal.maryjane.7
secondhome.artisland,iamdantehlim
secondhome.artisland,bhenggaviola
secondhome.artisland,sunshinej88
secondhome.artisland,crissy.chan14
secondhome.artisland,namakusitii_khotimah
secondhome.artisland,xanam_xaudhary
secondhome.artisland,travel_with_lenjhie
secondhome.artisland,mhila74
secondhome.artisland,hotpot___t
secondhome.artisland,jhobacalso
secondhome.artisland,mr_p3rfec8
secondhome.artisland,visuals_by_roe
secondhome.artisland,hamzaor68
secondhome.artisland,kp_hikers
secondhome.artisland,tigerstwinatcer
secondhome.artisland,ssidmalik25
secondhome.artisland,agistalia01
secondhome.artisland,choisyme14
secondhome.artisland,ruffavlogpitik
secondhome.artisland,geraldobernadette888
secondhome.artisland,jijialipio
secondhome.artisland,melissa.lara_____
secondhome.artisland,casipeshamae
secondhome.artisland,marilyncarbonell
secondhome.artisland,lorienmayormente
secondhome.artisland,lizannkurt_14
secondhome.artisland,bastywell
secondhome.artisland,itsme_clairiemay
secondhome.artisland,lirs2021official
secondhome.artisland,bugosyolanda
secondhome.artisland,gabatumamao
secondhome.artisland,my_adi_12_2022
secondhome.artisland,animyllas
secondhome.artisland,noriedanuco34
secondhome.artisland,jane_hilwah20
secondhome.artisland,evelyn_condes
secondhome.artisland,esyl_0211
secondhome.artisland,chie_sorita
secondhome.artisland,arlenesanchez516
secondhome.artisland,joan_salmin24
secondhome.artisland,je_an_narvs
secondhome.artisland,merlinboniol
secondhome.artisland,tessh_azuelo
secondhome.artisland,maeannbuizanaval
secondhome.artisland,aznarfgel
secondhome.artisland,itsmhers0123
secondhome.artisland,margie.romano.127
secondhome.artisland,jabajab.gina
secondhome.artisland,nu.kl.hk
secondhome.artisland,reymzdiaz
secondhome.artisland,shr.nn.dq
secondhome.artisland,khayssuello
secondhome.artisland,unoasintado_09
secondhome.artisland,jimmirosecc
secondhome.artisland,itsme_zlie_say
secondhome.artisland,tenderhearthc
secondhome.artisland,phenphenibara
secondhome.artisland,madonna.sibayan
secondhome.artisland,gieanbrocho
secondhome.artisland,sweetzyheartdaniel
secondhome.artisland,ehdz_alvarez05
secondhome.artisland,dithze_89
secondhome.artisland,mharmostria
secondhome.artisland,jijie2207
secondhome.artisland,ghie.flrsnchz
secondhome.artisland,_90jessica1222_
secondhome.artisland,its_me_ludy_0201
secondhome.artisland,longhair_angel3
secondhome.artisland,shanchai19
secondhome.artisland,ms.thathaiah
secondhome.artisland,bevsludovice
secondhome.artisland,babylynabagat
secondhome.artisland,pinoytayosanman
secondhome.artisland,alisontamswimming
secondhome.artisland,chi_chay
secondhome.artisland,topmartclub
secondhome.artisland,ewewwind
secondhome.artisland,yingy1_
secondhome.artisland,corruptshroom
secondhome.artisland,mayip8
secondhome.artisland,iamdettep
secondhome.artisland,misssteph_eatdrinkplay
secondhome.artisland,lovebheethis
secondhome.artisland,iam_jc0283
secondhome.artisland,aishi2617
secondhome.artisland,jane201419
secondhome.artisland,annanntubon
secondhome.artisland,lilibethderomol
secondhome.artisland,gemma_lambinicio29
secondhome.artisland,einalem0112
secondhome.artisland,rowena.pascual.5872
secondhome.artisland,imee_bucayan_escobar
secondhome.artisland,acunabonnabelle
secondhome.artisland,chaichaic.elacion
secondhome.artisland,empoweruhk
secondhome.artisland,vilma196741
secondhome.artisland,ananancero
secondhome.artisland,bhecca.cadano
secondhome.artisland,princessjheanzen98
secondhome.artisland,shanegenixc
secondhome.artisland,fretziecelocia
secondhome.artisland,momshiebecbec
secondhome.artisland,sheya0327official
secondhome.artisland,inamevangelista
secondhome.artisland,scorpio2531
secondhome.artisland,christinemhabagat
secondhome.artisland,bagoyenleah
secondhome.artisland,chechumasolidarios
secondhome.artisland,vyangtapalestejero
secondhome.artisland,joannadelos.r
secondhome.artisland,mazo_maribel
secondhome.artisland,pnoyofwdriverhk
secondhome.artisland,emz7254
secondhome.artisland,saculogina
secondhome.artisland,jiekimxann
secondhome.artisland,hermanjennyrose
secondhome.artisland,michlal84
secondhome.artisland,msmirian.garfordhk
secondhome.artisland,hlp_hkdmw
secondhome.artisland,arlene.r.evangelio
secondhome.artisland,eiman______35
secondhome.artisland,mariviclucino
secondhome.artisland,bethtaton
secondhome.artisland,enasarcelie
secondhome.artisland,donguinesbethskie
secondhome.artisland,echinsarah
secondhome.artisland,allencabael
secondhome.artisland,nelliandallo
secondhome.artisland,comodarubysibag2019
secondhome.artisland,jeancastanarez
secondhome.artisland,rosamaryarcalas
secondhome.artisland,milezomil
secondhome.artisland,zhanarahserra
secondhome.artisland,dimpleemhags
secondhome.artisland,laceinvited75
secondhome.artisland,jacpenoza
secondhome.artisland,85strawberry
secondhome.artisland,ateja2106
secondhome.artisland,sherililin
secondhome.artisland,edminpaca
secondhome.artisland,sherryibarra
secondhome.artisland,genecaldito
secondhome.artisland,22bhee_
secondhome.artisland,janicebadilles
secondhome.artisland,sansutemonbel
secondhome.artisland,jhengld
secondhome.artisland,nylebor.somar
secondhome.artisland,arimlopez
secondhome.artisland,meriamcael
secondhome.artisland,itsallabout_anne11
secondhome.artisland,mitzmit
secondhome.artisland,annabella_coscos
secondhome.artisland,iammia_515
secondhome.artisland,dheutzkie09
secondhome.artisland,sanzi724
secondhome.artisland,ilyn76
secondhome.artisland,iggangan
secondhome.artisland,zosie27.roa
secondhome.artisland,fuzzy_cath
secondhome.artisland,abordoshe
secondhome.artisland,piapia8289
secondhome.artisland,marishel.bernardo
secondhome.artisland,florenda.pelarca
secondhome.artisland,zorillaerly
secondhome.artisland,mhaycoachdimple
secondhome.artisland,anneg.1010
secondhome.artisland,celle.viernes1
secondhome.artisland,ginalyndialogo
secondhome.artisland,orientemendoneslibra
secondhome.artisland,lahlah.97
secondhome.artisland,mariajuana_16
secondhome.artisland,meljeanb.damandaman
secondhome.artisland,julia_li_shop
secondhome.artisland,khim_sab
secondhome.artisland,sikcret_edlyn1116
secondhome.artisland,iam_eveerythin
secondhome.artisland,cecillebangoyna
secondhome.artisland,lovelynoona08
secondhome.artisland,rheamasangkay
secondhome.artisland,rizamendoza32
secondhome.artisland,delalily
secondhome.artisland,elmserallah
secondhome.artisland,cristine.francisco.98229
secondhome.artisland,zgen_2477
secondhome.artisland,rizamontes
secondhome.artisland,charmainej30
secondhome.artisland,rych_el17
secondhome.artisland,remiearaquil
secondhome.artisland,royo_rosalie
secondhome.artisland,jhing0115
secondhome.artisland,jackie_nocamis
secondhome.artisland,precious_wheng1587
secondhome.artisland,ellechelles84
secondhome.artisland,gamay268
secondhome.artisland,atsdapitan
secondhome.artisland,gloryvielopezjsl
secondhome.artisland,bekbek_30
secondhome.artisland,ayush_namisa
secondhome.artisland,gemmagacmatan
secondhome.artisland,cjhoyhermogenes
secondhome.artisland,sshyne06
secondhome.artisland,princessjenaquino
secondhome.artisland,analizalisa
secondhome.artisland,bhing_anne
secondhome.artisland,jazmehue
secondhome.artisland,ninfa120281
secondhome.artisland,fenollea
secondhome.artisland,mariadonnadaza
secondhome.artisland,cherrypie143888
secondhome.artisland,luisa.ebrado
secondhome.artisland,simboriochristy
secondhome.artisland,zeny4185
secondhome.artisland,lyn_381983
secondhome.artisland,shannetot_ko
secondhome.artisland,fhayeapril0280
secondhome.artisland,chiebarad23
secondhome.artisland,aquniui
secondhome.artisland,nasunipladuc
secondhome.artisland,rose_isabelle1221
secondhome.artisland,fern12neneng
secondhome.artisland,renelyncostales
secondhome.artisland,magentaagum
secondhome.artisland,sherlynejusa
secondhome.artisland,yollymea
secondhome.artisland,ellavsmay
secondhome.artisland,andes.melody
secondhome.artisland,fediodos
secondhome.artisland,nida_ladia
secondhome.artisland,marian_081978
secondhome.artisland,rmpasamanteyahoocom
secondhome.artisland,carr35mhar
secondhome.artisland,opinionsmj
secondhome.artisland,divinadelr
secondhome.artisland,aziachantal_queen
secondhome.artisland,almiedeo
secondhome.artisland,laltooggemma
secondhome.artisland,ellennelora
secondhome.artisland,julietvisaya
secondhome.artisland,ampiaomel
secondhome.artisland,thewomenslounge.hk
secondhome.artisland,sarahvee.asia
secondhome.artisland,fullphils
secondhome.artisland,siaknitekang19
secondhome.artisland,rizawant_u
secondhome.artisland,akocjenjen
secondhome.artisland,amolabola
secondhome.artisland,sharonsiason88
secondhome.artisland,alynna_2.0_
secondhome.artisland,carjatwael
secondhome.artisland,charenradam08
secondhome.artisland,etbvlog
secondhome.artisland,nicesalarda
secondhome.artisland,merzdaclan1
secondhome.artisland,peachjoy84
secondhome.artisland,sakura0273
secondhome.artisland,terriyakiejo
secondhome.artisland,chinitangkunyang
secondhome.artisland,mhelay_mcp
secondhome.artisland,anne32angel
secondhome.artisland,akosidapala
secondhome.artisland,oktosyete
secondhome.artisland,churchofgodinhk
secondhome.artisland,ed_waine
secondhome.artisland,benisonestareja
secondhome.artisland,djcroft
secondhome.artisland,abcd_pagkaing_pinoy
secondhome.artisland,thy_lab_
secondhome.artisland,jberzo111
secondhome.artisland,yhansky1990
secondhome.artisland,misnemz
secondhome.artisland,migrantwritersofhongkong
secondhome.artisland,hereweplaythrough
secondhome.artisland,samchan.hkiua
secondhome.artisland,terra.attic
secondhome.artisland,inside_out_here_and_there
secondhome.artisland,soilwaterlo
secondhome.artisland,kowlooncityrecord
secondhome.artisland,tiff_chun_
secondhome.artisland,waves.after.wind
secondhome.artisland,lukechinghk
secondhome.artisland,c.95d8
secondhome.artisland,__invisiblecities__
secondhome.artisland,akinkk.sound
secondhome.artisland,ak._kan_._
secondhome.artisland,sharaaawt
secondhome.artisland,collectkidscreation
secondhome.artisland,terrynarcissan
secondhome.artisland,zaat_hap_laa
secondhome.artisland,killme_if_ucan
secondhome.artisland,douchaiarts
secondhome.artisland,the_hill_workshop
secondhome.artisland,____throughbodies
secondhome.artisland,lluvv.ellers
secondhome.artisland,missionformigrants_hk
secondhome.artisland,jccac_artsvillage
secondhome.artisland,gloriachaung
secondhome.artisland,kaito_salon
secondhome.artisland,pangjai.art.reconnect
secondhome.artisland,diaspora_explorer
secondhome.artisland,takleelamkee
secondhome.artisland,852_to_say
secondhome.artisland,kongtemp_archive
secondhome.artisland,soften.n.soar
secondhome.artisland,gabriela_hongkong
secondhome.artisland,brave.new.hk
secondhome.artisland,haaijifaatbaan
secondhome.artisland,fishwing_uu
secondhome.artisland,crip.art.residency.hk
secondhome.artisland,_cindyneh_
secondhome.artisland,renxa07
secondhome.artisland,lei_kawaii15
secondhome.artisland,art_is_pen_
secondhome.artisland,art_is_land
secondhome.artisland,comeonjames1
