timeouthk,littlenapoli.hk
timeouthk,rextso
timeouthk,siobhanhaughey01
timeouthk,journeythroughtimehk
timeouthk,doraemon100_tour
timeouthk,ocbc_hk
timeouthk,waterbomb_hongkong_official
timeouthk,timeoutaustralia
timeouthk,yalocaloffgod
timeouthk,chiggagram
timeouthk,lavina.hk
timeouthk,catharina.cheung
timeouthk,supwayhk
timeouthk,dji_hkmacau
timeouthk,thepeninsulaboutique
timeouthk,doubleducks_official
timeouthk,andrechiang_sg
timeouthk,lea.cantalloube.hk
timeouthk,lighterluxe
timeouthk,dunfallandy.house
timeouthk,lovelanguage_cakery
timeouthk,timeout_asia
timeouthk,mo_landmarkhk
timeouthk,eatwithada
timeouthk,soulfresh_hk
timeouthk,cherrychanster
timeouthk,lemonadebyke
timeouthk,ascend.projects
timeouthk,gingko2005
timeouthk,silverlai18
timeouthk,charmaintsoi
timeouthk,streamsgallery
timeouthk,tindlefoods
timeouthk,findingdaisyhk
timeouthk,zlism
timeouthk,test_tohk
timeouthk,hktramways
timeouthk,oldhkincolour
timeouthk,brew_n_crew
timeouthk,tuna.kahuna
timeouthk,beyondvisualshk
timeouthk,moyo.basehall
timeouthk,hktimessquare
timeouthk,romnic83
timeouthk,keith_3ai
timeouthk,emad_mn
timeouthk,miles.graphy
timeouthk,townplacehk
timeouthk,jarvisl.photography
timeouthk,miumanwing
timeouthk,timeoutsg
timeouthk,timeoutbangkok
timeouthk,imbolaw
timeouthk,thehongkongneonheritage
timeouthk,clai_eats
timeouthk,timeouttokyo_jp
timeouthk,des.lo
timeouthk,sirjoancornella
timeouthk,timeoutisrael
timeouthk,hoting.chu
timeouthk,effycha
timeouthk,kenken.lch
timeouthk,jynt
timeouthk,zirosou
timeouthk,iamernestchang
timeouthk,hongkongartscollective
timeouthk,arr.allrightsreserved
timeouthk,meet_project
timeouthk,sound.dept.hk
timeouthk,thorslens
timeouthk,grarec
timeouthk,hkprideparade
timeouthk,lautak_
timeouthk,linjoweikitt
timeouthk,thommitz
timeouthk,kelvinboyy
timeouthk,liiithy
timeouthk,jsrpixel
timeouthk,mikemikecat
timeouthk,yk
timeouthk,timmy727
timeouthk,hanliang
timeouthk,clubthird
timeouthk,jen.lcl
timeouthk,palmtrees_and_dreams
timeouthk,collectivemindsasia
timeouthk,woawstore
timeouthk,woawgallery
timeouthk,holyeatshk
timeouthk,gluestickent
timeouthk,_harmonyhk
timeouthk,carlos.assuncao
timeouthk,wildhongkong
timeouthk,bambooscenes
timeouthk,wynn.macau
timeouthk,mattchevng
timeouthk,cathaypacific
timeouthk,brickhousehk
timeouthk,midway.voyage
timeouthk,whongkong
timeouthk,thepottingerhongkong
timeouthk,foxglove.hk
timeouthk,frankslibrary
timeouthk,hqueenshk
timeouthk,littlethunder
timeouthk,lielaine
timeouthk,mrnicholaschan
timeouthk,bityee
timeouthk,aprilwae
timeouthk,nukeproofsuit
timeouthk,petestew
timeouthk,rambler15
timeouthk,harimaolee
timeouthk,xcanadian
timeouthk,surrealhk
timeouthk,hkurbex
timeouthk,chrisnumber8
timeouthk,coverjunkie
timeouthk,c.sq2
timeouthk,yeungshingfuk
timeouthk,sam_1102
timeouthk,itsbernie81
timeouthk,vdubl
timeouthk,_beeyu
timeouthk,lucabigtrip
timeouthk,alexplim
timeouthk,marktjhung
timeouthk,hkwalls
timeouthk,mo_hkg
timeouthk,mattflembo123
timeouthk,mrtimothywebb
timeouthk,timeouttokyo_
timeouthk,stanley.cky
timeouthk,djanguswong
timeouthk,mewyock
timeouthk,timeoutart
timeouthk,ellermannflowers
timeouthk,dgquarterly
timeouthk,timeoutmoscow
timeouthk,timeoutbcn
timeouthk,timeoutsydney
timeouthk,timeoutla
timeouthk,timeoutchicago
timeouthk,timeoutistanbul
timeouthk,timeoutlisboa
timeouthk,timeoutmelbourne
timeouthk,timeoutcyprus
timeouthk,timeoutseoul
timeouthk,timeoutmexico
timeouthk,newyouthbarbershop
timeouthk,k11artfoundation
timeouthk,gdjyb
timeouthk,caratoes
timeouthk,homiecookies
timeouthk,pmqhkdesign
timeouthk,maximalconcepts
timeouthk,asiasocietyhk
timeouthk,timeout_telaviv
timeouthk,timeoutbeijing
timeouthk,timeoutnewyork
timeouthk,timeoutlondon
timeouthk,thatfoodcray
timeouthk,parentsparents
timeouthk,calvinsit
timeouthk,timeoutshanghai
timeouthk,timeoutkl
timeouthk,kailaimada
