Account Name,Timestamp,Comments
littlenapoli.hk,2025-02-08 17:11:50,24 urls collected
rextso,2025-02-08 17:11:50,24 urls collected
siobhanhaughey01,2025-02-08 17:11:50,24 urls collected
doraemon100_tour,2025-02-08 17:12:10,24 urls collected
ocbc_hk,2025-02-08 17:12:10,24 urls collected
waterbomb_hongkong_official,2025-02-08 17:12:10,24 urls collected
timeoutaustralia,2025-02-08 17:12:10,24 urls collected
yalocaloffgod,2025-02-08 17:12:10,24 urls collected
journeythroughtimehk,2025-02-08 17:16:58,Account is Private
chiggagram,2025-02-08 17:17:01,Account is Private
doubleducks_official,2025-02-08 17:22:01,24 urls collected
andrechiang_sg,2025-02-08 17:22:08,24 urls collected
lea.cantalloube.hk,2025-02-08 17:22:15,24 urls collected
lighterluxe,2025-02-08 17:22:24,24 urls collected
timeout_asia,2025-02-08 17:23:28,24 urls collected
mo_landmarkhk,2025-02-08 17:23:39,24 urls collected
lavina.hk,2025-02-08 17:34:51,12 urls collected
catharina.cheung,2025-02-08 17:35:13,12 urls collected
supwayhk,2025-02-08 17:35:35,24 urls collected
dji_hkmacau,2025-02-08 17:35:44,24 urls collected
thepeninsulaboutique,2025-02-08 17:35:52,24 urls collected
dunfallandy.house,2025-02-08 17:36:01,24 urls collected
lovelanguage_cakery,2025-02-08 17:36:09,24 urls collected
eatwithada,2025-02-08 17:36:32,8 urls collected
soulfresh_hk,2025-02-08 17:36:43,24 urls collected
cherrychanster,2025-02-08 17:37:10,12 urls collected
lemonadebyke,2025-02-08 17:37:24,24 urls collected
ascend.projects,2025-02-08 17:37:36,24 urls collected
gingko2005,2025-02-08 17:38:04,12 urls collected
silverlai18,2025-02-08 17:38:09,Account is Private
charmaintsoi,2025-02-08 17:38:48,17 urls collected
streamsgallery,2025-02-08 17:39:00,24 urls collected
tindlefoods,2025-02-08 18:02:32,24 urls collected
findingdaisyhk,2025-02-08 18:02:44,24 urls collected
zlism,2025-02-08 18:02:57,24 urls collected
